2026-05-05 11:43:52,717 [ERROR] ConfigurationRetriever:142 - IOException on connection: sw-center.st.com
2026-05-05 11:43:52,762 [ERROR] ConfigurationRetriever:142 - IOException on connection: sw-center.st.com
2026-05-05 11:43:52,762 [ERROR] ConfigurationRetriever:142 - IOException on connection: sw-center.st.com
2026-05-05 11:43:54,937 [INFO] NvicIntPanel:101 - NVIC parent = com.st.microxplorer.plugins.ip.nvic.MultiNvicIntPanel[,0,0,0x0,invalid,layout=javax.swing.BoxLayout,alignmentX=0.0,alignmentY=0.0,border=,flags=9,maximumSize=,minimumSize=,preferredSize=]
2026-05-05 11:48:31,474 [INFO] WebApp:194 - Connection lost
2026-05-05 11:48:56,702 [INFO] WebApp:191 - Connection restablished
2026-05-05 11:49:03,612 [INFO] WebApp:194 - Connection lost
2026-05-05 11:49:14,539 [INFO] WebApp:191 - Connection restablished
2026-05-05 11:56:43,470 [WARN] Mcu:7025 - HRTIM1 Clean up: some unused parameters were removed
2026-05-05 11:56:43,487 [INFO] UtilMem:75 - End SaveConfig() Used Memory: 979017328 Bytes (1073741824)
2026-05-05 11:56:46,007 [WARN] Mcu:7025 - HRTIM1 Clean up: some unused parameters were removed
2026-05-05 11:56:46,014 [INFO] UtilMem:75 - End SaveConfig() Used Memory: 848528536 Bytes (1073741824)
2026-05-05 11:56:51,938 [WARN] Mcu:7025 - HRTIM1 Clean up: some unused parameters were removed
2026-05-05 11:56:51,951 [INFO] UtilMem:75 - End SaveConfig() Used Memory: 847536600 Bytes (1073741824)
2026-05-05 11:56:52,518 [INFO] BlockDiagram:2775 - set Specific Code input for plugin: SYS
2026-05-05 11:56:52,519 [INFO] BlockDiagram:2775 - set Specific Code input for plugin: RCC
2026-05-05 11:56:52,519 [INFO] BlockDiagram:2775 - set Specific Code input for plugin: HRTIM
2026-05-05 11:56:52,519 [INFO] BlockDiagram:2775 - set Specific Code input for plugin: NVIC
2026-05-05 11:56:52,520 [INFO] BlockDiagram:2775 - set Specific Code input for plugin: GPIO
2026-05-05 11:56:52,523 [INFO] CodeGenerator:892 - code generatio: config db path: C:\ST\STM32CubeIDE_1.19.0\STM32CubeIDE\plugins\com.st.stm32cube.common.mx_6.15.0.202507011659\\db\
2026-05-05 11:56:52,892 [INFO] CodeEngine:265 - oldGeneratedFile, C:\Users\Александра\Documents\hrtim_test_pwm_1_signal\test_hrtim1\MXTmpFiles\license.tmp_save
2026-05-05 11:56:53,254 [INFO] CodeEngine:289 - Generated code: C:\Users\Александра\Documents\hrtim_test_pwm_1_signal\test_hrtim1\MXTmpFiles\license.tmp
2026-05-05 11:56:53,332 [INFO] CodeEngine:265 - oldGeneratedFile, C:\Users\Александра\Documents\hrtim_test_pwm_1_signal\test_hrtim1\MXTmpFiles\gpio.tmp_save
2026-05-05 11:56:53,479 [INFO] CodeEngine:289 - Generated code: C:\Users\Александра\Documents\hrtim_test_pwm_1_signal\test_hrtim1\MXTmpFiles\gpio.tmp
2026-05-05 11:56:54,146 [INFO] CodeEngine:265 - oldGeneratedFile, C:\Users\Александра\Documents\hrtim_test_pwm_1_signal\test_hrtim1\Core\Src\stm32g4xx_it.c_save
2026-05-05 11:56:54,457 [INFO] CodeEngine:289 - Generated code: C:\Users\Александра\Documents\hrtim_test_pwm_1_signal\test_hrtim1\Core\Src\stm32g4xx_it.c
2026-05-05 11:56:54,467 [INFO] CodeEngine:265 - oldGeneratedFile, C:\Users\Александра\Documents\hrtim_test_pwm_1_signal\test_hrtim1\Core\Inc\stm32g4xx_it.h_save
2026-05-05 11:56:54,555 [INFO] CodeEngine:289 - Generated code: C:\Users\Александра\Documents\hrtim_test_pwm_1_signal\test_hrtim1\Core\Inc\stm32g4xx_it.h
2026-05-05 11:56:54,582 [INFO] CodeEngine:265 - oldGeneratedFile, C:\Users\Александра\Documents\hrtim_test_pwm_1_signal\test_hrtim1\Core\Src\stm32g4xx_hal_msp.c_save
2026-05-05 11:56:54,765 [INFO] CodeEngine:289 - Generated code: C:\Users\Александра\Documents\hrtim_test_pwm_1_signal\test_hrtim1\Core\Src\stm32g4xx_hal_msp.c
2026-05-05 11:56:54,776 [INFO] CodeEngine:265 - oldGeneratedFile, C:\Users\Александра\Documents\hrtim_test_pwm_1_signal\test_hrtim1\MXTmpFiles\system.tmp_save
2026-05-05 11:56:54,867 [INFO] CodeEngine:289 - Generated code: C:\Users\Александра\Documents\hrtim_test_pwm_1_signal\test_hrtim1\MXTmpFiles\system.tmp
2026-05-05 11:56:54,885 [INFO] CodeEngine:321 - oldGeneratedFile, C:\Users\Александра\Documents\hrtim_test_pwm_1_signal\test_hrtim1\Core\Inc\stm32g4xx_hal_conf.h_save
2026-05-05 11:56:54,985 [INFO] CodeEngine:345 - Generated code: C:\Users\Александра\Documents\hrtim_test_pwm_1_signal\test_hrtim1\Core\Inc\stm32g4xx_hal_conf.h
2026-05-05 11:56:55,006 [WARN] IPConfigManager:3238 - Warning: the RefConfig RCC_CommonPeriphClockConfig is not available in your config.xml file
2026-05-05 11:56:55,024 [INFO] CodeEngine:265 - oldGeneratedFile, C:\Users\Александра\Documents\hrtim_test_pwm_1_signal\test_hrtim1\Core\Inc\main.h_save
2026-05-05 11:56:55,149 [INFO] CodeEngine:289 - Generated code: C:\Users\Александра\Documents\hrtim_test_pwm_1_signal\test_hrtim1\Core\Inc\main.h
2026-05-05 11:56:55,159 [INFO] CodeEngine:265 - oldGeneratedFile, C:\Users\Александра\Documents\hrtim_test_pwm_1_signal\test_hrtim1\Core\Src\main.c_save
2026-05-05 11:56:55,308 [INFO] CodeEngine:289 - Generated code: C:\Users\Александра\Documents\hrtim_test_pwm_1_signal\test_hrtim1\Core\Src\main.c
2026-05-05 11:56:55,898 [INFO] ProjectBuilder:3606 - Time for Copy HAL[1] : 267mS.
2026-05-05 11:56:55,903 [INFO] ProjectBuilder:5216 - Project Generator version: 4.7.0-B52
2026-05-05 11:56:56,065 [INFO] ConfigFileManager:1595 - The Die is : DIE469
2026-05-05 11:56:57,885 [INFO] ProjectBuilder:5496 - Time for Generating toolchain IDE Files: 1982mS.
2026-05-05 11:56:57,887 [INFO] ProjectBuilder:3463 - Time for Copy CMSIS : 1mS.
2026-05-05 11:56:57,897 [INFO] ProjectBuilder:3463 - Time for Copy CMSIS : 0mS.
2026-05-05 12:10:17,924 [INFO] NvicIntPanel:101 - NVIC parent = com.st.microxplorer.plugins.ip.nvic.MultiNvicIntPanel[,0,0,0x0,invalid,layout=javax.swing.BoxLayout,alignmentX=0.0,alignmentY=0.0,border=,flags=9,maximumSize=,minimumSize=,preferredSize=]
2026-05-05 12:10:21,251 [INFO] NvicIntPanel:101 - NVIC parent = com.st.microxplorer.plugins.ip.nvic.MultiNvicIntPanel[,0,0,0x0,invalid,layout=javax.swing.BoxLayout,alignmentX=0.0,alignmentY=0.0,border=,flags=9,maximumSize=,minimumSize=,preferredSize=]
2026-05-05 12:10:35,282 [INFO] NvicIntPanel:101 - NVIC parent = com.st.microxplorer.plugins.ip.nvic.MultiNvicIntPanel[,0,0,0x0,invalid,layout=javax.swing.BoxLayout,alignmentX=0.0,alignmentY=0.0,border=,flags=9,maximumSize=,minimumSize=,preferredSize=]
2026-05-05 12:10:45,760 [INFO] NvicIntPanel:101 - NVIC parent = com.st.microxplorer.plugins.ip.nvic.MultiNvicIntPanel[,0,0,0x0,invalid,layout=javax.swing.BoxLayout,alignmentX=0.0,alignmentY=0.0,border=,flags=9,maximumSize=,minimumSize=,preferredSize=]
2026-05-05 12:11:04,775 [INFO] WebApp:194 - Connection lost
2026-05-05 12:11:08,456 [INFO] WebApp:191 - Connection restablished
2026-05-05 12:12:00,761 [INFO] NvicIntPanel:101 - NVIC parent = com.st.microxplorer.plugins.ip.nvic.MultiNvicIntPanel[,0,0,0x0,invalid,layout=javax.swing.BoxLayout,alignmentX=0.0,alignmentY=0.0,border=,flags=9,maximumSize=,minimumSize=,preferredSize=]
2026-05-05 12:12:06,118 [WARN] Mcu:7025 - HRTIM1 Clean up: some unused parameters were removed
2026-05-05 12:12:06,124 [INFO] UtilMem:75 - End SaveConfig() Used Memory: 903075608 Bytes (1073741824)
2026-05-05 12:12:08,532 [WARN] Mcu:7025 - HRTIM1 Clean up: some unused parameters were removed
2026-05-05 12:12:08,535 [INFO] UtilMem:75 - End SaveConfig() Used Memory: 968467000 Bytes (1073741824)
2026-05-05 12:12:12,027 [WARN] Mcu:7025 - HRTIM1 Clean up: some unused parameters were removed
2026-05-05 12:12:12,031 [INFO] UtilMem:75 - End SaveConfig() Used Memory: 930688200 Bytes (1073741824)
2026-05-05 12:12:12,634 [INFO] BlockDiagram:2775 - set Specific Code input for plugin: SYS
2026-05-05 12:12:12,635 [INFO] BlockDiagram:2775 - set Specific Code input for plugin: RCC
2026-05-05 12:12:12,635 [INFO] BlockDiagram:2775 - set Specific Code input for plugin: HRTIM
2026-05-05 12:12:12,635 [INFO] BlockDiagram:2775 - set Specific Code input for plugin: NVIC
2026-05-05 12:12:12,635 [INFO] BlockDiagram:2775 - set Specific Code input for plugin: GPIO
2026-05-05 12:12:12,637 [INFO] CodeGenerator:892 - code generatio: config db path: C:\ST\STM32CubeIDE_1.19.0\STM32CubeIDE\plugins\com.st.stm32cube.common.mx_6.15.0.202507011659\\db\
2026-05-05 12:12:12,988 [INFO] CodeEngine:265 - oldGeneratedFile, C:\Users\Александра\Documents\hrtim_test_pwm_1_signal\test_hrtim1\MXTmpFiles\license.tmp_save
2026-05-05 12:12:13,804 [INFO] CodeEngine:289 - Generated code: C:\Users\Александра\Documents\hrtim_test_pwm_1_signal\test_hrtim1\MXTmpFiles\license.tmp
2026-05-05 12:12:13,905 [INFO] CodeEngine:265 - oldGeneratedFile, C:\Users\Александра\Documents\hrtim_test_pwm_1_signal\test_hrtim1\MXTmpFiles\gpio.tmp_save
2026-05-05 12:12:14,258 [INFO] CodeEngine:289 - Generated code: C:\Users\Александра\Documents\hrtim_test_pwm_1_signal\test_hrtim1\MXTmpFiles\gpio.tmp
2026-05-05 12:12:14,915 [INFO] CodeEngine:265 - oldGeneratedFile, C:\Users\Александра\Documents\hrtim_test_pwm_1_signal\test_hrtim1\Core\Src\stm32g4xx_it.c_save
2026-05-05 12:12:15,421 [INFO] CodeEngine:289 - Generated code: C:\Users\Александра\Documents\hrtim_test_pwm_1_signal\test_hrtim1\Core\Src\stm32g4xx_it.c
2026-05-05 12:12:15,434 [INFO] CodeEngine:265 - oldGeneratedFile, C:\Users\Александра\Documents\hrtim_test_pwm_1_signal\test_hrtim1\Core\Inc\stm32g4xx_it.h_save
2026-05-05 12:12:15,559 [INFO] CodeEngine:289 - Generated code: C:\Users\Александра\Documents\hrtim_test_pwm_1_signal\test_hrtim1\Core\Inc\stm32g4xx_it.h
2026-05-05 12:12:15,586 [INFO] CodeEngine:265 - oldGeneratedFile, C:\Users\Александра\Documents\hrtim_test_pwm_1_signal\test_hrtim1\Core\Src\stm32g4xx_hal_msp.c_save
2026-05-05 12:12:15,788 [INFO] CodeEngine:289 - Generated code: C:\Users\Александра\Documents\hrtim_test_pwm_1_signal\test_hrtim1\Core\Src\stm32g4xx_hal_msp.c
2026-05-05 12:12:15,797 [INFO] CodeEngine:265 - oldGeneratedFile, C:\Users\Александра\Documents\hrtim_test_pwm_1_signal\test_hrtim1\MXTmpFiles\system.tmp_save
2026-05-05 12:12:15,896 [INFO] CodeEngine:289 - Generated code: C:\Users\Александра\Documents\hrtim_test_pwm_1_signal\test_hrtim1\MXTmpFiles\system.tmp
2026-05-05 12:12:15,921 [INFO] CodeEngine:321 - oldGeneratedFile, C:\Users\Александра\Documents\hrtim_test_pwm_1_signal\test_hrtim1\Core\Inc\stm32g4xx_hal_conf.h_save
2026-05-05 12:12:16,035 [INFO] CodeEngine:345 - Generated code: C:\Users\Александра\Documents\hrtim_test_pwm_1_signal\test_hrtim1\Core\Inc\stm32g4xx_hal_conf.h
2026-05-05 12:12:16,065 [WARN] IPConfigManager:3238 - Warning: the RefConfig RCC_CommonPeriphClockConfig is not available in your config.xml file
2026-05-05 12:12:16,084 [INFO] CodeEngine:265 - oldGeneratedFile, C:\Users\Александра\Documents\hrtim_test_pwm_1_signal\test_hrtim1\Core\Inc\main.h_save
2026-05-05 12:12:16,228 [INFO] CodeEngine:289 - Generated code: C:\Users\Александра\Documents\hrtim_test_pwm_1_signal\test_hrtim1\Core\Inc\main.h
2026-05-05 12:12:16,239 [INFO] CodeEngine:265 - oldGeneratedFile, C:\Users\Александра\Documents\hrtim_test_pwm_1_signal\test_hrtim1\Core\Src\main.c_save
2026-05-05 12:12:16,427 [INFO] CodeEngine:289 - Generated code: C:\Users\Александра\Documents\hrtim_test_pwm_1_signal\test_hrtim1\Core\Src\main.c
2026-05-05 12:12:17,265 [INFO] ProjectBuilder:3606 - Time for Copy HAL[1] : 514mS.
2026-05-05 12:12:17,274 [INFO] ProjectBuilder:5216 - Project Generator version: 4.7.0-B52
2026-05-05 12:12:17,569 [INFO] ConfigFileManager:1595 - The Die is : DIE469
2026-05-05 12:12:19,828 [INFO] ProjectBuilder:5496 - Time for Generating toolchain IDE Files: 2553mS.
2026-05-05 12:12:19,830 [INFO] ProjectBuilder:3463 - Time for Copy CMSIS : 0mS.
2026-05-05 12:12:19,835 [INFO] ProjectBuilder:3463 - Time for Copy CMSIS : 0mS.
2026-05-05 12:12:29,150 [ERROR] ConfigurationRetriever:142 - IOException on connection: Read timed out
2026-05-05 12:13:17,595 [INFO] WebApp:194 - Connection lost
2026-05-05 12:13:18,781 [INFO] WebApp:191 - Connection restablished
2026-05-05 12:14:11,973 [INFO] NvicIntPanel:101 - NVIC parent = com.st.microxplorer.plugins.ip.nvic.MultiNvicIntPanel[,0,0,0x0,invalid,layout=javax.swing.BoxLayout,alignmentX=0.0,alignmentY=0.0,border=,flags=9,maximumSize=,minimumSize=,preferredSize=]
2026-05-05 12:14:17,826 [WARN] Mcu:7025 - HRTIM1 Clean up: some unused parameters were removed
2026-05-05 12:14:17,831 [INFO] UtilMem:75 - End SaveConfig() Used Memory: 815748704 Bytes (1073741824)
2026-05-05 12:14:20,037 [WARN] Mcu:7025 - HRTIM1 Clean up: some unused parameters were removed
2026-05-05 12:14:20,042 [INFO] UtilMem:75 - End SaveConfig() Used Memory: 892495424 Bytes (1073741824)
2026-05-05 12:14:23,780 [WARN] Mcu:7025 - HRTIM1 Clean up: some unused parameters were removed
2026-05-05 12:14:23,785 [INFO] UtilMem:75 - End SaveConfig() Used Memory: 933873032 Bytes (1073741824)
2026-05-05 12:14:24,435 [INFO] BlockDiagram:2775 - set Specific Code input for plugin: SYS
2026-05-05 12:14:24,435 [INFO] BlockDiagram:2775 - set Specific Code input for plugin: RCC
2026-05-05 12:14:24,435 [INFO] BlockDiagram:2775 - set Specific Code input for plugin: HRTIM
2026-05-05 12:14:24,435 [INFO] BlockDiagram:2775 - set Specific Code input for plugin: NVIC
2026-05-05 12:14:24,435 [INFO] BlockDiagram:2775 - set Specific Code input for plugin: GPIO
2026-05-05 12:14:24,437 [INFO] CodeGenerator:892 - code generatio: config db path: C:\ST\STM32CubeIDE_1.19.0\STM32CubeIDE\plugins\com.st.stm32cube.common.mx_6.15.0.202507011659\\db\
2026-05-05 12:14:24,759 [INFO] CodeEngine:265 - oldGeneratedFile, C:\Users\Александра\Documents\hrtim_test_pwm_1_signal\test_hrtim1\MXTmpFiles\license.tmp_save
2026-05-05 12:14:25,200 [INFO] CodeEngine:289 - Generated code: C:\Users\Александра\Documents\hrtim_test_pwm_1_signal\test_hrtim1\MXTmpFiles\license.tmp
2026-05-05 12:14:25,336 [INFO] CodeEngine:265 - oldGeneratedFile, C:\Users\Александра\Documents\hrtim_test_pwm_1_signal\test_hrtim1\MXTmpFiles\gpio.tmp_save
2026-05-05 12:14:25,638 [INFO] CodeEngine:289 - Generated code: C:\Users\Александра\Documents\hrtim_test_pwm_1_signal\test_hrtim1\MXTmpFiles\gpio.tmp
2026-05-05 12:14:26,491 [INFO] CodeEngine:265 - oldGeneratedFile, C:\Users\Александра\Documents\hrtim_test_pwm_1_signal\test_hrtim1\Core\Src\stm32g4xx_it.c_save
2026-05-05 12:14:26,678 [INFO] CodeEngine:289 - Generated code: C:\Users\Александра\Documents\hrtim_test_pwm_1_signal\test_hrtim1\Core\Src\stm32g4xx_it.c
2026-05-05 12:14:26,689 [INFO] CodeEngine:265 - oldGeneratedFile, C:\Users\Александра\Documents\hrtim_test_pwm_1_signal\test_hrtim1\Core\Inc\stm32g4xx_it.h_save
2026-05-05 12:14:26,813 [INFO] CodeEngine:289 - Generated code: C:\Users\Александра\Documents\hrtim_test_pwm_1_signal\test_hrtim1\Core\Inc\stm32g4xx_it.h
2026-05-05 12:14:26,840 [INFO] CodeEngine:265 - oldGeneratedFile, C:\Users\Александра\Documents\hrtim_test_pwm_1_signal\test_hrtim1\Core\Src\stm32g4xx_hal_msp.c_save
2026-05-05 12:14:27,017 [INFO] CodeEngine:289 - Generated code: C:\Users\Александра\Documents\hrtim_test_pwm_1_signal\test_hrtim1\Core\Src\stm32g4xx_hal_msp.c
2026-05-05 12:14:27,027 [INFO] CodeEngine:265 - oldGeneratedFile, C:\Users\Александра\Documents\hrtim_test_pwm_1_signal\test_hrtim1\MXTmpFiles\system.tmp_save
2026-05-05 12:14:27,141 [INFO] CodeEngine:289 - Generated code: C:\Users\Александра\Documents\hrtim_test_pwm_1_signal\test_hrtim1\MXTmpFiles\system.tmp
2026-05-05 12:14:27,158 [INFO] CodeEngine:321 - oldGeneratedFile, C:\Users\Александра\Documents\hrtim_test_pwm_1_signal\test_hrtim1\Core\Inc\stm32g4xx_hal_conf.h_save
2026-05-05 12:14:27,267 [INFO] CodeEngine:345 - Generated code: C:\Users\Александра\Documents\hrtim_test_pwm_1_signal\test_hrtim1\Core\Inc\stm32g4xx_hal_conf.h
2026-05-05 12:14:27,296 [WARN] IPConfigManager:3238 - Warning: the RefConfig RCC_CommonPeriphClockConfig is not available in your config.xml file
2026-05-05 12:14:27,317 [INFO] CodeEngine:265 - oldGeneratedFile, C:\Users\Александра\Documents\hrtim_test_pwm_1_signal\test_hrtim1\Core\Inc\main.h_save
2026-05-05 12:14:27,425 [INFO] CodeEngine:289 - Generated code: C:\Users\Александра\Documents\hrtim_test_pwm_1_signal\test_hrtim1\Core\Inc\main.h
2026-05-05 12:14:27,436 [INFO] CodeEngine:265 - oldGeneratedFile, C:\Users\Александра\Documents\hrtim_test_pwm_1_signal\test_hrtim1\Core\Src\main.c_save
2026-05-05 12:14:27,626 [INFO] CodeEngine:289 - Generated code: C:\Users\Александра\Documents\hrtim_test_pwm_1_signal\test_hrtim1\Core\Src\main.c
2026-05-05 12:14:28,201 [INFO] ProjectBuilder:3606 - Time for Copy HAL[1] : 269mS.
2026-05-05 12:14:28,207 [INFO] ProjectBuilder:5216 - Project Generator version: 4.7.0-B52
2026-05-05 12:14:28,418 [INFO] ConfigFileManager:1595 - The Die is : DIE469
2026-05-05 12:14:30,909 [INFO] ProjectBuilder:5496 - Time for Generating toolchain IDE Files: 2703mS.
2026-05-05 12:14:30,911 [INFO] ProjectBuilder:3463 - Time for Copy CMSIS : 1mS.
2026-05-05 12:14:30,917 [INFO] ProjectBuilder:3463 - Time for Copy CMSIS : 0mS.
2026-05-05 12:16:30,826 [INFO] NvicIntPanel:101 - NVIC parent = com.st.microxplorer.plugins.ip.nvic.MultiNvicIntPanel[,0,0,0x0,invalid,layout=javax.swing.BoxLayout,alignmentX=0.0,alignmentY=0.0,border=,flags=9,maximumSize=,minimumSize=,preferredSize=]
2026-05-05 12:16:50,067 [INFO] NvicIntPanel:101 - NVIC parent = com.st.microxplorer.plugins.ip.nvic.MultiNvicIntPanel[,0,0,0x0,invalid,layout=javax.swing.BoxLayout,alignmentX=0.0,alignmentY=0.0,border=,flags=9,maximumSize=,minimumSize=,preferredSize=]
2026-05-05 12:22:38,355 [INFO] WebApp:194 - Connection lost
2026-05-05 12:22:42,860 [INFO] WebApp:191 - Connection restablished
2026-05-05 12:23:18,856 [INFO] NvicIntPanel:101 - NVIC parent = com.st.microxplorer.plugins.ip.nvic.MultiNvicIntPanel[,0,0,0x0,invalid,layout=javax.swing.BoxLayout,alignmentX=0.0,alignmentY=0.0,border=,flags=9,maximumSize=,minimumSize=,preferredSize=]
2026-05-05 12:23:41,359 [WARN] Mcu:7025 - HRTIM1 Clean up: some unused parameters were removed
2026-05-05 12:23:41,383 [INFO] UtilMem:75 - End SaveConfig() Used Memory: 858425376 Bytes (1073741824)
2026-05-05 12:23:44,837 [WARN] Mcu:7025 - HRTIM1 Clean up: some unused parameters were removed
2026-05-05 12:23:44,842 [INFO] UtilMem:75 - End SaveConfig() Used Memory: 943774064 Bytes (1073741824)
2026-05-05 12:23:47,980 [WARN] Mcu:7025 - HRTIM1 Clean up: some unused parameters were removed
2026-05-05 12:23:47,983 [INFO] UtilMem:75 - End SaveConfig() Used Memory: 951115520 Bytes (1073741824)
2026-05-05 12:23:48,316 [INFO] BlockDiagram:2775 - set Specific Code input for plugin: SYS
2026-05-05 12:23:48,316 [INFO] BlockDiagram:2775 - set Specific Code input for plugin: RCC
2026-05-05 12:23:48,317 [INFO] BlockDiagram:2775 - set Specific Code input for plugin: HRTIM
2026-05-05 12:23:48,317 [INFO] BlockDiagram:2775 - set Specific Code input for plugin: NVIC
2026-05-05 12:23:48,317 [INFO] BlockDiagram:2775 - set Specific Code input for plugin: GPIO
2026-05-05 12:23:48,319 [INFO] CodeGenerator:892 - code generatio: config db path: C:\ST\STM32CubeIDE_1.19.0\STM32CubeIDE\plugins\com.st.stm32cube.common.mx_6.15.0.202507011659\\db\
2026-05-05 12:23:48,555 [INFO] CodeEngine:265 - oldGeneratedFile, C:\Users\Александра\Documents\hrtim_test_pwm_1_signal\test_hrtim1\MXTmpFiles\license.tmp_save
2026-05-05 12:23:49,283 [INFO] CodeEngine:289 - Generated code: C:\Users\Александра\Documents\hrtim_test_pwm_1_signal\test_hrtim1\MXTmpFiles\license.tmp
2026-05-05 12:23:49,409 [INFO] CodeEngine:265 - oldGeneratedFile, C:\Users\Александра\Documents\hrtim_test_pwm_1_signal\test_hrtim1\MXTmpFiles\gpio.tmp_save
2026-05-05 12:23:49,992 [INFO] CodeEngine:289 - Generated code: C:\Users\Александра\Documents\hrtim_test_pwm_1_signal\test_hrtim1\MXTmpFiles\gpio.tmp
2026-05-05 12:23:51,015 [INFO] CodeEngine:265 - oldGeneratedFile, C:\Users\Александра\Documents\hrtim_test_pwm_1_signal\test_hrtim1\Core\Src\stm32g4xx_it.c_save
2026-05-05 12:23:51,397 [INFO] CodeEngine:289 - Generated code: C:\Users\Александра\Documents\hrtim_test_pwm_1_signal\test_hrtim1\Core\Src\stm32g4xx_it.c
2026-05-05 12:23:51,410 [INFO] CodeEngine:265 - oldGeneratedFile, C:\Users\Александра\Documents\hrtim_test_pwm_1_signal\test_hrtim1\Core\Inc\stm32g4xx_it.h_save
2026-05-05 12:23:51,505 [INFO] CodeEngine:289 - Generated code: C:\Users\Александра\Documents\hrtim_test_pwm_1_signal\test_hrtim1\Core\Inc\stm32g4xx_it.h
2026-05-05 12:23:51,530 [INFO] CodeEngine:265 - oldGeneratedFile, C:\Users\Александра\Documents\hrtim_test_pwm_1_signal\test_hrtim1\Core\Src\stm32g4xx_hal_msp.c_save
2026-05-05 12:23:51,729 [INFO] CodeEngine:289 - Generated code: C:\Users\Александра\Documents\hrtim_test_pwm_1_signal\test_hrtim1\Core\Src\stm32g4xx_hal_msp.c
2026-05-05 12:23:51,740 [INFO] CodeEngine:265 - oldGeneratedFile, C:\Users\Александра\Documents\hrtim_test_pwm_1_signal\test_hrtim1\MXTmpFiles\system.tmp_save
2026-05-05 12:23:51,858 [INFO] CodeEngine:289 - Generated code: C:\Users\Александра\Documents\hrtim_test_pwm_1_signal\test_hrtim1\MXTmpFiles\system.tmp
2026-05-05 12:23:51,882 [INFO] CodeEngine:321 - oldGeneratedFile, C:\Users\Александра\Documents\hrtim_test_pwm_1_signal\test_hrtim1\Core\Inc\stm32g4xx_hal_conf.h_save
2026-05-05 12:23:52,004 [INFO] CodeEngine:345 - Generated code: C:\Users\Александра\Documents\hrtim_test_pwm_1_signal\test_hrtim1\Core\Inc\stm32g4xx_hal_conf.h
2026-05-05 12:23:52,032 [WARN] IPConfigManager:3238 - Warning: the RefConfig RCC_CommonPeriphClockConfig is not available in your config.xml file
2026-05-05 12:23:52,052 [INFO] CodeEngine:265 - oldGeneratedFile, C:\Users\Александра\Documents\hrtim_test_pwm_1_signal\test_hrtim1\Core\Inc\main.h_save
2026-05-05 12:23:52,187 [INFO] CodeEngine:289 - Generated code: C:\Users\Александра\Documents\hrtim_test_pwm_1_signal\test_hrtim1\Core\Inc\main.h
2026-05-05 12:23:52,197 [INFO] CodeEngine:265 - oldGeneratedFile, C:\Users\Александра\Documents\hrtim_test_pwm_1_signal\test_hrtim1\Core\Src\main.c_save
2026-05-05 12:23:52,417 [INFO] CodeEngine:289 - Generated code: C:\Users\Александра\Documents\hrtim_test_pwm_1_signal\test_hrtim1\Core\Src\main.c
2026-05-05 12:23:53,131 [ERROR] ConfigurationRetriever:142 - IOException on connection: Read timed out
2026-05-05 12:23:53,248 [INFO] ProjectBuilder:3606 - Time for Copy HAL[1] : 342mS.
2026-05-05 12:23:53,254 [INFO] ProjectBuilder:5216 - Project Generator version: 4.7.0-B52
2026-05-05 12:23:53,447 [INFO] ConfigFileManager:1595 - The Die is : DIE469
2026-05-05 12:23:55,651 [INFO] ProjectBuilder:5496 - Time for Generating toolchain IDE Files: 2397mS.
2026-05-05 12:23:55,654 [INFO] ProjectBuilder:3463 - Time for Copy CMSIS : 1mS.
2026-05-05 12:23:55,662 [INFO] ProjectBuilder:3463 - Time for Copy CMSIS : 0mS.
2026-05-05 12:25:08,954 [INFO] NvicIntPanel:101 - NVIC parent = com.st.microxplorer.plugins.ip.nvic.MultiNvicIntPanel[,0,0,0x0,invalid,layout=javax.swing.BoxLayout,alignmentX=0.0,alignmentY=0.0,border=,flags=9,maximumSize=,minimumSize=,preferredSize=]
2026-05-05 12:36:37,916 [INFO] NvicIntPanel:101 - NVIC parent = com.st.microxplorer.plugins.ip.nvic.MultiNvicIntPanel[,0,0,0x0,invalid,layout=javax.swing.BoxLayout,alignmentX=0.0,alignmentY=0.0,border=,flags=9,maximumSize=,minimumSize=,preferredSize=]
2026-05-05 12:36:52,975 [WARN] Mcu:7025 - HRTIM1 Clean up: some unused parameters were removed
2026-05-05 12:36:52,978 [INFO] UtilMem:75 - End SaveConfig() Used Memory: 856995296 Bytes (1073741824)
2026-05-05 12:36:55,875 [WARN] Mcu:7025 - HRTIM1 Clean up: some unused parameters were removed
2026-05-05 12:36:55,878 [INFO] UtilMem:75 - End SaveConfig() Used Memory: 950321888 Bytes (1073741824)
2026-05-05 12:36:58,469 [ERROR] ConfigurationRetriever:142 - IOException on connection: Connect timed out
2026-05-05 12:36:59,308 [WARN] Mcu:7025 - HRTIM1 Clean up: some unused parameters were removed
2026-05-05 12:36:59,311 [INFO] UtilMem:75 - End SaveConfig() Used Memory: 970765600 Bytes (1073741824)
2026-05-05 12:36:59,670 [INFO] BlockDiagram:2775 - set Specific Code input for plugin: SYS
2026-05-05 12:36:59,670 [INFO] BlockDiagram:2775 - set Specific Code input for plugin: RCC
2026-05-05 12:36:59,672 [INFO] BlockDiagram:2775 - set Specific Code input for plugin: HRTIM
2026-05-05 12:36:59,672 [INFO] BlockDiagram:2775 - set Specific Code input for plugin: NVIC
2026-05-05 12:36:59,672 [INFO] BlockDiagram:2775 - set Specific Code input for plugin: GPIO
2026-05-05 12:36:59,675 [INFO] CodeGenerator:892 - code generatio: config db path: C:\ST\STM32CubeIDE_1.19.0\STM32CubeIDE\plugins\com.st.stm32cube.common.mx_6.15.0.202507011659\\db\
2026-05-05 12:36:59,970 [INFO] CodeEngine:265 - oldGeneratedFile, C:\Users\Александра\Documents\hrtim_test_pwm_1_signal\test_hrtim1\MXTmpFiles\license.tmp_save
2026-05-05 12:37:00,157 [INFO] CodeEngine:289 - Generated code: C:\Users\Александра\Documents\hrtim_test_pwm_1_signal\test_hrtim1\MXTmpFiles\license.tmp
2026-05-05 12:37:00,231 [INFO] CodeEngine:265 - oldGeneratedFile, C:\Users\Александра\Documents\hrtim_test_pwm_1_signal\test_hrtim1\MXTmpFiles\gpio.tmp_save
2026-05-05 12:37:00,385 [INFO] CodeEngine:289 - Generated code: C:\Users\Александра\Documents\hrtim_test_pwm_1_signal\test_hrtim1\MXTmpFiles\gpio.tmp
2026-05-05 12:37:01,015 [ERROR] ConfigurationRetriever:142 - IOException on connection: Read timed out
2026-05-05 12:37:01,236 [INFO] CodeEngine:265 - oldGeneratedFile, C:\Users\Александра\Documents\hrtim_test_pwm_1_signal\test_hrtim1\Core\Src\stm32g4xx_it.c_save
2026-05-05 12:37:01,493 [INFO] CodeEngine:289 - Generated code: C:\Users\Александра\Documents\hrtim_test_pwm_1_signal\test_hrtim1\Core\Src\stm32g4xx_it.c
2026-05-05 12:37:01,501 [INFO] CodeEngine:265 - oldGeneratedFile, C:\Users\Александра\Documents\hrtim_test_pwm_1_signal\test_hrtim1\Core\Inc\stm32g4xx_it.h_save
2026-05-05 12:37:01,590 [INFO] CodeEngine:289 - Generated code: C:\Users\Александра\Documents\hrtim_test_pwm_1_signal\test_hrtim1\Core\Inc\stm32g4xx_it.h
2026-05-05 12:37:01,611 [INFO] CodeEngine:265 - oldGeneratedFile, C:\Users\Александра\Documents\hrtim_test_pwm_1_signal\test_hrtim1\Core\Src\stm32g4xx_hal_msp.c_save
2026-05-05 12:37:01,764 [INFO] CodeEngine:289 - Generated code: C:\Users\Александра\Documents\hrtim_test_pwm_1_signal\test_hrtim1\Core\Src\stm32g4xx_hal_msp.c
2026-05-05 12:37:01,774 [INFO] CodeEngine:265 - oldGeneratedFile, C:\Users\Александра\Documents\hrtim_test_pwm_1_signal\test_hrtim1\MXTmpFiles\system.tmp_save
2026-05-05 12:37:01,849 [INFO] CodeEngine:289 - Generated code: C:\Users\Александра\Documents\hrtim_test_pwm_1_signal\test_hrtim1\MXTmpFiles\system.tmp
2026-05-05 12:37:01,868 [INFO] CodeEngine:321 - oldGeneratedFile, C:\Users\Александра\Documents\hrtim_test_pwm_1_signal\test_hrtim1\Core\Inc\stm32g4xx_hal_conf.h_save
2026-05-05 12:37:01,962 [INFO] CodeEngine:345 - Generated code: C:\Users\Александра\Documents\hrtim_test_pwm_1_signal\test_hrtim1\Core\Inc\stm32g4xx_hal_conf.h
2026-05-05 12:37:01,995 [WARN] IPConfigManager:3238 - Warning: the RefConfig RCC_CommonPeriphClockConfig is not available in your config.xml file
2026-05-05 12:37:02,012 [INFO] CodeEngine:265 - oldGeneratedFile, C:\Users\Александра\Documents\hrtim_test_pwm_1_signal\test_hrtim1\Core\Inc\main.h_save
2026-05-05 12:37:02,135 [INFO] CodeEngine:289 - Generated code: C:\Users\Александра\Documents\hrtim_test_pwm_1_signal\test_hrtim1\Core\Inc\main.h
2026-05-05 12:37:02,148 [INFO] CodeEngine:265 - oldGeneratedFile, C:\Users\Александра\Documents\hrtim_test_pwm_1_signal\test_hrtim1\Core\Src\main.c_save
2026-05-05 12:37:02,313 [INFO] CodeEngine:289 - Generated code: C:\Users\Александра\Documents\hrtim_test_pwm_1_signal\test_hrtim1\Core\Src\main.c
2026-05-05 12:37:02,895 [INFO] ProjectBuilder:3606 - Time for Copy HAL[1] : 253mS.
2026-05-05 12:37:02,900 [INFO] ProjectBuilder:5216 - Project Generator version: 4.7.0-B52
2026-05-05 12:37:03,065 [INFO] ConfigFileManager:1595 - The Die is : DIE469
2026-05-05 12:37:04,969 [INFO] ProjectBuilder:5496 - Time for Generating toolchain IDE Files: 2069mS.
2026-05-05 12:37:04,970 [INFO] ProjectBuilder:3463 - Time for Copy CMSIS : 0mS.
2026-05-05 12:37:04,975 [INFO] ProjectBuilder:3463 - Time for Copy CMSIS : 0mS.
2026-05-05 12:40:13,175 [INFO] NvicIntPanel:101 - NVIC parent = com.st.microxplorer.plugins.ip.nvic.MultiNvicIntPanel[,0,0,0x0,invalid,layout=javax.swing.BoxLayout,alignmentX=0.0,alignmentY=0.0,border=,flags=9,maximumSize=,minimumSize=,preferredSize=]
2026-05-05 12:40:28,905 [INFO] NvicIntPanel:101 - NVIC parent = com.st.microxplorer.plugins.ip.nvic.MultiNvicIntPanel[,0,0,0x0,invalid,layout=javax.swing.BoxLayout,alignmentX=0.0,alignmentY=0.0,border=,flags=9,maximumSize=,minimumSize=,preferredSize=]
2026-05-05 12:40:40,350 [INFO] NvicIntPanel:101 - NVIC parent = com.st.microxplorer.plugins.ip.nvic.MultiNvicIntPanel[,0,0,0x0,invalid,layout=javax.swing.BoxLayout,alignmentX=0.0,alignmentY=0.0,border=,flags=9,maximumSize=,minimumSize=,preferredSize=]
2026-05-05 12:40:46,629 [WARN] Mcu:7025 - HRTIM1 Clean up: some unused parameters were removed
2026-05-05 12:40:46,633 [INFO] UtilMem:75 - End SaveConfig() Used Memory: 883520672 Bytes (1073741824)
2026-05-05 12:40:49,864 [WARN] Mcu:7025 - HRTIM1 Clean up: some unused parameters were removed
2026-05-05 12:40:49,866 [INFO] UtilMem:75 - End SaveConfig() Used Memory: 987819728 Bytes (1073741824)
2026-05-05 12:40:52,762 [WARN] Mcu:7025 - HRTIM1 Clean up: some unused parameters were removed
2026-05-05 12:40:52,766 [INFO] UtilMem:75 - End SaveConfig() Used Memory: 860630784 Bytes (1073741824)
2026-05-05 12:40:53,039 [INFO] BlockDiagram:2775 - set Specific Code input for plugin: SYS
2026-05-05 12:40:53,039 [INFO] BlockDiagram:2775 - set Specific Code input for plugin: RCC
2026-05-05 12:40:53,039 [INFO] BlockDiagram:2775 - set Specific Code input for plugin: HRTIM
2026-05-05 12:40:53,039 [INFO] BlockDiagram:2775 - set Specific Code input for plugin: NVIC
2026-05-05 12:40:53,039 [INFO] BlockDiagram:2775 - set Specific Code input for plugin: GPIO
2026-05-05 12:40:53,041 [INFO] CodeGenerator:892 - code generatio: config db path: C:\ST\STM32CubeIDE_1.19.0\STM32CubeIDE\plugins\com.st.stm32cube.common.mx_6.15.0.202507011659\\db\
2026-05-05 12:40:53,241 [INFO] CodeEngine:265 - oldGeneratedFile, C:\Users\Александра\Documents\hrtim_test_pwm_1_signal\test_hrtim1\MXTmpFiles\license.tmp_save
2026-05-05 12:40:53,344 [INFO] CodeEngine:289 - Generated code: C:\Users\Александра\Documents\hrtim_test_pwm_1_signal\test_hrtim1\MXTmpFiles\license.tmp
2026-05-05 12:40:53,435 [INFO] CodeEngine:265 - oldGeneratedFile, C:\Users\Александра\Documents\hrtim_test_pwm_1_signal\test_hrtim1\MXTmpFiles\gpio.tmp_save
2026-05-05 12:40:53,545 [INFO] CodeEngine:289 - Generated code: C:\Users\Александра\Documents\hrtim_test_pwm_1_signal\test_hrtim1\MXTmpFiles\gpio.tmp
2026-05-05 12:40:54,349 [INFO] CodeEngine:265 - oldGeneratedFile, C:\Users\Александра\Documents\hrtim_test_pwm_1_signal\test_hrtim1\Core\Src\stm32g4xx_it.c_save
2026-05-05 12:40:54,676 [INFO] CodeEngine:289 - Generated code: C:\Users\Александра\Documents\hrtim_test_pwm_1_signal\test_hrtim1\Core\Src\stm32g4xx_it.c
2026-05-05 12:40:54,686 [INFO] CodeEngine:265 - oldGeneratedFile, C:\Users\Александра\Documents\hrtim_test_pwm_1_signal\test_hrtim1\Core\Inc\stm32g4xx_it.h_save
2026-05-05 12:40:54,770 [INFO] CodeEngine:289 - Generated code: C:\Users\Александра\Documents\hrtim_test_pwm_1_signal\test_hrtim1\Core\Inc\stm32g4xx_it.h
2026-05-05 12:40:54,792 [INFO] CodeEngine:265 - oldGeneratedFile, C:\Users\Александра\Documents\hrtim_test_pwm_1_signal\test_hrtim1\Core\Src\stm32g4xx_hal_msp.c_save
2026-05-05 12:40:54,933 [INFO] CodeEngine:289 - Generated code: C:\Users\Александра\Documents\hrtim_test_pwm_1_signal\test_hrtim1\Core\Src\stm32g4xx_hal_msp.c
2026-05-05 12:40:54,941 [INFO] CodeEngine:265 - oldGeneratedFile, C:\Users\Александра\Documents\hrtim_test_pwm_1_signal\test_hrtim1\MXTmpFiles\system.tmp_save
2026-05-05 12:40:55,019 [INFO] CodeEngine:289 - Generated code: C:\Users\Александра\Documents\hrtim_test_pwm_1_signal\test_hrtim1\MXTmpFiles\system.tmp
2026-05-05 12:40:55,044 [INFO] CodeEngine:321 - oldGeneratedFile, C:\Users\Александра\Documents\hrtim_test_pwm_1_signal\test_hrtim1\Core\Inc\stm32g4xx_hal_conf.h_save
2026-05-05 12:40:55,131 [INFO] CodeEngine:345 - Generated code: C:\Users\Александра\Documents\hrtim_test_pwm_1_signal\test_hrtim1\Core\Inc\stm32g4xx_hal_conf.h
2026-05-05 12:40:55,154 [WARN] IPConfigManager:3238 - Warning: the RefConfig RCC_CommonPeriphClockConfig is not available in your config.xml file
2026-05-05 12:40:55,180 [INFO] CodeEngine:265 - oldGeneratedFile, C:\Users\Александра\Documents\hrtim_test_pwm_1_signal\test_hrtim1\Core\Inc\main.h_save
2026-05-05 12:40:55,304 [INFO] CodeEngine:289 - Generated code: C:\Users\Александра\Documents\hrtim_test_pwm_1_signal\test_hrtim1\Core\Inc\main.h
2026-05-05 12:40:55,314 [INFO] CodeEngine:265 - oldGeneratedFile, C:\Users\Александра\Documents\hrtim_test_pwm_1_signal\test_hrtim1\Core\Src\main.c_save
2026-05-05 12:40:55,457 [INFO] CodeEngine:289 - Generated code: C:\Users\Александра\Documents\hrtim_test_pwm_1_signal\test_hrtim1\Core\Src\main.c
2026-05-05 12:40:55,995 [INFO] ProjectBuilder:3606 - Time for Copy HAL[1] : 210mS.
2026-05-05 12:40:56,000 [INFO] ProjectBuilder:5216 - Project Generator version: 4.7.0-B52
2026-05-05 12:40:56,165 [INFO] ConfigFileManager:1595 - The Die is : DIE469
2026-05-05 12:40:58,658 [INFO] ProjectBuilder:5496 - Time for Generating toolchain IDE Files: 2656mS.
2026-05-05 12:40:58,661 [INFO] ProjectBuilder:3463 - Time for Copy CMSIS : 2mS.
2026-05-05 12:40:58,670 [INFO] ProjectBuilder:3463 - Time for Copy CMSIS : 0mS.
2026-05-05 12:46:08,116 [INFO] NvicIntPanel:101 - NVIC parent = com.st.microxplorer.plugins.ip.nvic.MultiNvicIntPanel[,0,0,0x0,invalid,layout=javax.swing.BoxLayout,alignmentX=0.0,alignmentY=0.0,border=,flags=9,maximumSize=,minimumSize=,preferredSize=]
2026-05-05 12:46:16,040 [WARN] Mcu:7025 - HRTIM1 Clean up: some unused parameters were removed
2026-05-05 12:46:16,045 [INFO] UtilMem:75 - End SaveConfig() Used Memory: 863733488 Bytes (1073741824)
2026-05-05 12:46:19,023 [WARN] Mcu:7025 - HRTIM1 Clean up: some unused parameters were removed
2026-05-05 12:46:19,025 [INFO] UtilMem:75 - End SaveConfig() Used Memory: 924441072 Bytes (1073741824)
2026-05-05 12:46:22,494 [WARN] Mcu:7025 - HRTIM1 Clean up: some unused parameters were removed
2026-05-05 12:46:22,497 [INFO] UtilMem:75 - End SaveConfig() Used Memory: 964160960 Bytes (1073741824)
2026-05-05 12:46:22,773 [INFO] BlockDiagram:2775 - set Specific Code input for plugin: SYS
2026-05-05 12:46:22,773 [INFO] BlockDiagram:2775 - set Specific Code input for plugin: RCC
2026-05-05 12:46:22,773 [INFO] BlockDiagram:2775 - set Specific Code input for plugin: HRTIM
2026-05-05 12:46:22,773 [INFO] BlockDiagram:2775 - set Specific Code input for plugin: NVIC
2026-05-05 12:46:22,773 [INFO] BlockDiagram:2775 - set Specific Code input for plugin: GPIO
2026-05-05 12:46:22,777 [INFO] CodeGenerator:892 - code generatio: config db path: C:\ST\STM32CubeIDE_1.19.0\STM32CubeIDE\plugins\com.st.stm32cube.common.mx_6.15.0.202507011659\\db\
2026-05-05 12:46:22,980 [INFO] CodeEngine:265 - oldGeneratedFile, C:\Users\Александра\Documents\hrtim_test_pwm_1_signal\test_hrtim1\MXTmpFiles\license.tmp_save
2026-05-05 12:46:23,130 [INFO] CodeEngine:289 - Generated code: C:\Users\Александра\Documents\hrtim_test_pwm_1_signal\test_hrtim1\MXTmpFiles\license.tmp
2026-05-05 12:46:23,209 [INFO] CodeEngine:265 - oldGeneratedFile, C:\Users\Александра\Documents\hrtim_test_pwm_1_signal\test_hrtim1\MXTmpFiles\gpio.tmp_save
2026-05-05 12:46:23,328 [INFO] CodeEngine:289 - Generated code: C:\Users\Александра\Documents\hrtim_test_pwm_1_signal\test_hrtim1\MXTmpFiles\gpio.tmp
2026-05-05 12:46:24,013 [INFO] CodeEngine:265 - oldGeneratedFile, C:\Users\Александра\Documents\hrtim_test_pwm_1_signal\test_hrtim1\Core\Src\stm32g4xx_it.c_save
2026-05-05 12:46:24,232 [INFO] CodeEngine:289 - Generated code: C:\Users\Александра\Documents\hrtim_test_pwm_1_signal\test_hrtim1\Core\Src\stm32g4xx_it.c
2026-05-05 12:46:24,244 [INFO] CodeEngine:265 - oldGeneratedFile, C:\Users\Александра\Documents\hrtim_test_pwm_1_signal\test_hrtim1\Core\Inc\stm32g4xx_it.h_save
2026-05-05 12:46:24,327 [INFO] CodeEngine:289 - Generated code: C:\Users\Александра\Documents\hrtim_test_pwm_1_signal\test_hrtim1\Core\Inc\stm32g4xx_it.h
2026-05-05 12:46:24,349 [INFO] CodeEngine:265 - oldGeneratedFile, C:\Users\Александра\Documents\hrtim_test_pwm_1_signal\test_hrtim1\Core\Src\stm32g4xx_hal_msp.c_save
2026-05-05 12:46:24,508 [INFO] CodeEngine:289 - Generated code: C:\Users\Александра\Documents\hrtim_test_pwm_1_signal\test_hrtim1\Core\Src\stm32g4xx_hal_msp.c
2026-05-05 12:46:24,515 [INFO] CodeEngine:265 - oldGeneratedFile, C:\Users\Александра\Documents\hrtim_test_pwm_1_signal\test_hrtim1\MXTmpFiles\system.tmp_save
2026-05-05 12:46:24,593 [INFO] CodeEngine:289 - Generated code: C:\Users\Александра\Documents\hrtim_test_pwm_1_signal\test_hrtim1\MXTmpFiles\system.tmp
2026-05-05 12:46:24,609 [INFO] CodeEngine:321 - oldGeneratedFile, C:\Users\Александра\Documents\hrtim_test_pwm_1_signal\test_hrtim1\Core\Inc\stm32g4xx_hal_conf.h_save
2026-05-05 12:46:24,685 [INFO] CodeEngine:345 - Generated code: C:\Users\Александра\Documents\hrtim_test_pwm_1_signal\test_hrtim1\Core\Inc\stm32g4xx_hal_conf.h
2026-05-05 12:46:24,707 [WARN] IPConfigManager:3238 - Warning: the RefConfig RCC_CommonPeriphClockConfig is not available in your config.xml file
2026-05-05 12:46:24,724 [INFO] CodeEngine:265 - oldGeneratedFile, C:\Users\Александра\Documents\hrtim_test_pwm_1_signal\test_hrtim1\Core\Inc\main.h_save
2026-05-05 12:46:24,837 [INFO] CodeEngine:289 - Generated code: C:\Users\Александра\Documents\hrtim_test_pwm_1_signal\test_hrtim1\Core\Inc\main.h
2026-05-05 12:46:24,847 [INFO] CodeEngine:265 - oldGeneratedFile, C:\Users\Александра\Documents\hrtim_test_pwm_1_signal\test_hrtim1\Core\Src\main.c_save
2026-05-05 12:46:24,975 [INFO] CodeEngine:289 - Generated code: C:\Users\Александра\Documents\hrtim_test_pwm_1_signal\test_hrtim1\Core\Src\main.c
2026-05-05 12:46:25,512 [INFO] ProjectBuilder:3606 - Time for Copy HAL[1] : 235mS.
2026-05-05 12:46:25,516 [INFO] ProjectBuilder:5216 - Project Generator version: 4.7.0-B52
2026-05-05 12:46:25,678 [INFO] ConfigFileManager:1595 - The Die is : DIE469
2026-05-05 12:46:27,588 [INFO] ProjectBuilder:5496 - Time for Generating toolchain IDE Files: 2072mS.
2026-05-05 12:46:27,589 [INFO] ProjectBuilder:3463 - Time for Copy CMSIS : 1mS.
2026-05-05 12:46:27,594 [INFO] ProjectBuilder:3463 - Time for Copy CMSIS : 1mS.
2026-05-05 12:48:55,034 [INFO] NvicIntPanel:101 - NVIC parent = com.st.microxplorer.plugins.ip.nvic.MultiNvicIntPanel[,0,0,0x0,invalid,layout=javax.swing.BoxLayout,alignmentX=0.0,alignmentY=0.0,border=,flags=9,maximumSize=,minimumSize=,preferredSize=]
2026-05-05 12:49:17,018 [INFO] NvicIntPanel:101 - NVIC parent = com.st.microxplorer.plugins.ip.nvic.MultiNvicIntPanel[,0,0,0x0,invalid,layout=javax.swing.BoxLayout,alignmentX=0.0,alignmentY=0.0,border=,flags=9,maximumSize=,minimumSize=,preferredSize=]
2026-05-05 12:49:29,049 [WARN] Mcu:7025 - HRTIM1 Clean up: some unused parameters were removed
2026-05-05 12:49:29,052 [INFO] UtilMem:75 - End SaveConfig() Used Memory: 963538392 Bytes (1073741824)
2026-05-05 12:49:32,003 [WARN] Mcu:7025 - HRTIM1 Clean up: some unused parameters were removed
2026-05-05 12:49:32,008 [INFO] UtilMem:75 - End SaveConfig() Used Memory: 910901032 Bytes (1073741824)
2026-05-05 12:49:34,892 [WARN] Mcu:7025 - HRTIM1 Clean up: some unused parameters were removed
2026-05-05 12:49:34,897 [INFO] UtilMem:75 - End SaveConfig() Used Memory: 961079416 Bytes (1073741824)
2026-05-05 12:49:35,240 [INFO] BlockDiagram:2775 - set Specific Code input for plugin: SYS
2026-05-05 12:49:35,240 [INFO] BlockDiagram:2775 - set Specific Code input for plugin: RCC
2026-05-05 12:49:35,240 [INFO] BlockDiagram:2775 - set Specific Code input for plugin: HRTIM
2026-05-05 12:49:35,240 [INFO] BlockDiagram:2775 - set Specific Code input for plugin: NVIC
2026-05-05 12:49:35,242 [INFO] BlockDiagram:2775 - set Specific Code input for plugin: GPIO
2026-05-05 12:49:35,245 [INFO] CodeGenerator:892 - code generatio: config db path: C:\ST\STM32CubeIDE_1.19.0\STM32CubeIDE\plugins\com.st.stm32cube.common.mx_6.15.0.202507011659\\db\
2026-05-05 12:49:35,478 [INFO] CodeEngine:265 - oldGeneratedFile, C:\Users\Александра\Documents\hrtim_test_pwm_1_signal\test_hrtim1\MXTmpFiles\license.tmp_save
2026-05-05 12:49:35,911 [INFO] CodeEngine:289 - Generated code: C:\Users\Александра\Documents\hrtim_test_pwm_1_signal\test_hrtim1\MXTmpFiles\license.tmp
2026-05-05 12:49:36,025 [INFO] CodeEngine:265 - oldGeneratedFile, C:\Users\Александра\Documents\hrtim_test_pwm_1_signal\test_hrtim1\MXTmpFiles\gpio.tmp_save
2026-05-05 12:49:36,221 [INFO] CodeEngine:289 - Generated code: C:\Users\Александра\Documents\hrtim_test_pwm_1_signal\test_hrtim1\MXTmpFiles\gpio.tmp
2026-05-05 12:49:36,932 [INFO] CodeEngine:265 - oldGeneratedFile, C:\Users\Александра\Documents\hrtim_test_pwm_1_signal\test_hrtim1\Core\Src\stm32g4xx_it.c_save
2026-05-05 12:49:37,093 [INFO] CodeEngine:289 - Generated code: C:\Users\Александра\Documents\hrtim_test_pwm_1_signal\test_hrtim1\Core\Src\stm32g4xx_it.c
2026-05-05 12:49:37,103 [INFO] CodeEngine:265 - oldGeneratedFile, C:\Users\Александра\Documents\hrtim_test_pwm_1_signal\test_hrtim1\Core\Inc\stm32g4xx_it.h_save
2026-05-05 12:49:37,236 [INFO] CodeEngine:289 - Generated code: C:\Users\Александра\Documents\hrtim_test_pwm_1_signal\test_hrtim1\Core\Inc\stm32g4xx_it.h
2026-05-05 12:49:37,261 [INFO] CodeEngine:265 - oldGeneratedFile, C:\Users\Александра\Documents\hrtim_test_pwm_1_signal\test_hrtim1\Core\Src\stm32g4xx_hal_msp.c_save
2026-05-05 12:49:37,412 [INFO] CodeEngine:289 - Generated code: C:\Users\Александра\Documents\hrtim_test_pwm_1_signal\test_hrtim1\Core\Src\stm32g4xx_hal_msp.c
2026-05-05 12:49:37,419 [INFO] CodeEngine:265 - oldGeneratedFile, C:\Users\Александра\Documents\hrtim_test_pwm_1_signal\test_hrtim1\MXTmpFiles\system.tmp_save
2026-05-05 12:49:37,510 [INFO] CodeEngine:289 - Generated code: C:\Users\Александра\Documents\hrtim_test_pwm_1_signal\test_hrtim1\MXTmpFiles\system.tmp
2026-05-05 12:49:37,528 [INFO] CodeEngine:321 - oldGeneratedFile, C:\Users\Александра\Documents\hrtim_test_pwm_1_signal\test_hrtim1\Core\Inc\stm32g4xx_hal_conf.h_save
2026-05-05 12:49:37,642 [INFO] CodeEngine:345 - Generated code: C:\Users\Александра\Documents\hrtim_test_pwm_1_signal\test_hrtim1\Core\Inc\stm32g4xx_hal_conf.h
2026-05-05 12:49:37,671 [WARN] IPConfigManager:3238 - Warning: the RefConfig RCC_CommonPeriphClockConfig is not available in your config.xml file
2026-05-05 12:49:37,690 [INFO] CodeEngine:265 - oldGeneratedFile, C:\Users\Александра\Documents\hrtim_test_pwm_1_signal\test_hrtim1\Core\Inc\main.h_save
2026-05-05 12:49:37,803 [INFO] CodeEngine:289 - Generated code: C:\Users\Александра\Documents\hrtim_test_pwm_1_signal\test_hrtim1\Core\Inc\main.h
2026-05-05 12:49:37,813 [INFO] CodeEngine:265 - oldGeneratedFile, C:\Users\Александра\Documents\hrtim_test_pwm_1_signal\test_hrtim1\Core\Src\main.c_save
2026-05-05 12:49:38,025 [INFO] CodeEngine:289 - Generated code: C:\Users\Александра\Documents\hrtim_test_pwm_1_signal\test_hrtim1\Core\Src\main.c
2026-05-05 12:49:38,620 [INFO] ProjectBuilder:3606 - Time for Copy HAL[1] : 271mS.
2026-05-05 12:49:38,625 [INFO] ProjectBuilder:5216 - Project Generator version: 4.7.0-B52
2026-05-05 12:49:38,812 [INFO] ConfigFileManager:1595 - The Die is : DIE469
2026-05-05 12:49:40,546 [INFO] ProjectBuilder:5496 - Time for Generating toolchain IDE Files: 1920mS.
2026-05-05 12:49:40,547 [INFO] ProjectBuilder:3463 - Time for Copy CMSIS : 1mS.
2026-05-05 12:49:40,552 [INFO] ProjectBuilder:3463 - Time for Copy CMSIS : 1mS.
2026-05-05 12:51:43,104 [INFO] NvicIntPanel:101 - NVIC parent = com.st.microxplorer.plugins.ip.nvic.MultiNvicIntPanel[,0,0,0x0,invalid,layout=javax.swing.BoxLayout,alignmentX=0.0,alignmentY=0.0,border=,flags=9,maximumSize=,minimumSize=,preferredSize=]
2026-05-05 12:52:51,578 [INFO] NvicIntPanel:101 - NVIC parent = com.st.microxplorer.plugins.ip.nvic.MultiNvicIntPanel[,0,0,0x0,invalid,layout=javax.swing.BoxLayout,alignmentX=0.0,alignmentY=0.0,border=,flags=9,maximumSize=,minimumSize=,preferredSize=]
2026-05-05 12:52:55,228 [WARN] Mcu:7025 - HRTIM1 Clean up: some unused parameters were removed
2026-05-05 12:52:55,234 [INFO] UtilMem:75 - End SaveConfig() Used Memory: 855680656 Bytes (1073741824)
2026-05-05 12:52:59,795 [WARN] Mcu:7025 - HRTIM1 Clean up: some unused parameters were removed
2026-05-05 12:52:59,799 [INFO] UtilMem:75 - End SaveConfig() Used Memory: 984536088 Bytes (1073741824)
2026-05-05 12:53:08,200 [WARN] Mcu:7025 - HRTIM1 Clean up: some unused parameters were removed
2026-05-05 12:53:08,204 [INFO] UtilMem:75 - End SaveConfig() Used Memory: 902775672 Bytes (1073741824)
2026-05-05 12:53:08,543 [INFO] BlockDiagram:2775 - set Specific Code input for plugin: SYS
2026-05-05 12:53:08,543 [INFO] BlockDiagram:2775 - set Specific Code input for plugin: RCC
2026-05-05 12:53:08,543 [INFO] BlockDiagram:2775 - set Specific Code input for plugin: HRTIM
2026-05-05 12:53:08,544 [INFO] BlockDiagram:2775 - set Specific Code input for plugin: NVIC
2026-05-05 12:53:08,544 [INFO] BlockDiagram:2775 - set Specific Code input for plugin: GPIO
2026-05-05 12:53:08,546 [INFO] CodeGenerator:892 - code generatio: config db path: C:\ST\STM32CubeIDE_1.19.0\STM32CubeIDE\plugins\com.st.stm32cube.common.mx_6.15.0.202507011659\\db\
2026-05-05 12:53:08,814 [INFO] CodeEngine:265 - oldGeneratedFile, C:\Users\Александра\Documents\hrtim_test_pwm_1_signal\test_hrtim1\MXTmpFiles\license.tmp_save
2026-05-05 12:53:09,195 [INFO] CodeEngine:289 - Generated code: C:\Users\Александра\Documents\hrtim_test_pwm_1_signal\test_hrtim1\MXTmpFiles\license.tmp
2026-05-05 12:53:09,309 [INFO] CodeEngine:265 - oldGeneratedFile, C:\Users\Александра\Documents\hrtim_test_pwm_1_signal\test_hrtim1\MXTmpFiles\gpio.tmp_save
2026-05-05 12:53:09,575 [INFO] CodeEngine:289 - Generated code: C:\Users\Александра\Documents\hrtim_test_pwm_1_signal\test_hrtim1\MXTmpFiles\gpio.tmp
2026-05-05 12:53:10,659 [INFO] CodeEngine:265 - oldGeneratedFile, C:\Users\Александра\Documents\hrtim_test_pwm_1_signal\test_hrtim1\Core\Src\stm32g4xx_it.c_save
2026-05-05 12:53:10,827 [INFO] CodeEngine:289 - Generated code: C:\Users\Александра\Documents\hrtim_test_pwm_1_signal\test_hrtim1\Core\Src\stm32g4xx_it.c
2026-05-05 12:53:10,839 [INFO] CodeEngine:265 - oldGeneratedFile, C:\Users\Александра\Documents\hrtim_test_pwm_1_signal\test_hrtim1\Core\Inc\stm32g4xx_it.h_save
2026-05-05 12:53:11,002 [INFO] CodeEngine:289 - Generated code: C:\Users\Александра\Documents\hrtim_test_pwm_1_signal\test_hrtim1\Core\Inc\stm32g4xx_it.h
2026-05-05 12:53:11,035 [INFO] CodeEngine:265 - oldGeneratedFile, C:\Users\Александра\Documents\hrtim_test_pwm_1_signal\test_hrtim1\Core\Src\stm32g4xx_hal_msp.c_save
2026-05-05 12:53:11,221 [INFO] CodeEngine:289 - Generated code: C:\Users\Александра\Documents\hrtim_test_pwm_1_signal\test_hrtim1\Core\Src\stm32g4xx_hal_msp.c
2026-05-05 12:53:11,232 [INFO] CodeEngine:265 - oldGeneratedFile, C:\Users\Александра\Documents\hrtim_test_pwm_1_signal\test_hrtim1\MXTmpFiles\system.tmp_save
2026-05-05 12:53:11,341 [INFO] CodeEngine:289 - Generated code: C:\Users\Александра\Documents\hrtim_test_pwm_1_signal\test_hrtim1\MXTmpFiles\system.tmp
2026-05-05 12:53:11,363 [INFO] CodeEngine:321 - oldGeneratedFile, C:\Users\Александра\Documents\hrtim_test_pwm_1_signal\test_hrtim1\Core\Inc\stm32g4xx_hal_conf.h_save
2026-05-05 12:53:11,483 [INFO] CodeEngine:345 - Generated code: C:\Users\Александра\Documents\hrtim_test_pwm_1_signal\test_hrtim1\Core\Inc\stm32g4xx_hal_conf.h
2026-05-05 12:53:11,511 [WARN] IPConfigManager:3238 - Warning: the RefConfig RCC_CommonPeriphClockConfig is not available in your config.xml file
2026-05-05 12:53:11,546 [INFO] CodeEngine:265 - oldGeneratedFile, C:\Users\Александра\Documents\hrtim_test_pwm_1_signal\test_hrtim1\Core\Inc\main.h_save
2026-05-05 12:53:11,664 [INFO] CodeEngine:289 - Generated code: C:\Users\Александра\Documents\hrtim_test_pwm_1_signal\test_hrtim1\Core\Inc\main.h
2026-05-05 12:53:11,679 [INFO] CodeEngine:265 - oldGeneratedFile, C:\Users\Александра\Documents\hrtim_test_pwm_1_signal\test_hrtim1\Core\Src\main.c_save
2026-05-05 12:53:11,880 [INFO] CodeEngine:289 - Generated code: C:\Users\Александра\Documents\hrtim_test_pwm_1_signal\test_hrtim1\Core\Src\main.c
2026-05-05 12:53:12,436 [INFO] ProjectBuilder:3606 - Time for Copy HAL[1] : 268mS.
2026-05-05 12:53:12,442 [INFO] ProjectBuilder:5216 - Project Generator version: 4.7.0-B52
2026-05-05 12:53:12,603 [INFO] ConfigFileManager:1595 - The Die is : DIE469
2026-05-05 12:53:14,259 [INFO] ProjectBuilder:5496 - Time for Generating toolchain IDE Files: 1816mS.
2026-05-05 12:53:14,260 [INFO] ProjectBuilder:3463 - Time for Copy CMSIS : 1mS.
2026-05-05 12:53:14,266 [INFO] ProjectBuilder:3463 - Time for Copy CMSIS : 0mS.
2026-05-05 12:55:11,996 [INFO] NvicIntPanel:101 - NVIC parent = com.st.microxplorer.plugins.ip.nvic.MultiNvicIntPanel[,0,0,0x0,invalid,layout=javax.swing.BoxLayout,alignmentX=0.0,alignmentY=0.0,border=,flags=9,maximumSize=,minimumSize=,preferredSize=]
2026-05-05 12:55:38,605 [INFO] NvicIntPanel:101 - NVIC parent = com.st.microxplorer.plugins.ip.nvic.MultiNvicIntPanel[,0,0,0x0,invalid,layout=javax.swing.BoxLayout,alignmentX=0.0,alignmentY=0.0,border=,flags=9,maximumSize=,minimumSize=,preferredSize=]
2026-05-05 12:55:44,303 [WARN] Mcu:7025 - HRTIM1 Clean up: some unused parameters were removed
2026-05-05 12:55:44,317 [INFO] UtilMem:75 - End SaveConfig() Used Memory: 834595528 Bytes (1073741824)
2026-05-05 12:55:48,317 [WARN] Mcu:7025 - HRTIM1 Clean up: some unused parameters were removed
2026-05-05 12:55:48,320 [INFO] UtilMem:75 - End SaveConfig() Used Memory: 970885944 Bytes (1073741824)
2026-05-05 12:55:51,229 [WARN] Mcu:7025 - HRTIM1 Clean up: some unused parameters were removed
2026-05-05 12:55:51,232 [INFO] UtilMem:75 - End SaveConfig() Used Memory: 897971624 Bytes (1073741824)
2026-05-05 12:55:51,580 [INFO] BlockDiagram:2775 - set Specific Code input for plugin: SYS
2026-05-05 12:55:51,580 [INFO] BlockDiagram:2775 - set Specific Code input for plugin: RCC
2026-05-05 12:55:51,580 [INFO] BlockDiagram:2775 - set Specific Code input for plugin: HRTIM
2026-05-05 12:55:51,581 [INFO] BlockDiagram:2775 - set Specific Code input for plugin: NVIC
2026-05-05 12:55:51,581 [INFO] BlockDiagram:2775 - set Specific Code input for plugin: GPIO
2026-05-05 12:55:51,582 [INFO] CodeGenerator:892 - code generatio: config db path: C:\ST\STM32CubeIDE_1.19.0\STM32CubeIDE\plugins\com.st.stm32cube.common.mx_6.15.0.202507011659\\db\
2026-05-05 12:55:51,836 [INFO] CodeEngine:265 - oldGeneratedFile, C:\Users\Александра\Documents\hrtim_test_pwm_1_signal\test_hrtim1\MXTmpFiles\license.tmp_save
2026-05-05 12:55:52,262 [INFO] CodeEngine:289 - Generated code: C:\Users\Александра\Documents\hrtim_test_pwm_1_signal\test_hrtim1\MXTmpFiles\license.tmp
2026-05-05 12:55:52,359 [INFO] CodeEngine:265 - oldGeneratedFile, C:\Users\Александра\Documents\hrtim_test_pwm_1_signal\test_hrtim1\MXTmpFiles\gpio.tmp_save
2026-05-05 12:55:52,632 [INFO] CodeEngine:289 - Generated code: C:\Users\Александра\Documents\hrtim_test_pwm_1_signal\test_hrtim1\MXTmpFiles\gpio.tmp
2026-05-05 12:55:53,612 [INFO] CodeEngine:265 - oldGeneratedFile, C:\Users\Александра\Documents\hrtim_test_pwm_1_signal\test_hrtim1\Core\Src\stm32g4xx_it.c_save
2026-05-05 12:55:53,792 [INFO] CodeEngine:289 - Generated code: C:\Users\Александра\Documents\hrtim_test_pwm_1_signal\test_hrtim1\Core\Src\stm32g4xx_it.c
2026-05-05 12:55:53,802 [INFO] CodeEngine:265 - oldGeneratedFile, C:\Users\Александра\Documents\hrtim_test_pwm_1_signal\test_hrtim1\Core\Inc\stm32g4xx_it.h_save
2026-05-05 12:55:53,944 [INFO] CodeEngine:289 - Generated code: C:\Users\Александра\Documents\hrtim_test_pwm_1_signal\test_hrtim1\Core\Inc\stm32g4xx_it.h
2026-05-05 12:55:53,969 [INFO] CodeEngine:265 - oldGeneratedFile, C:\Users\Александра\Documents\hrtim_test_pwm_1_signal\test_hrtim1\Core\Src\stm32g4xx_hal_msp.c_save
2026-05-05 12:55:54,133 [INFO] CodeEngine:289 - Generated code: C:\Users\Александра\Documents\hrtim_test_pwm_1_signal\test_hrtim1\Core\Src\stm32g4xx_hal_msp.c
2026-05-05 12:55:54,141 [INFO] CodeEngine:265 - oldGeneratedFile, C:\Users\Александра\Documents\hrtim_test_pwm_1_signal\test_hrtim1\MXTmpFiles\system.tmp_save
2026-05-05 12:55:54,240 [INFO] CodeEngine:289 - Generated code: C:\Users\Александра\Documents\hrtim_test_pwm_1_signal\test_hrtim1\MXTmpFiles\system.tmp
2026-05-05 12:55:54,259 [INFO] CodeEngine:321 - oldGeneratedFile, C:\Users\Александра\Documents\hrtim_test_pwm_1_signal\test_hrtim1\Core\Inc\stm32g4xx_hal_conf.h_save
2026-05-05 12:55:54,358 [INFO] CodeEngine:345 - Generated code: C:\Users\Александра\Documents\hrtim_test_pwm_1_signal\test_hrtim1\Core\Inc\stm32g4xx_hal_conf.h
2026-05-05 12:55:54,379 [WARN] IPConfigManager:3238 - Warning: the RefConfig RCC_CommonPeriphClockConfig is not available in your config.xml file
2026-05-05 12:55:54,397 [INFO] CodeEngine:265 - oldGeneratedFile, C:\Users\Александра\Documents\hrtim_test_pwm_1_signal\test_hrtim1\Core\Inc\main.h_save
2026-05-05 12:55:54,507 [INFO] CodeEngine:289 - Generated code: C:\Users\Александра\Documents\hrtim_test_pwm_1_signal\test_hrtim1\Core\Inc\main.h
2026-05-05 12:55:54,518 [INFO] CodeEngine:265 - oldGeneratedFile, C:\Users\Александра\Documents\hrtim_test_pwm_1_signal\test_hrtim1\Core\Src\main.c_save
2026-05-05 12:55:54,699 [INFO] CodeEngine:289 - Generated code: C:\Users\Александра\Documents\hrtim_test_pwm_1_signal\test_hrtim1\Core\Src\main.c
2026-05-05 12:55:55,307 [INFO] ProjectBuilder:3606 - Time for Copy HAL[1] : 256mS.
2026-05-05 12:55:55,311 [INFO] ProjectBuilder:5216 - Project Generator version: 4.7.0-B52
2026-05-05 12:55:55,481 [INFO] ConfigFileManager:1595 - The Die is : DIE469
2026-05-05 12:55:56,755 [INFO] ProjectBuilder:5496 - Time for Generating toolchain IDE Files: 1443mS.
2026-05-05 12:55:56,756 [INFO] ProjectBuilder:3463 - Time for Copy CMSIS : 1mS.
2026-05-05 12:55:56,761 [INFO] ProjectBuilder:3463 - Time for Copy CMSIS : 1mS.
2026-05-05 12:57:41,111 [INFO] NvicIntPanel:101 - NVIC parent = com.st.microxplorer.plugins.ip.nvic.MultiNvicIntPanel[,0,0,0x0,invalid,layout=javax.swing.BoxLayout,alignmentX=0.0,alignmentY=0.0,border=,flags=9,maximumSize=,minimumSize=,preferredSize=]
2026-05-05 12:57:47,646 [WARN] Mcu:7025 - HRTIM1 Clean up: some unused parameters were removed
2026-05-05 12:57:47,649 [INFO] UtilMem:75 - End SaveConfig() Used Memory: 995660280 Bytes (1073741824)
2026-05-05 12:57:50,477 [WARN] Mcu:7025 - HRTIM1 Clean up: some unused parameters were removed
2026-05-05 12:57:50,480 [INFO] UtilMem:75 - End SaveConfig() Used Memory: 971329240 Bytes (1073741824)
2026-05-05 12:57:53,112 [WARN] Mcu:7025 - HRTIM1 Clean up: some unused parameters were removed
2026-05-05 12:57:53,116 [INFO] UtilMem:75 - End SaveConfig() Used Memory: 916330168 Bytes (1073741824)
2026-05-05 12:57:53,398 [INFO] BlockDiagram:2775 - set Specific Code input for plugin: SYS
2026-05-05 12:57:53,398 [INFO] BlockDiagram:2775 - set Specific Code input for plugin: RCC
2026-05-05 12:57:53,398 [INFO] BlockDiagram:2775 - set Specific Code input for plugin: HRTIM
2026-05-05 12:57:53,398 [INFO] BlockDiagram:2775 - set Specific Code input for plugin: NVIC
2026-05-05 12:57:53,399 [INFO] BlockDiagram:2775 - set Specific Code input for plugin: GPIO
2026-05-05 12:57:53,400 [INFO] CodeGenerator:892 - code generatio: config db path: C:\ST\STM32CubeIDE_1.19.0\STM32CubeIDE\plugins\com.st.stm32cube.common.mx_6.15.0.202507011659\\db\
2026-05-05 12:57:53,658 [INFO] CodeEngine:265 - oldGeneratedFile, C:\Users\Александра\Documents\hrtim_test_pwm_1_signal\test_hrtim1\MXTmpFiles\license.tmp_save
2026-05-05 12:57:53,739 [INFO] CodeEngine:289 - Generated code: C:\Users\Александра\Documents\hrtim_test_pwm_1_signal\test_hrtim1\MXTmpFiles\license.tmp
2026-05-05 12:57:53,779 [INFO] CodeEngine:265 - oldGeneratedFile, C:\Users\Александра\Documents\hrtim_test_pwm_1_signal\test_hrtim1\MXTmpFiles\gpio.tmp_save
2026-05-05 12:57:53,879 [INFO] CodeEngine:289 - Generated code: C:\Users\Александра\Documents\hrtim_test_pwm_1_signal\test_hrtim1\MXTmpFiles\gpio.tmp
2026-05-05 12:57:54,218 [INFO] CodeEngine:265 - oldGeneratedFile, C:\Users\Александра\Documents\hrtim_test_pwm_1_signal\test_hrtim1\Core\Src\stm32g4xx_it.c_save
2026-05-05 12:57:54,299 [INFO] CodeEngine:289 - Generated code: C:\Users\Александра\Documents\hrtim_test_pwm_1_signal\test_hrtim1\Core\Src\stm32g4xx_it.c
2026-05-05 12:57:54,308 [INFO] CodeEngine:265 - oldGeneratedFile, C:\Users\Александра\Documents\hrtim_test_pwm_1_signal\test_hrtim1\Core\Inc\stm32g4xx_it.h_save
2026-05-05 12:57:54,374 [INFO] CodeEngine:289 - Generated code: C:\Users\Александра\Documents\hrtim_test_pwm_1_signal\test_hrtim1\Core\Inc\stm32g4xx_it.h
2026-05-05 12:57:54,394 [INFO] CodeEngine:265 - oldGeneratedFile, C:\Users\Александра\Documents\hrtim_test_pwm_1_signal\test_hrtim1\Core\Src\stm32g4xx_hal_msp.c_save
2026-05-05 12:57:54,498 [INFO] CodeEngine:289 - Generated code: C:\Users\Александра\Documents\hrtim_test_pwm_1_signal\test_hrtim1\Core\Src\stm32g4xx_hal_msp.c
2026-05-05 12:57:54,506 [INFO] CodeEngine:265 - oldGeneratedFile, C:\Users\Александра\Documents\hrtim_test_pwm_1_signal\test_hrtim1\MXTmpFiles\system.tmp_save
2026-05-05 12:57:54,573 [INFO] CodeEngine:289 - Generated code: C:\Users\Александра\Documents\hrtim_test_pwm_1_signal\test_hrtim1\MXTmpFiles\system.tmp
2026-05-05 12:57:54,590 [INFO] CodeEngine:321 - oldGeneratedFile, C:\Users\Александра\Documents\hrtim_test_pwm_1_signal\test_hrtim1\Core\Inc\stm32g4xx_hal_conf.h_save
2026-05-05 12:57:54,680 [INFO] CodeEngine:345 - Generated code: C:\Users\Александра\Documents\hrtim_test_pwm_1_signal\test_hrtim1\Core\Inc\stm32g4xx_hal_conf.h
2026-05-05 12:57:54,697 [WARN] IPConfigManager:3238 - Warning: the RefConfig RCC_CommonPeriphClockConfig is not available in your config.xml file
2026-05-05 12:57:54,712 [INFO] CodeEngine:265 - oldGeneratedFile, C:\Users\Александра\Documents\hrtim_test_pwm_1_signal\test_hrtim1\Core\Inc\main.h_save
2026-05-05 12:57:54,794 [INFO] CodeEngine:289 - Generated code: C:\Users\Александра\Documents\hrtim_test_pwm_1_signal\test_hrtim1\Core\Inc\main.h
2026-05-05 12:57:54,804 [INFO] CodeEngine:265 - oldGeneratedFile, C:\Users\Александра\Documents\hrtim_test_pwm_1_signal\test_hrtim1\Core\Src\main.c_save
2026-05-05 12:57:54,958 [INFO] CodeEngine:289 - Generated code: C:\Users\Александра\Documents\hrtim_test_pwm_1_signal\test_hrtim1\Core\Src\main.c
2026-05-05 12:57:55,349 [INFO] ProjectBuilder:3606 - Time for Copy HAL[1] : 184mS.
2026-05-05 12:57:55,354 [INFO] ProjectBuilder:5216 - Project Generator version: 4.7.0-B52
2026-05-05 12:57:55,468 [INFO] ConfigFileManager:1595 - The Die is : DIE469
2026-05-05 12:57:56,676 [INFO] ProjectBuilder:5496 - Time for Generating toolchain IDE Files: 1321mS.
2026-05-05 12:57:56,678 [INFO] ProjectBuilder:3463 - Time for Copy CMSIS : 2mS.
2026-05-05 12:57:56,685 [INFO] ProjectBuilder:3463 - Time for Copy CMSIS : 0mS.
2026-05-05 13:06:14,431 [INFO] NvicIntPanel:101 - NVIC parent = com.st.microxplorer.plugins.ip.nvic.MultiNvicIntPanel[,0,0,0x0,invalid,layout=javax.swing.BoxLayout,alignmentX=0.0,alignmentY=0.0,border=,flags=9,maximumSize=,minimumSize=,preferredSize=]
2026-05-05 13:06:16,614 [INFO] NvicIntPanel:101 - NVIC parent = com.st.microxplorer.plugins.ip.nvic.MultiNvicIntPanel[,0,0,0x0,invalid,layout=javax.swing.BoxLayout,alignmentX=0.0,alignmentY=0.0,border=,flags=9,maximumSize=,minimumSize=,preferredSize=]
2026-05-05 13:06:21,364 [WARN] Mcu:7025 - HRTIM1 Clean up: some unused parameters were removed
2026-05-05 13:06:21,371 [INFO] UtilMem:75 - End SaveConfig() Used Memory: 881790760 Bytes (1073741824)
2026-05-05 13:06:23,776 [WARN] Mcu:7025 - HRTIM1 Clean up: some unused parameters were removed
2026-05-05 13:06:23,780 [INFO] UtilMem:75 - End SaveConfig() Used Memory: 853686680 Bytes (1073741824)
2026-05-05 13:06:27,432 [WARN] Mcu:7025 - HRTIM1 Clean up: some unused parameters were removed
2026-05-05 13:06:27,447 [INFO] UtilMem:75 - End SaveConfig() Used Memory: 916001032 Bytes (1073741824)
2026-05-05 13:06:30,327 [INFO] BlockDiagram:2775 - set Specific Code input for plugin: SYS
2026-05-05 13:06:30,327 [INFO] BlockDiagram:2775 - set Specific Code input for plugin: RCC
2026-05-05 13:06:30,327 [INFO] BlockDiagram:2775 - set Specific Code input for plugin: HRTIM
2026-05-05 13:06:30,327 [INFO] BlockDiagram:2775 - set Specific Code input for plugin: NVIC
2026-05-05 13:06:30,328 [INFO] BlockDiagram:2775 - set Specific Code input for plugin: GPIO
2026-05-05 13:06:30,338 [INFO] CodeGenerator:892 - code generatio: config db path: C:\ST\STM32CubeIDE_1.19.0\STM32CubeIDE\plugins\com.st.stm32cube.common.mx_6.15.0.202507011659\\db\
2026-05-05 13:06:30,673 [INFO] CodeEngine:265 - oldGeneratedFile, C:\Users\Александра\Documents\hrtim_test_pwm_1_signal\test_hrtim1\MXTmpFiles\license.tmp_save
2026-05-05 13:06:31,576 [INFO] CodeEngine:289 - Generated code: C:\Users\Александра\Documents\hrtim_test_pwm_1_signal\test_hrtim1\MXTmpFiles\license.tmp
2026-05-05 13:06:31,734 [INFO] CodeEngine:265 - oldGeneratedFile, C:\Users\Александра\Documents\hrtim_test_pwm_1_signal\test_hrtim1\MXTmpFiles\gpio.tmp_save
2026-05-05 13:06:32,525 [INFO] CodeEngine:289 - Generated code: C:\Users\Александра\Documents\hrtim_test_pwm_1_signal\test_hrtim1\MXTmpFiles\gpio.tmp
2026-05-05 13:06:34,064 [INFO] CodeEngine:265 - oldGeneratedFile, C:\Users\Александра\Documents\hrtim_test_pwm_1_signal\test_hrtim1\Core\Src\stm32g4xx_it.c_save
2026-05-05 13:06:34,708 [INFO] CodeEngine:289 - Generated code: C:\Users\Александра\Documents\hrtim_test_pwm_1_signal\test_hrtim1\Core\Src\stm32g4xx_it.c
2026-05-05 13:06:34,719 [INFO] CodeEngine:265 - oldGeneratedFile, C:\Users\Александра\Documents\hrtim_test_pwm_1_signal\test_hrtim1\Core\Inc\stm32g4xx_it.h_save
2026-05-05 13:06:35,014 [INFO] CodeEngine:289 - Generated code: C:\Users\Александра\Documents\hrtim_test_pwm_1_signal\test_hrtim1\Core\Inc\stm32g4xx_it.h
2026-05-05 13:06:35,049 [INFO] CodeEngine:265 - oldGeneratedFile, C:\Users\Александра\Documents\hrtim_test_pwm_1_signal\test_hrtim1\Core\Src\stm32g4xx_hal_msp.c_save
2026-05-05 13:06:35,434 [INFO] CodeEngine:289 - Generated code: C:\Users\Александра\Documents\hrtim_test_pwm_1_signal\test_hrtim1\Core\Src\stm32g4xx_hal_msp.c
2026-05-05 13:06:35,448 [INFO] CodeEngine:265 - oldGeneratedFile, C:\Users\Александра\Documents\hrtim_test_pwm_1_signal\test_hrtim1\MXTmpFiles\system.tmp_save
2026-05-05 13:06:35,601 [INFO] CodeEngine:289 - Generated code: C:\Users\Александра\Documents\hrtim_test_pwm_1_signal\test_hrtim1\MXTmpFiles\system.tmp
2026-05-05 13:06:35,629 [INFO] CodeEngine:321 - oldGeneratedFile, C:\Users\Александра\Documents\hrtim_test_pwm_1_signal\test_hrtim1\Core\Inc\stm32g4xx_hal_conf.h_save
2026-05-05 13:06:35,809 [INFO] CodeEngine:345 - Generated code: C:\Users\Александра\Documents\hrtim_test_pwm_1_signal\test_hrtim1\Core\Inc\stm32g4xx_hal_conf.h
2026-05-05 13:06:35,849 [WARN] IPConfigManager:3238 - Warning: the RefConfig RCC_CommonPeriphClockConfig is not available in your config.xml file
2026-05-05 13:06:35,876 [INFO] CodeEngine:265 - oldGeneratedFile, C:\Users\Александра\Documents\hrtim_test_pwm_1_signal\test_hrtim1\Core\Inc\main.h_save
2026-05-05 13:06:36,118 [INFO] CodeEngine:289 - Generated code: C:\Users\Александра\Documents\hrtim_test_pwm_1_signal\test_hrtim1\Core\Inc\main.h
2026-05-05 13:06:36,146 [INFO] CodeEngine:265 - oldGeneratedFile, C:\Users\Александра\Documents\hrtim_test_pwm_1_signal\test_hrtim1\Core\Src\main.c_save
2026-05-05 13:06:36,523 [INFO] CodeEngine:289 - Generated code: C:\Users\Александра\Documents\hrtim_test_pwm_1_signal\test_hrtim1\Core\Src\main.c
2026-05-05 13:06:38,797 [INFO] ProjectBuilder:3606 - Time for Copy HAL[1] : 905mS.
2026-05-05 13:06:38,814 [INFO] ProjectBuilder:5216 - Project Generator version: 4.7.0-B52
2026-05-05 13:06:39,267 [INFO] ConfigFileManager:1595 - The Die is : DIE469
2026-05-05 13:06:43,178 [INFO] ProjectBuilder:5496 - Time for Generating toolchain IDE Files: 4363mS.
2026-05-05 13:06:43,179 [INFO] ProjectBuilder:3463 - Time for Copy CMSIS : 1mS.
2026-05-05 13:06:43,192 [INFO] ProjectBuilder:3463 - Time for Copy CMSIS : 0mS.
2026-05-05 13:08:28,303 [INFO] NvicIntPanel:101 - NVIC parent = com.st.microxplorer.plugins.ip.nvic.MultiNvicIntPanel[,0,0,0x0,invalid,layout=javax.swing.BoxLayout,alignmentX=0.0,alignmentY=0.0,border=,flags=9,maximumSize=,minimumSize=,preferredSize=]
2026-05-05 13:09:10,591 [INFO] NvicIntPanel:101 - NVIC parent = com.st.microxplorer.plugins.ip.nvic.MultiNvicIntPanel[,0,0,0x0,invalid,layout=javax.swing.BoxLayout,alignmentX=0.0,alignmentY=0.0,border=,flags=9,maximumSize=,minimumSize=,preferredSize=]
2026-05-05 13:09:19,479 [WARN] Mcu:7025 - HRTIM1 Clean up: some unused parameters were removed
2026-05-05 13:09:19,485 [INFO] UtilMem:75 - End SaveConfig() Used Memory: 875116296 Bytes (1073741824)
2026-05-05 13:09:29,355 [WARN] Mcu:7025 - HRTIM1 Clean up: some unused parameters were removed
2026-05-05 13:09:29,359 [INFO] UtilMem:75 - End SaveConfig() Used Memory: 856157096 Bytes (1073741824)
2026-05-05 13:09:32,683 [WARN] Mcu:7025 - HRTIM1 Clean up: some unused parameters were removed
2026-05-05 13:09:32,687 [INFO] UtilMem:75 - End SaveConfig() Used Memory: 936162440 Bytes (1073741824)
2026-05-05 13:09:33,092 [INFO] BlockDiagram:2775 - set Specific Code input for plugin: SYS
2026-05-05 13:09:33,092 [INFO] BlockDiagram:2775 - set Specific Code input for plugin: RCC
2026-05-05 13:09:33,092 [INFO] BlockDiagram:2775 - set Specific Code input for plugin: HRTIM
2026-05-05 13:09:33,092 [INFO] BlockDiagram:2775 - set Specific Code input for plugin: NVIC
2026-05-05 13:09:33,094 [INFO] BlockDiagram:2775 - set Specific Code input for plugin: GPIO
2026-05-05 13:09:33,099 [INFO] CodeGenerator:892 - code generatio: config db path: C:\ST\STM32CubeIDE_1.19.0\STM32CubeIDE\plugins\com.st.stm32cube.common.mx_6.15.0.202507011659\\db\
2026-05-05 13:09:33,373 [INFO] CodeEngine:265 - oldGeneratedFile, C:\Users\Александра\Documents\hrtim_test_pwm_1_signal\test_hrtim1\MXTmpFiles\license.tmp_save
2026-05-05 13:09:33,855 [INFO] CodeEngine:289 - Generated code: C:\Users\Александра\Documents\hrtim_test_pwm_1_signal\test_hrtim1\MXTmpFiles\license.tmp
2026-05-05 13:09:33,970 [INFO] CodeEngine:265 - oldGeneratedFile, C:\Users\Александра\Documents\hrtim_test_pwm_1_signal\test_hrtim1\MXTmpFiles\gpio.tmp_save
2026-05-05 13:09:34,359 [INFO] CodeEngine:289 - Generated code: C:\Users\Александра\Documents\hrtim_test_pwm_1_signal\test_hrtim1\MXTmpFiles\gpio.tmp
2026-05-05 13:09:35,276 [INFO] CodeEngine:265 - oldGeneratedFile, C:\Users\Александра\Documents\hrtim_test_pwm_1_signal\test_hrtim1\Core\Src\stm32g4xx_it.c_save
2026-05-05 13:09:35,475 [INFO] CodeEngine:289 - Generated code: C:\Users\Александра\Documents\hrtim_test_pwm_1_signal\test_hrtim1\Core\Src\stm32g4xx_it.c
2026-05-05 13:09:35,487 [INFO] CodeEngine:265 - oldGeneratedFile, C:\Users\Александра\Documents\hrtim_test_pwm_1_signal\test_hrtim1\Core\Inc\stm32g4xx_it.h_save
2026-05-05 13:09:35,614 [INFO] CodeEngine:289 - Generated code: C:\Users\Александра\Documents\hrtim_test_pwm_1_signal\test_hrtim1\Core\Inc\stm32g4xx_it.h
2026-05-05 13:09:35,638 [INFO] CodeEngine:265 - oldGeneratedFile, C:\Users\Александра\Documents\hrtim_test_pwm_1_signal\test_hrtim1\Core\Src\stm32g4xx_hal_msp.c_save
2026-05-05 13:09:35,810 [INFO] CodeEngine:289 - Generated code: C:\Users\Александра\Documents\hrtim_test_pwm_1_signal\test_hrtim1\Core\Src\stm32g4xx_hal_msp.c
2026-05-05 13:09:35,818 [INFO] CodeEngine:265 - oldGeneratedFile, C:\Users\Александра\Documents\hrtim_test_pwm_1_signal\test_hrtim1\MXTmpFiles\system.tmp_save
2026-05-05 13:09:35,928 [INFO] CodeEngine:289 - Generated code: C:\Users\Александра\Documents\hrtim_test_pwm_1_signal\test_hrtim1\MXTmpFiles\system.tmp
2026-05-05 13:09:35,949 [INFO] CodeEngine:321 - oldGeneratedFile, C:\Users\Александра\Documents\hrtim_test_pwm_1_signal\test_hrtim1\Core\Inc\stm32g4xx_hal_conf.h_save
2026-05-05 13:09:36,072 [INFO] CodeEngine:345 - Generated code: C:\Users\Александра\Documents\hrtim_test_pwm_1_signal\test_hrtim1\Core\Inc\stm32g4xx_hal_conf.h
2026-05-05 13:09:36,102 [WARN] IPConfigManager:3238 - Warning: the RefConfig RCC_CommonPeriphClockConfig is not available in your config.xml file
2026-05-05 13:09:36,122 [INFO] CodeEngine:265 - oldGeneratedFile, C:\Users\Александра\Documents\hrtim_test_pwm_1_signal\test_hrtim1\Core\Inc\main.h_save
2026-05-05 13:09:36,255 [INFO] CodeEngine:289 - Generated code: C:\Users\Александра\Documents\hrtim_test_pwm_1_signal\test_hrtim1\Core\Inc\main.h
2026-05-05 13:09:36,268 [INFO] CodeEngine:265 - oldGeneratedFile, C:\Users\Александра\Documents\hrtim_test_pwm_1_signal\test_hrtim1\Core\Src\main.c_save
2026-05-05 13:09:36,483 [INFO] CodeEngine:289 - Generated code: C:\Users\Александра\Documents\hrtim_test_pwm_1_signal\test_hrtim1\Core\Src\main.c
2026-05-05 13:09:37,094 [INFO] ProjectBuilder:3606 - Time for Copy HAL[1] : 315mS.
2026-05-05 13:09:37,099 [INFO] ProjectBuilder:5216 - Project Generator version: 4.7.0-B52
2026-05-05 13:09:37,411 [INFO] ConfigFileManager:1595 - The Die is : DIE469
2026-05-05 13:09:40,065 [INFO] ProjectBuilder:5496 - Time for Generating toolchain IDE Files: 2965mS.
2026-05-05 13:09:40,066 [INFO] ProjectBuilder:3463 - Time for Copy CMSIS : 1mS.
2026-05-05 13:09:40,073 [INFO] ProjectBuilder:3463 - Time for Copy CMSIS : 1mS.
2026-05-05 13:14:30,033 [INFO] NvicIntPanel:101 - NVIC parent = com.st.microxplorer.plugins.ip.nvic.MultiNvicIntPanel[,0,0,0x0,invalid,layout=javax.swing.BoxLayout,alignmentX=0.0,alignmentY=0.0,border=,flags=9,maximumSize=,minimumSize=,preferredSize=]
2026-05-05 13:14:34,211 [WARN] Mcu:7025 - HRTIM1 Clean up: some unused parameters were removed
2026-05-05 13:14:34,215 [INFO] UtilMem:75 - End SaveConfig() Used Memory: 944964896 Bytes (1073741824)
2026-05-05 13:14:37,111 [WARN] Mcu:7025 - HRTIM1 Clean up: some unused parameters were removed
2026-05-05 13:14:37,116 [INFO] UtilMem:75 - End SaveConfig() Used Memory: 933852240 Bytes (1073741824)
2026-05-05 13:14:40,552 [WARN] Mcu:7025 - HRTIM1 Clean up: some unused parameters were removed
2026-05-05 13:14:40,556 [INFO] UtilMem:75 - End SaveConfig() Used Memory: 908556280 Bytes (1073741824)
2026-05-05 13:14:41,174 [INFO] BlockDiagram:2775 - set Specific Code input for plugin: SYS
2026-05-05 13:14:41,174 [INFO] BlockDiagram:2775 - set Specific Code input for plugin: RCC
2026-05-05 13:14:41,175 [INFO] BlockDiagram:2775 - set Specific Code input for plugin: HRTIM
2026-05-05 13:14:41,175 [INFO] BlockDiagram:2775 - set Specific Code input for plugin: NVIC
2026-05-05 13:14:41,175 [INFO] BlockDiagram:2775 - set Specific Code input for plugin: GPIO
2026-05-05 13:14:41,177 [INFO] CodeGenerator:892 - code generatio: config db path: C:\ST\STM32CubeIDE_1.19.0\STM32CubeIDE\plugins\com.st.stm32cube.common.mx_6.15.0.202507011659\\db\
2026-05-05 13:14:41,396 [INFO] CodeEngine:265 - oldGeneratedFile, C:\Users\Александра\Documents\hrtim_test_pwm_1_signal\test_hrtim1\MXTmpFiles\license.tmp_save
2026-05-05 13:14:42,131 [INFO] CodeEngine:289 - Generated code: C:\Users\Александра\Documents\hrtim_test_pwm_1_signal\test_hrtim1\MXTmpFiles\license.tmp
2026-05-05 13:14:42,203 [INFO] CodeEngine:265 - oldGeneratedFile, C:\Users\Александра\Documents\hrtim_test_pwm_1_signal\test_hrtim1\MXTmpFiles\gpio.tmp_save
2026-05-05 13:14:42,417 [INFO] CodeEngine:289 - Generated code: C:\Users\Александра\Documents\hrtim_test_pwm_1_signal\test_hrtim1\MXTmpFiles\gpio.tmp
2026-05-05 13:14:43,501 [INFO] CodeEngine:265 - oldGeneratedFile, C:\Users\Александра\Documents\hrtim_test_pwm_1_signal\test_hrtim1\Core\Src\stm32g4xx_it.c_save
2026-05-05 13:14:43,972 [INFO] CodeEngine:289 - Generated code: C:\Users\Александра\Documents\hrtim_test_pwm_1_signal\test_hrtim1\Core\Src\stm32g4xx_it.c
2026-05-05 13:14:43,982 [INFO] CodeEngine:265 - oldGeneratedFile, C:\Users\Александра\Documents\hrtim_test_pwm_1_signal\test_hrtim1\Core\Inc\stm32g4xx_it.h_save
2026-05-05 13:14:44,114 [INFO] CodeEngine:289 - Generated code: C:\Users\Александра\Documents\hrtim_test_pwm_1_signal\test_hrtim1\Core\Inc\stm32g4xx_it.h
2026-05-05 13:14:44,143 [INFO] CodeEngine:265 - oldGeneratedFile, C:\Users\Александра\Documents\hrtim_test_pwm_1_signal\test_hrtim1\Core\Src\stm32g4xx_hal_msp.c_save
2026-05-05 13:14:44,338 [INFO] CodeEngine:289 - Generated code: C:\Users\Александра\Documents\hrtim_test_pwm_1_signal\test_hrtim1\Core\Src\stm32g4xx_hal_msp.c
2026-05-05 13:14:44,346 [INFO] CodeEngine:265 - oldGeneratedFile, C:\Users\Александра\Documents\hrtim_test_pwm_1_signal\test_hrtim1\MXTmpFiles\system.tmp_save
2026-05-05 13:14:44,437 [INFO] CodeEngine:289 - Generated code: C:\Users\Александра\Documents\hrtim_test_pwm_1_signal\test_hrtim1\MXTmpFiles\system.tmp
2026-05-05 13:14:44,454 [INFO] CodeEngine:321 - oldGeneratedFile, C:\Users\Александра\Documents\hrtim_test_pwm_1_signal\test_hrtim1\Core\Inc\stm32g4xx_hal_conf.h_save
2026-05-05 13:14:44,550 [INFO] CodeEngine:345 - Generated code: C:\Users\Александра\Documents\hrtim_test_pwm_1_signal\test_hrtim1\Core\Inc\stm32g4xx_hal_conf.h
2026-05-05 13:14:44,577 [WARN] IPConfigManager:3238 - Warning: the RefConfig RCC_CommonPeriphClockConfig is not available in your config.xml file
2026-05-05 13:14:44,596 [INFO] CodeEngine:265 - oldGeneratedFile, C:\Users\Александра\Documents\hrtim_test_pwm_1_signal\test_hrtim1\Core\Inc\main.h_save
2026-05-05 13:14:44,742 [INFO] CodeEngine:289 - Generated code: C:\Users\Александра\Documents\hrtim_test_pwm_1_signal\test_hrtim1\Core\Inc\main.h
2026-05-05 13:14:44,751 [INFO] CodeEngine:265 - oldGeneratedFile, C:\Users\Александра\Documents\hrtim_test_pwm_1_signal\test_hrtim1\Core\Src\main.c_save
2026-05-05 13:14:44,929 [INFO] CodeEngine:289 - Generated code: C:\Users\Александра\Documents\hrtim_test_pwm_1_signal\test_hrtim1\Core\Src\main.c
2026-05-05 13:14:45,828 [INFO] ProjectBuilder:3606 - Time for Copy HAL[1] : 330mS.
2026-05-05 13:14:45,833 [INFO] ProjectBuilder:5216 - Project Generator version: 4.7.0-B52
2026-05-05 13:14:46,092 [INFO] ConfigFileManager:1595 - The Die is : DIE469
2026-05-05 13:14:48,137 [INFO] ProjectBuilder:5496 - Time for Generating toolchain IDE Files: 2304mS.
2026-05-05 13:14:48,138 [INFO] ProjectBuilder:3463 - Time for Copy CMSIS : 1mS.
2026-05-05 13:14:48,142 [INFO] ProjectBuilder:3463 - Time for Copy CMSIS : 0mS.
2026-05-05 13:18:28,166 [INFO] NvicIntPanel:101 - NVIC parent = com.st.microxplorer.plugins.ip.nvic.MultiNvicIntPanel[,0,0,0x0,invalid,layout=javax.swing.BoxLayout,alignmentX=0.0,alignmentY=0.0,border=,flags=9,maximumSize=,minimumSize=,preferredSize=]
2026-05-05 13:18:37,780 [INFO] NvicIntPanel:101 - NVIC parent = com.st.microxplorer.plugins.ip.nvic.MultiNvicIntPanel[,0,0,0x0,invalid,layout=javax.swing.BoxLayout,alignmentX=0.0,alignmentY=0.0,border=,flags=9,maximumSize=,minimumSize=,preferredSize=]
2026-05-05 13:18:48,078 [WARN] Mcu:7025 - HRTIM1 Clean up: some unused parameters were removed
2026-05-05 13:18:48,081 [INFO] UtilMem:75 - End SaveConfig() Used Memory: 974843800 Bytes (1073741824)
2026-05-05 13:18:51,598 [WARN] Mcu:7025 - HRTIM1 Clean up: some unused parameters were removed
2026-05-05 13:18:51,602 [INFO] UtilMem:75 - End SaveConfig() Used Memory: 984090008 Bytes (1073741824)
2026-05-05 13:18:54,603 [WARN] Mcu:7025 - HRTIM1 Clean up: some unused parameters were removed
2026-05-05 13:18:54,608 [INFO] UtilMem:75 - End SaveConfig() Used Memory: 978797960 Bytes (1073741824)
2026-05-05 13:18:54,876 [INFO] BlockDiagram:2775 - set Specific Code input for plugin: SYS
2026-05-05 13:18:54,876 [INFO] BlockDiagram:2775 - set Specific Code input for plugin: RCC
2026-05-05 13:18:54,877 [INFO] BlockDiagram:2775 - set Specific Code input for plugin: HRTIM
2026-05-05 13:18:54,877 [INFO] BlockDiagram:2775 - set Specific Code input for plugin: NVIC
2026-05-05 13:18:54,877 [INFO] BlockDiagram:2775 - set Specific Code input for plugin: GPIO
2026-05-05 13:18:54,879 [INFO] CodeGenerator:892 - code generatio: config db path: C:\ST\STM32CubeIDE_1.19.0\STM32CubeIDE\plugins\com.st.stm32cube.common.mx_6.15.0.202507011659\\db\
2026-05-05 13:18:55,080 [INFO] CodeEngine:265 - oldGeneratedFile, C:\Users\Александра\Documents\hrtim_test_pwm_1_signal\test_hrtim1\MXTmpFiles\license.tmp_save
2026-05-05 13:18:55,267 [INFO] CodeEngine:289 - Generated code: C:\Users\Александра\Documents\hrtim_test_pwm_1_signal\test_hrtim1\MXTmpFiles\license.tmp
2026-05-05 13:18:55,361 [INFO] CodeEngine:265 - oldGeneratedFile, C:\Users\Александра\Documents\hrtim_test_pwm_1_signal\test_hrtim1\MXTmpFiles\gpio.tmp_save
2026-05-05 13:18:55,507 [INFO] CodeEngine:289 - Generated code: C:\Users\Александра\Documents\hrtim_test_pwm_1_signal\test_hrtim1\MXTmpFiles\gpio.tmp
2026-05-05 13:18:56,401 [INFO] CodeEngine:265 - oldGeneratedFile, C:\Users\Александра\Documents\hrtim_test_pwm_1_signal\test_hrtim1\Core\Src\stm32g4xx_it.c_save
2026-05-05 13:18:56,671 [INFO] CodeEngine:289 - Generated code: C:\Users\Александра\Documents\hrtim_test_pwm_1_signal\test_hrtim1\Core\Src\stm32g4xx_it.c
2026-05-05 13:18:56,681 [INFO] CodeEngine:265 - oldGeneratedFile, C:\Users\Александра\Documents\hrtim_test_pwm_1_signal\test_hrtim1\Core\Inc\stm32g4xx_it.h_save
2026-05-05 13:18:56,761 [INFO] CodeEngine:289 - Generated code: C:\Users\Александра\Documents\hrtim_test_pwm_1_signal\test_hrtim1\Core\Inc\stm32g4xx_it.h
2026-05-05 13:18:56,784 [INFO] CodeEngine:265 - oldGeneratedFile, C:\Users\Александра\Documents\hrtim_test_pwm_1_signal\test_hrtim1\Core\Src\stm32g4xx_hal_msp.c_save
2026-05-05 13:18:56,955 [INFO] CodeEngine:289 - Generated code: C:\Users\Александра\Documents\hrtim_test_pwm_1_signal\test_hrtim1\Core\Src\stm32g4xx_hal_msp.c
2026-05-05 13:18:56,963 [INFO] CodeEngine:265 - oldGeneratedFile, C:\Users\Александра\Documents\hrtim_test_pwm_1_signal\test_hrtim1\MXTmpFiles\system.tmp_save
2026-05-05 13:18:57,034 [INFO] CodeEngine:289 - Generated code: C:\Users\Александра\Documents\hrtim_test_pwm_1_signal\test_hrtim1\MXTmpFiles\system.tmp
2026-05-05 13:18:57,048 [INFO] CodeEngine:321 - oldGeneratedFile, C:\Users\Александра\Documents\hrtim_test_pwm_1_signal\test_hrtim1\Core\Inc\stm32g4xx_hal_conf.h_save
2026-05-05 13:18:57,119 [INFO] CodeEngine:345 - Generated code: C:\Users\Александра\Documents\hrtim_test_pwm_1_signal\test_hrtim1\Core\Inc\stm32g4xx_hal_conf.h
2026-05-05 13:18:57,147 [WARN] IPConfigManager:3238 - Warning: the RefConfig RCC_CommonPeriphClockConfig is not available in your config.xml file
2026-05-05 13:18:57,165 [INFO] CodeEngine:265 - oldGeneratedFile, C:\Users\Александра\Documents\hrtim_test_pwm_1_signal\test_hrtim1\Core\Inc\main.h_save
2026-05-05 13:18:57,303 [INFO] CodeEngine:289 - Generated code: C:\Users\Александра\Documents\hrtim_test_pwm_1_signal\test_hrtim1\Core\Inc\main.h
2026-05-05 13:18:57,313 [INFO] CodeEngine:265 - oldGeneratedFile, C:\Users\Александра\Documents\hrtim_test_pwm_1_signal\test_hrtim1\Core\Src\main.c_save
2026-05-05 13:18:57,462 [INFO] CodeEngine:289 - Generated code: C:\Users\Александра\Documents\hrtim_test_pwm_1_signal\test_hrtim1\Core\Src\main.c
2026-05-05 13:18:58,032 [INFO] ProjectBuilder:3606 - Time for Copy HAL[1] : 235mS.
2026-05-05 13:18:58,038 [INFO] ProjectBuilder:5216 - Project Generator version: 4.7.0-B52
2026-05-05 13:18:58,187 [INFO] ConfigFileManager:1595 - The Die is : DIE469
2026-05-05 13:18:59,696 [ERROR] ConfigurationRetriever:142 - IOException on connection: Connect timed out
2026-05-05 13:19:00,197 [INFO] ProjectBuilder:5496 - Time for Generating toolchain IDE Files: 2159mS.
2026-05-05 13:19:00,198 [INFO] ProjectBuilder:3463 - Time for Copy CMSIS : 1mS.
2026-05-05 13:19:00,203 [INFO] ProjectBuilder:3463 - Time for Copy CMSIS : 1mS.
2026-05-05 13:19:37,934 [INFO] WebApp:194 - Connection lost
2026-05-05 13:19:38,692 [INFO] WebApp:191 - Connection restablished
2026-05-05 13:20:40,457 [INFO] NvicIntPanel:101 - NVIC parent = com.st.microxplorer.plugins.ip.nvic.MultiNvicIntPanel[,0,0,0x0,invalid,layout=javax.swing.BoxLayout,alignmentX=0.0,alignmentY=0.0,border=,flags=9,maximumSize=,minimumSize=,preferredSize=]
2026-05-05 13:20:51,183 [WARN] Mcu:7025 - HRTIM1 Clean up: some unused parameters were removed
2026-05-05 13:20:51,186 [INFO] UtilMem:75 - End SaveConfig() Used Memory: 952693464 Bytes (1073741824)
2026-05-05 13:20:54,009 [WARN] Mcu:7025 - HRTIM1 Clean up: some unused parameters were removed
2026-05-05 13:20:54,011 [INFO] UtilMem:75 - End SaveConfig() Used Memory: 871182760 Bytes (1073741824)
2026-05-05 13:20:58,329 [WARN] Mcu:7025 - HRTIM1 Clean up: some unused parameters were removed
2026-05-05 13:20:58,331 [INFO] UtilMem:75 - End SaveConfig() Used Memory: 992397240 Bytes (1073741824)
2026-05-05 13:20:58,625 [INFO] BlockDiagram:2775 - set Specific Code input for plugin: SYS
2026-05-05 13:20:58,626 [INFO] BlockDiagram:2775 - set Specific Code input for plugin: RCC
2026-05-05 13:20:58,626 [INFO] BlockDiagram:2775 - set Specific Code input for plugin: HRTIM
2026-05-05 13:20:58,626 [INFO] BlockDiagram:2775 - set Specific Code input for plugin: NVIC
2026-05-05 13:20:58,628 [INFO] BlockDiagram:2775 - set Specific Code input for plugin: GPIO
2026-05-05 13:20:58,629 [INFO] CodeGenerator:892 - code generatio: config db path: C:\ST\STM32CubeIDE_1.19.0\STM32CubeIDE\plugins\com.st.stm32cube.common.mx_6.15.0.202507011659\\db\
2026-05-05 13:20:58,826 [INFO] CodeEngine:265 - oldGeneratedFile, C:\Users\Александра\Documents\hrtim_test_pwm_1_signal\test_hrtim1\MXTmpFiles\license.tmp_save
2026-05-05 13:20:58,927 [INFO] CodeEngine:289 - Generated code: C:\Users\Александра\Documents\hrtim_test_pwm_1_signal\test_hrtim1\MXTmpFiles\license.tmp
2026-05-05 13:20:59,015 [INFO] CodeEngine:265 - oldGeneratedFile, C:\Users\Александра\Documents\hrtim_test_pwm_1_signal\test_hrtim1\MXTmpFiles\gpio.tmp_save
2026-05-05 13:20:59,145 [INFO] CodeEngine:289 - Generated code: C:\Users\Александра\Documents\hrtim_test_pwm_1_signal\test_hrtim1\MXTmpFiles\gpio.tmp
2026-05-05 13:21:00,063 [INFO] CodeEngine:265 - oldGeneratedFile, C:\Users\Александра\Documents\hrtim_test_pwm_1_signal\test_hrtim1\Core\Src\stm32g4xx_it.c_save
2026-05-05 13:21:00,211 [INFO] CodeEngine:289 - Generated code: C:\Users\Александра\Documents\hrtim_test_pwm_1_signal\test_hrtim1\Core\Src\stm32g4xx_it.c
2026-05-05 13:21:00,221 [INFO] CodeEngine:265 - oldGeneratedFile, C:\Users\Александра\Documents\hrtim_test_pwm_1_signal\test_hrtim1\Core\Inc\stm32g4xx_it.h_save
2026-05-05 13:21:00,295 [INFO] CodeEngine:289 - Generated code: C:\Users\Александра\Documents\hrtim_test_pwm_1_signal\test_hrtim1\Core\Inc\stm32g4xx_it.h
2026-05-05 13:21:00,316 [INFO] CodeEngine:265 - oldGeneratedFile, C:\Users\Александра\Documents\hrtim_test_pwm_1_signal\test_hrtim1\Core\Src\stm32g4xx_hal_msp.c_save
2026-05-05 13:21:00,430 [INFO] CodeEngine:289 - Generated code: C:\Users\Александра\Documents\hrtim_test_pwm_1_signal\test_hrtim1\Core\Src\stm32g4xx_hal_msp.c
2026-05-05 13:21:00,440 [INFO] CodeEngine:265 - oldGeneratedFile, C:\Users\Александра\Documents\hrtim_test_pwm_1_signal\test_hrtim1\MXTmpFiles\system.tmp_save
2026-05-05 13:21:00,511 [INFO] CodeEngine:289 - Generated code: C:\Users\Александра\Documents\hrtim_test_pwm_1_signal\test_hrtim1\MXTmpFiles\system.tmp
2026-05-05 13:21:00,526 [INFO] CodeEngine:321 - oldGeneratedFile, C:\Users\Александра\Documents\hrtim_test_pwm_1_signal\test_hrtim1\Core\Inc\stm32g4xx_hal_conf.h_save
2026-05-05 13:21:00,614 [INFO] CodeEngine:345 - Generated code: C:\Users\Александра\Documents\hrtim_test_pwm_1_signal\test_hrtim1\Core\Inc\stm32g4xx_hal_conf.h
2026-05-05 13:21:00,641 [WARN] IPConfigManager:3238 - Warning: the RefConfig RCC_CommonPeriphClockConfig is not available in your config.xml file
2026-05-05 13:21:00,662 [INFO] CodeEngine:265 - oldGeneratedFile, C:\Users\Александра\Documents\hrtim_test_pwm_1_signal\test_hrtim1\Core\Inc\main.h_save
2026-05-05 13:21:00,757 [INFO] CodeEngine:289 - Generated code: C:\Users\Александра\Documents\hrtim_test_pwm_1_signal\test_hrtim1\Core\Inc\main.h
2026-05-05 13:21:00,767 [INFO] CodeEngine:265 - oldGeneratedFile, C:\Users\Александра\Documents\hrtim_test_pwm_1_signal\test_hrtim1\Core\Src\main.c_save
2026-05-05 13:21:00,918 [INFO] CodeEngine:289 - Generated code: C:\Users\Александра\Documents\hrtim_test_pwm_1_signal\test_hrtim1\Core\Src\main.c
2026-05-05 13:21:01,405 [INFO] ProjectBuilder:3606 - Time for Copy HAL[1] : 254mS.
2026-05-05 13:21:01,408 [INFO] ProjectBuilder:5216 - Project Generator version: 4.7.0-B52
2026-05-05 13:21:01,529 [INFO] ConfigFileManager:1595 - The Die is : DIE469
2026-05-05 13:21:03,401 [INFO] ProjectBuilder:5496 - Time for Generating toolchain IDE Files: 1992mS.
2026-05-05 13:21:03,402 [INFO] ProjectBuilder:3463 - Time for Copy CMSIS : 1mS.
2026-05-05 13:21:03,410 [INFO] ProjectBuilder:3463 - Time for Copy CMSIS : 0mS.
2026-05-05 13:22:32,425 [INFO] NvicIntPanel:101 - NVIC parent = com.st.microxplorer.plugins.ip.nvic.MultiNvicIntPanel[,0,0,0x0,invalid,layout=javax.swing.BoxLayout,alignmentX=0.0,alignmentY=0.0,border=,flags=9,maximumSize=,minimumSize=,preferredSize=]
2026-05-05 13:22:37,103 [WARN] Mcu:7025 - HRTIM1 Clean up: some unused parameters were removed
2026-05-05 13:22:37,109 [INFO] UtilMem:75 - End SaveConfig() Used Memory: 869852864 Bytes (1073741824)
2026-05-05 13:22:39,824 [WARN] Mcu:7025 - HRTIM1 Clean up: some unused parameters were removed
2026-05-05 13:22:39,826 [INFO] UtilMem:75 - End SaveConfig() Used Memory: 888242280 Bytes (1073741824)
2026-05-05 13:22:42,818 [WARN] Mcu:7025 - HRTIM1 Clean up: some unused parameters were removed
2026-05-05 13:22:42,823 [INFO] UtilMem:75 - End SaveConfig() Used Memory: 892601616 Bytes (1073741824)
2026-05-05 13:22:43,135 [INFO] BlockDiagram:2775 - set Specific Code input for plugin: SYS
2026-05-05 13:22:43,135 [INFO] BlockDiagram:2775 - set Specific Code input for plugin: RCC
2026-05-05 13:22:43,135 [INFO] BlockDiagram:2775 - set Specific Code input for plugin: HRTIM
2026-05-05 13:22:43,135 [INFO] BlockDiagram:2775 - set Specific Code input for plugin: NVIC
2026-05-05 13:22:43,136 [INFO] BlockDiagram:2775 - set Specific Code input for plugin: GPIO
2026-05-05 13:22:43,137 [INFO] CodeGenerator:892 - code generatio: config db path: C:\ST\STM32CubeIDE_1.19.0\STM32CubeIDE\plugins\com.st.stm32cube.common.mx_6.15.0.202507011659\\db\
2026-05-05 13:22:43,364 [INFO] CodeEngine:265 - oldGeneratedFile, C:\Users\Александра\Documents\hrtim_test_pwm_1_signal\test_hrtim1\MXTmpFiles\license.tmp_save
2026-05-05 13:22:43,839 [INFO] CodeEngine:289 - Generated code: C:\Users\Александра\Documents\hrtim_test_pwm_1_signal\test_hrtim1\MXTmpFiles\license.tmp
2026-05-05 13:22:43,951 [INFO] CodeEngine:265 - oldGeneratedFile, C:\Users\Александра\Documents\hrtim_test_pwm_1_signal\test_hrtim1\MXTmpFiles\gpio.tmp_save
2026-05-05 13:22:44,271 [INFO] CodeEngine:289 - Generated code: C:\Users\Александра\Documents\hrtim_test_pwm_1_signal\test_hrtim1\MXTmpFiles\gpio.tmp
2026-05-05 13:22:45,253 [INFO] CodeEngine:265 - oldGeneratedFile, C:\Users\Александра\Documents\hrtim_test_pwm_1_signal\test_hrtim1\Core\Src\stm32g4xx_it.c_save
2026-05-05 13:22:45,455 [INFO] CodeEngine:289 - Generated code: C:\Users\Александра\Documents\hrtim_test_pwm_1_signal\test_hrtim1\Core\Src\stm32g4xx_it.c
2026-05-05 13:22:45,467 [INFO] CodeEngine:265 - oldGeneratedFile, C:\Users\Александра\Documents\hrtim_test_pwm_1_signal\test_hrtim1\Core\Inc\stm32g4xx_it.h_save
2026-05-05 13:22:45,582 [INFO] CodeEngine:289 - Generated code: C:\Users\Александра\Documents\hrtim_test_pwm_1_signal\test_hrtim1\Core\Inc\stm32g4xx_it.h
2026-05-05 13:22:45,610 [INFO] CodeEngine:265 - oldGeneratedFile, C:\Users\Александра\Documents\hrtim_test_pwm_1_signal\test_hrtim1\Core\Src\stm32g4xx_hal_msp.c_save
2026-05-05 13:22:45,769 [INFO] CodeEngine:289 - Generated code: C:\Users\Александра\Documents\hrtim_test_pwm_1_signal\test_hrtim1\Core\Src\stm32g4xx_hal_msp.c
2026-05-05 13:22:45,778 [INFO] CodeEngine:265 - oldGeneratedFile, C:\Users\Александра\Documents\hrtim_test_pwm_1_signal\test_hrtim1\MXTmpFiles\system.tmp_save
2026-05-05 13:22:45,878 [INFO] CodeEngine:289 - Generated code: C:\Users\Александра\Documents\hrtim_test_pwm_1_signal\test_hrtim1\MXTmpFiles\system.tmp
2026-05-05 13:22:45,901 [INFO] CodeEngine:321 - oldGeneratedFile, C:\Users\Александра\Documents\hrtim_test_pwm_1_signal\test_hrtim1\Core\Inc\stm32g4xx_hal_conf.h_save
2026-05-05 13:22:46,036 [INFO] CodeEngine:345 - Generated code: C:\Users\Александра\Documents\hrtim_test_pwm_1_signal\test_hrtim1\Core\Inc\stm32g4xx_hal_conf.h
2026-05-05 13:22:46,061 [WARN] IPConfigManager:3238 - Warning: the RefConfig RCC_CommonPeriphClockConfig is not available in your config.xml file
2026-05-05 13:22:46,080 [INFO] CodeEngine:265 - oldGeneratedFile, C:\Users\Александра\Documents\hrtim_test_pwm_1_signal\test_hrtim1\Core\Inc\main.h_save
2026-05-05 13:22:46,194 [INFO] CodeEngine:289 - Generated code: C:\Users\Александра\Documents\hrtim_test_pwm_1_signal\test_hrtim1\Core\Inc\main.h
2026-05-05 13:22:46,207 [INFO] CodeEngine:265 - oldGeneratedFile, C:\Users\Александра\Documents\hrtim_test_pwm_1_signal\test_hrtim1\Core\Src\main.c_save
2026-05-05 13:22:46,392 [INFO] CodeEngine:289 - Generated code: C:\Users\Александра\Documents\hrtim_test_pwm_1_signal\test_hrtim1\Core\Src\main.c
2026-05-05 13:22:46,917 [INFO] ProjectBuilder:3606 - Time for Copy HAL[1] : 236mS.
2026-05-05 13:22:46,923 [INFO] ProjectBuilder:5216 - Project Generator version: 4.7.0-B52
2026-05-05 13:22:47,090 [INFO] ConfigFileManager:1595 - The Die is : DIE469
2026-05-05 13:22:49,235 [INFO] ProjectBuilder:5496 - Time for Generating toolchain IDE Files: 2313mS.
2026-05-05 13:22:49,239 [INFO] ProjectBuilder:3463 - Time for Copy CMSIS : 0mS.
2026-05-05 13:22:49,244 [INFO] ProjectBuilder:3463 - Time for Copy CMSIS : 0mS.
2026-05-05 13:30:42,642 [INFO] WebApp:194 - Connection lost
2026-05-05 13:30:43,468 [INFO] WebApp:191 - Connection restablished
2026-05-05 13:49:46,940 [INFO] WebApp:194 - Connection lost
2026-05-05 13:49:54,169 [INFO] WebApp:191 - Connection restablished
2026-05-05 13:57:17,580 [INFO] WebApp:194 - Connection lost
2026-05-05 13:57:19,223 [INFO] WebApp:191 - Connection restablished
2026-05-05 13:57:24,100 [INFO] WebApp:194 - Connection lost
2026-05-05 13:57:25,707 [INFO] WebApp:191 - Connection restablished
2026-05-05 13:57:32,082 [INFO] WebApp:194 - Connection lost
2026-05-05 13:57:33,140 [INFO] WebApp:191 - Connection restablished
2026-05-05 13:57:40,606 [INFO] WebApp:194 - Connection lost
2026-05-05 13:57:41,109 [INFO] WebApp:191 - Connection restablished
2026-05-05 13:57:51,083 [INFO] WebApp:194 - Connection lost
2026-05-05 13:57:51,620 [INFO] WebApp:191 - Connection restablished
2026-05-05 14:08:29,088 [INFO] WebApp:194 - Connection lost
2026-05-05 14:08:39,946 [INFO] WebApp:191 - Connection restablished
2026-05-05 14:11:46,538 [INFO] WebApp:194 - Connection lost
2026-05-05 14:35:40,462 [INFO] WebApp:191 - Connection restablished
2026-05-05 14:35:55,198 [INFO] WebApp:194 - Connection lost
2026-05-05 14:35:55,509 [INFO] WebApp:191 - Connection restablished
2026-05-05 14:35:58,263 [INFO] WebApp:194 - Connection lost
2026-05-05 14:35:58,566 [INFO] WebApp:191 - Connection restablished
2026-05-05 14:36:00,563 [INFO] WebApp:194 - Connection lost
2026-05-05 14:36:00,767 [INFO] WebApp:191 - Connection restablished
2026-05-05 14:36:03,450 [INFO] WebApp:194 - Connection lost
2026-05-05 14:36:03,710 [INFO] WebApp:191 - Connection restablished
2026-05-05 14:36:06,552 [INFO] WebApp:194 - Connection lost
2026-05-05 14:36:07,198 [INFO] WebApp:191 - Connection restablished
2026-05-05 14:36:09,664 [INFO] WebApp:194 - Connection lost
2026-05-05 14:36:10,154 [INFO] WebApp:191 - Connection restablished
2026-05-05 14:39:10,228 [INFO] WebApp:194 - Connection lost
2026-05-05 14:39:10,768 [INFO] WebApp:191 - Connection restablished
2026-05-05 15:24:52,922 [INFO] WebApp:194 - Connection lost
2026-05-05 15:25:21,218 [INFO] WebApp:191 - Connection restablished
2026-05-05 15:26:32,775 [INFO] WebApp:194 - Connection lost
2026-05-05 15:26:34,201 [INFO] WebApp:191 - Connection restablished
2026-05-05 15:35:25,876 [INFO] WebApp:194 - Connection lost
2026-05-05 15:37:13,358 [INFO] WebApp:191 - Connection restablished
2026-05-05 15:37:30,348 [INFO] WebApp:194 - Connection lost
2026-05-05 15:37:37,483 [INFO] WebApp:191 - Connection restablished
2026-05-05 15:41:55,622 [INFO] WebApp:194 - Connection lost
2026-05-05 15:43:26,808 [INFO] WebApp:191 - Connection restablished
2026-05-05 15:47:13,557 [INFO] NvicIntPanel:101 - NVIC parent = com.st.microxplorer.plugins.ip.nvic.MultiNvicIntPanel[,0,0,0x0,invalid,layout=javax.swing.BoxLayout,alignmentX=0.0,alignmentY=0.0,border=,flags=9,maximumSize=,minimumSize=,preferredSize=]
2026-05-05 15:47:20,641 [INFO] NvicIntPanel:101 - NVIC parent = com.st.microxplorer.plugins.ip.nvic.MultiNvicIntPanel[,0,0,0x0,invalid,layout=javax.swing.BoxLayout,alignmentX=0.0,alignmentY=0.0,border=,flags=9,maximumSize=,minimumSize=,preferredSize=]
2026-05-05 15:47:34,524 [INFO] NvicIntPanel:101 - NVIC parent = com.st.microxplorer.plugins.ip.nvic.MultiNvicIntPanel[,0,0,0x0,invalid,layout=javax.swing.BoxLayout,alignmentX=0.0,alignmentY=0.0,border=,flags=9,maximumSize=,minimumSize=,preferredSize=]
2026-05-05 15:47:38,691 [WARN] Mcu:7025 - HRTIM1 Clean up: some unused parameters were removed
2026-05-05 15:47:38,698 [INFO] UtilMem:75 - End SaveConfig() Used Memory: 975109336 Bytes (1073741824)
2026-05-05 15:47:41,587 [WARN] Mcu:7025 - HRTIM1 Clean up: some unused parameters were removed
2026-05-05 15:47:41,596 [INFO] UtilMem:75 - End SaveConfig() Used Memory: 1001401264 Bytes (1073741824)
2026-05-05 15:47:47,120 [WARN] Mcu:7025 - HRTIM1 Clean up: some unused parameters were removed
2026-05-05 15:47:47,126 [INFO] UtilMem:75 - End SaveConfig() Used Memory: 991310968 Bytes (1073741824)
2026-05-05 15:47:47,980 [INFO] BlockDiagram:2775 - set Specific Code input for plugin: SYS
2026-05-05 15:47:47,980 [INFO] BlockDiagram:2775 - set Specific Code input for plugin: RCC
2026-05-05 15:47:47,980 [INFO] BlockDiagram:2775 - set Specific Code input for plugin: HRTIM
2026-05-05 15:47:47,980 [INFO] BlockDiagram:2775 - set Specific Code input for plugin: NVIC
2026-05-05 15:47:47,980 [INFO] BlockDiagram:2775 - set Specific Code input for plugin: GPIO
2026-05-05 15:47:47,985 [INFO] CodeGenerator:892 - code generatio: config db path: C:\ST\STM32CubeIDE_1.19.0\STM32CubeIDE\plugins\com.st.stm32cube.common.mx_6.15.0.202507011659\\db\
2026-05-05 15:47:48,355 [INFO] CodeEngine:265 - oldGeneratedFile, C:\Users\Александра\Documents\hrtim_test_pwm_1_signal\test_hrtim1\MXTmpFiles\license.tmp_save
2026-05-05 15:47:48,990 [INFO] CodeEngine:289 - Generated code: C:\Users\Александра\Documents\hrtim_test_pwm_1_signal\test_hrtim1\MXTmpFiles\license.tmp
2026-05-05 15:47:49,131 [INFO] CodeEngine:265 - oldGeneratedFile, C:\Users\Александра\Documents\hrtim_test_pwm_1_signal\test_hrtim1\MXTmpFiles\gpio.tmp_save
2026-05-05 15:47:49,450 [INFO] CodeEngine:289 - Generated code: C:\Users\Александра\Documents\hrtim_test_pwm_1_signal\test_hrtim1\MXTmpFiles\gpio.tmp
2026-05-05 15:47:50,591 [INFO] CodeEngine:265 - oldGeneratedFile, C:\Users\Александра\Documents\hrtim_test_pwm_1_signal\test_hrtim1\Core\Src\stm32g4xx_it.c_save
2026-05-05 15:47:51,225 [INFO] CodeEngine:289 - Generated code: C:\Users\Александра\Documents\hrtim_test_pwm_1_signal\test_hrtim1\Core\Src\stm32g4xx_it.c
2026-05-05 15:47:51,237 [INFO] CodeEngine:265 - oldGeneratedFile, C:\Users\Александра\Documents\hrtim_test_pwm_1_signal\test_hrtim1\Core\Inc\stm32g4xx_it.h_save
2026-05-05 15:47:51,353 [INFO] CodeEngine:289 - Generated code: C:\Users\Александра\Documents\hrtim_test_pwm_1_signal\test_hrtim1\Core\Inc\stm32g4xx_it.h
2026-05-05 15:47:51,430 [INFO] CodeEngine:265 - oldGeneratedFile, C:\Users\Александра\Documents\hrtim_test_pwm_1_signal\test_hrtim1\Core\Src\stm32g4xx_hal_msp.c_save
2026-05-05 15:47:51,741 [INFO] CodeEngine:289 - Generated code: C:\Users\Александра\Documents\hrtim_test_pwm_1_signal\test_hrtim1\Core\Src\stm32g4xx_hal_msp.c
2026-05-05 15:47:51,764 [INFO] CodeEngine:265 - oldGeneratedFile, C:\Users\Александра\Documents\hrtim_test_pwm_1_signal\test_hrtim1\MXTmpFiles\system.tmp_save
2026-05-05 15:47:51,896 [INFO] CodeEngine:289 - Generated code: C:\Users\Александра\Documents\hrtim_test_pwm_1_signal\test_hrtim1\MXTmpFiles\system.tmp
2026-05-05 15:47:51,930 [INFO] CodeEngine:321 - oldGeneratedFile, C:\Users\Александра\Documents\hrtim_test_pwm_1_signal\test_hrtim1\Core\Inc\stm32g4xx_hal_conf.h_save
2026-05-05 15:47:52,107 [INFO] CodeEngine:345 - Generated code: C:\Users\Александра\Documents\hrtim_test_pwm_1_signal\test_hrtim1\Core\Inc\stm32g4xx_hal_conf.h
2026-05-05 15:47:52,147 [WARN] IPConfigManager:3238 - Warning: the RefConfig RCC_CommonPeriphClockConfig is not available in your config.xml file
2026-05-05 15:47:52,176 [INFO] CodeEngine:265 - oldGeneratedFile, C:\Users\Александра\Documents\hrtim_test_pwm_1_signal\test_hrtim1\Core\Inc\main.h_save
2026-05-05 15:47:52,390 [ERROR] ConfigurationRetriever:142 - IOException on connection: Read timed out
2026-05-05 15:47:52,409 [INFO] CodeEngine:289 - Generated code: C:\Users\Александра\Documents\hrtim_test_pwm_1_signal\test_hrtim1\Core\Inc\main.h
2026-05-05 15:47:52,424 [INFO] CodeEngine:265 - oldGeneratedFile, C:\Users\Александра\Documents\hrtim_test_pwm_1_signal\test_hrtim1\Core\Src\main.c_save
2026-05-05 15:47:52,743 [INFO] CodeEngine:289 - Generated code: C:\Users\Александра\Documents\hrtim_test_pwm_1_signal\test_hrtim1\Core\Src\main.c
2026-05-05 15:47:53,970 [INFO] ProjectBuilder:3606 - Time for Copy HAL[1] : 490mS.
2026-05-05 15:47:53,977 [INFO] ProjectBuilder:5216 - Project Generator version: 4.7.0-B52
2026-05-05 15:47:54,146 [INFO] ConfigFileManager:1595 - The Die is : DIE469
2026-05-05 15:47:56,853 [INFO] ProjectBuilder:5496 - Time for Generating toolchain IDE Files: 2875mS.
2026-05-05 15:47:56,856 [INFO] ProjectBuilder:3463 - Time for Copy CMSIS : 1mS.
2026-05-05 15:47:56,861 [INFO] ProjectBuilder:3463 - Time for Copy CMSIS : 0mS.
2026-05-05 15:53:47,132 [INFO] NvicIntPanel:101 - NVIC parent = com.st.microxplorer.plugins.ip.nvic.MultiNvicIntPanel[,0,0,0x0,invalid,layout=javax.swing.BoxLayout,alignmentX=0.0,alignmentY=0.0,border=,flags=9,maximumSize=,minimumSize=,preferredSize=]
2026-05-05 15:53:54,840 [WARN] Mcu:7025 - HRTIM1 Clean up: some unused parameters were removed
2026-05-05 15:53:54,845 [INFO] UtilMem:75 - End SaveConfig() Used Memory: 891090752 Bytes (1073741824)
2026-05-05 15:53:59,747 [WARN] Mcu:7025 - HRTIM1 Clean up: some unused parameters were removed
2026-05-05 15:53:59,750 [INFO] UtilMem:75 - End SaveConfig() Used Memory: 900390776 Bytes (1073741824)
2026-05-05 15:54:03,522 [WARN] Mcu:7025 - HRTIM1 Clean up: some unused parameters were removed
2026-05-05 15:54:03,527 [INFO] UtilMem:75 - End SaveConfig() Used Memory: 902594816 Bytes (1073741824)
2026-05-05 15:54:04,322 [INFO] BlockDiagram:2775 - set Specific Code input for plugin: SYS
2026-05-05 15:54:04,322 [INFO] BlockDiagram:2775 - set Specific Code input for plugin: RCC
2026-05-05 15:54:04,322 [INFO] BlockDiagram:2775 - set Specific Code input for plugin: HRTIM
2026-05-05 15:54:04,323 [INFO] BlockDiagram:2775 - set Specific Code input for plugin: NVIC
2026-05-05 15:54:04,323 [INFO] BlockDiagram:2775 - set Specific Code input for plugin: GPIO
2026-05-05 15:54:04,325 [INFO] CodeGenerator:892 - code generatio: config db path: C:\ST\STM32CubeIDE_1.19.0\STM32CubeIDE\plugins\com.st.stm32cube.common.mx_6.15.0.202507011659\\db\
2026-05-05 15:54:04,603 [INFO] CodeEngine:265 - oldGeneratedFile, C:\Users\Александра\Documents\hrtim_test_pwm_1_signal\test_hrtim1\MXTmpFiles\license.tmp_save
2026-05-05 15:54:05,381 [INFO] CodeEngine:289 - Generated code: C:\Users\Александра\Documents\hrtim_test_pwm_1_signal\test_hrtim1\MXTmpFiles\license.tmp
2026-05-05 15:54:05,459 [INFO] CodeEngine:265 - oldGeneratedFile, C:\Users\Александра\Documents\hrtim_test_pwm_1_signal\test_hrtim1\MXTmpFiles\gpio.tmp_save
2026-05-05 15:54:05,745 [INFO] CodeEngine:289 - Generated code: C:\Users\Александра\Documents\hrtim_test_pwm_1_signal\test_hrtim1\MXTmpFiles\gpio.tmp
2026-05-05 15:54:06,822 [INFO] CodeEngine:265 - oldGeneratedFile, C:\Users\Александра\Documents\hrtim_test_pwm_1_signal\test_hrtim1\Core\Src\stm32g4xx_it.c_save
2026-05-05 15:54:07,297 [INFO] CodeEngine:289 - Generated code: C:\Users\Александра\Documents\hrtim_test_pwm_1_signal\test_hrtim1\Core\Src\stm32g4xx_it.c
2026-05-05 15:54:07,308 [INFO] CodeEngine:265 - oldGeneratedFile, C:\Users\Александра\Documents\hrtim_test_pwm_1_signal\test_hrtim1\Core\Inc\stm32g4xx_it.h_save
2026-05-05 15:54:07,443 [INFO] CodeEngine:289 - Generated code: C:\Users\Александра\Documents\hrtim_test_pwm_1_signal\test_hrtim1\Core\Inc\stm32g4xx_it.h
2026-05-05 15:54:07,467 [INFO] CodeEngine:265 - oldGeneratedFile, C:\Users\Александра\Documents\hrtim_test_pwm_1_signal\test_hrtim1\Core\Src\stm32g4xx_hal_msp.c_save
2026-05-05 15:54:07,680 [INFO] CodeEngine:289 - Generated code: C:\Users\Александра\Documents\hrtim_test_pwm_1_signal\test_hrtim1\Core\Src\stm32g4xx_hal_msp.c
2026-05-05 15:54:07,690 [INFO] CodeEngine:265 - oldGeneratedFile, C:\Users\Александра\Documents\hrtim_test_pwm_1_signal\test_hrtim1\MXTmpFiles\system.tmp_save
2026-05-05 15:54:07,792 [INFO] CodeEngine:289 - Generated code: C:\Users\Александра\Documents\hrtim_test_pwm_1_signal\test_hrtim1\MXTmpFiles\system.tmp
2026-05-05 15:54:07,813 [INFO] CodeEngine:321 - oldGeneratedFile, C:\Users\Александра\Documents\hrtim_test_pwm_1_signal\test_hrtim1\Core\Inc\stm32g4xx_hal_conf.h_save
2026-05-05 15:54:07,911 [INFO] CodeEngine:345 - Generated code: C:\Users\Александра\Documents\hrtim_test_pwm_1_signal\test_hrtim1\Core\Inc\stm32g4xx_hal_conf.h
2026-05-05 15:54:07,938 [WARN] IPConfigManager:3238 - Warning: the RefConfig RCC_CommonPeriphClockConfig is not available in your config.xml file
2026-05-05 15:54:07,957 [INFO] CodeEngine:265 - oldGeneratedFile, C:\Users\Александра\Documents\hrtim_test_pwm_1_signal\test_hrtim1\Core\Inc\main.h_save
2026-05-05 15:54:08,092 [INFO] CodeEngine:289 - Generated code: C:\Users\Александра\Documents\hrtim_test_pwm_1_signal\test_hrtim1\Core\Inc\main.h
2026-05-05 15:54:08,118 [INFO] CodeEngine:265 - oldGeneratedFile, C:\Users\Александра\Documents\hrtim_test_pwm_1_signal\test_hrtim1\Core\Src\main.c_save
2026-05-05 15:54:08,397 [INFO] CodeEngine:289 - Generated code: C:\Users\Александра\Documents\hrtim_test_pwm_1_signal\test_hrtim1\Core\Src\main.c
2026-05-05 15:54:09,227 [INFO] ProjectBuilder:3606 - Time for Copy HAL[1] : 404mS.
2026-05-05 15:54:09,233 [INFO] ProjectBuilder:5216 - Project Generator version: 4.7.0-B52
2026-05-05 15:54:09,543 [INFO] ConfigFileManager:1595 - The Die is : DIE469
2026-05-05 15:54:11,534 [INFO] ProjectBuilder:5496 - Time for Generating toolchain IDE Files: 2300mS.
2026-05-05 15:54:11,535 [INFO] ProjectBuilder:3463 - Time for Copy CMSIS : 1mS.
2026-05-05 15:54:11,539 [INFO] ProjectBuilder:3463 - Time for Copy CMSIS : 0mS.
2026-05-05 16:00:13,657 [INFO] NvicIntPanel:101 - NVIC parent = com.st.microxplorer.plugins.ip.nvic.MultiNvicIntPanel[,0,0,0x0,invalid,layout=javax.swing.BoxLayout,alignmentX=0.0,alignmentY=0.0,border=,flags=9,maximumSize=,minimumSize=,preferredSize=]
2026-05-05 16:00:17,890 [INFO] NvicIntPanel:101 - NVIC parent = com.st.microxplorer.plugins.ip.nvic.MultiNvicIntPanel[,0,0,0x0,invalid,layout=javax.swing.BoxLayout,alignmentX=0.0,alignmentY=0.0,border=,flags=9,maximumSize=,minimumSize=,preferredSize=]
2026-05-05 16:00:21,054 [INFO] NvicIntPanel:101 - NVIC parent = com.st.microxplorer.plugins.ip.nvic.MultiNvicIntPanel[,0,0,0x0,invalid,layout=javax.swing.BoxLayout,alignmentX=0.0,alignmentY=0.0,border=,flags=9,maximumSize=,minimumSize=,preferredSize=]
2026-05-05 16:08:49,704 [INFO] NvicIntPanel:101 - NVIC parent = com.st.microxplorer.plugins.ip.nvic.MultiNvicIntPanel[,0,0,0x0,invalid,layout=javax.swing.BoxLayout,alignmentX=0.0,alignmentY=0.0,border=,flags=9,maximumSize=,minimumSize=,preferredSize=]
2026-05-05 16:08:54,822 [INFO] NvicIntPanel:101 - NVIC parent = com.st.microxplorer.plugins.ip.nvic.MultiNvicIntPanel[,0,0,0x0,invalid,layout=javax.swing.BoxLayout,alignmentX=0.0,alignmentY=0.0,border=,flags=9,maximumSize=,minimumSize=,preferredSize=]
2026-05-05 16:08:58,805 [INFO] NvicIntPanel:101 - NVIC parent = com.st.microxplorer.plugins.ip.nvic.MultiNvicIntPanel[,0,0,0x0,invalid,layout=javax.swing.BoxLayout,alignmentX=0.0,alignmentY=0.0,border=,flags=9,maximumSize=,minimumSize=,preferredSize=]
2026-05-05 16:09:01,205 [INFO] NvicIntPanel:101 - NVIC parent = com.st.microxplorer.plugins.ip.nvic.MultiNvicIntPanel[,0,0,0x0,invalid,layout=javax.swing.BoxLayout,alignmentX=0.0,alignmentY=0.0,border=,flags=9,maximumSize=,minimumSize=,preferredSize=]
2026-05-05 16:09:15,141 [INFO] NvicIntPanel:101 - NVIC parent = com.st.microxplorer.plugins.ip.nvic.MultiNvicIntPanel[,0,0,0x0,invalid,layout=javax.swing.BoxLayout,alignmentX=0.0,alignmentY=0.0,border=,flags=9,maximumSize=,minimumSize=,preferredSize=]
2026-05-05 16:09:32,146 [INFO] NvicIntPanel:101 - NVIC parent = com.st.microxplorer.plugins.ip.nvic.MultiNvicIntPanel[,0,0,0x0,invalid,layout=javax.swing.BoxLayout,alignmentX=0.0,alignmentY=0.0,border=,flags=9,maximumSize=,minimumSize=,preferredSize=]
2026-05-05 16:14:13,005 [INFO] WebApp:194 - Connection lost
2026-05-05 16:14:13,447 [INFO] WebApp:191 - Connection restablished
2026-05-05 16:36:41,524 [INFO] NvicIntPanel:101 - NVIC parent = com.st.microxplorer.plugins.ip.nvic.MultiNvicIntPanel[,0,0,0x0,invalid,layout=javax.swing.BoxLayout,alignmentX=0.0,alignmentY=0.0,border=,flags=9,maximumSize=,minimumSize=,preferredSize=]
2026-05-05 16:36:56,710 [WARN] Mcu:7025 - HRTIM1 Clean up: some unused parameters were removed
2026-05-05 16:36:56,724 [INFO] UtilMem:75 - End SaveConfig() Used Memory: 1005050360 Bytes (1073741824)
2026-05-05 16:37:01,384 [WARN] Mcu:7025 - HRTIM1 Clean up: some unused parameters were removed
2026-05-05 16:37:01,390 [INFO] UtilMem:75 - End SaveConfig() Used Memory: 888324672 Bytes (1073741824)
2026-05-05 16:37:05,496 [WARN] Mcu:7025 - HRTIM1 Clean up: some unused parameters were removed
2026-05-05 16:37:05,505 [INFO] UtilMem:75 - End SaveConfig() Used Memory: 900364720 Bytes (1073741824)
2026-05-05 16:37:06,474 [INFO] BlockDiagram:2775 - set Specific Code input for plugin: SYS
2026-05-05 16:37:06,475 [INFO] BlockDiagram:2775 - set Specific Code input for plugin: RCC
2026-05-05 16:37:06,475 [INFO] BlockDiagram:2775 - set Specific Code input for plugin: HRTIM
2026-05-05 16:37:06,475 [INFO] BlockDiagram:2775 - set Specific Code input for plugin: NVIC
2026-05-05 16:37:06,476 [INFO] BlockDiagram:2775 - set Specific Code input for plugin: GPIO
2026-05-05 16:37:06,496 [INFO] CodeGenerator:892 - code generatio: config db path: C:\ST\STM32CubeIDE_1.19.0\STM32CubeIDE\plugins\com.st.stm32cube.common.mx_6.15.0.202507011659\\db\
2026-05-05 16:37:06,906 [INFO] CodeEngine:265 - oldGeneratedFile, C:\Users\Александра\Documents\hrtim_test_pwm_1_signal\test_hrtim1\MXTmpFiles\license.tmp_save
2026-05-05 16:37:07,792 [INFO] CodeEngine:289 - Generated code: C:\Users\Александра\Documents\hrtim_test_pwm_1_signal\test_hrtim1\MXTmpFiles\license.tmp
2026-05-05 16:37:07,890 [INFO] CodeEngine:265 - oldGeneratedFile, C:\Users\Александра\Documents\hrtim_test_pwm_1_signal\test_hrtim1\MXTmpFiles\gpio.tmp_save
2026-05-05 16:37:08,169 [INFO] CodeEngine:289 - Generated code: C:\Users\Александра\Documents\hrtim_test_pwm_1_signal\test_hrtim1\MXTmpFiles\gpio.tmp
2026-05-05 16:37:09,608 [INFO] CodeEngine:265 - oldGeneratedFile, C:\Users\Александра\Documents\hrtim_test_pwm_1_signal\test_hrtim1\Core\Src\stm32g4xx_it.c_save
2026-05-05 16:37:10,315 [INFO] CodeEngine:289 - Generated code: C:\Users\Александра\Documents\hrtim_test_pwm_1_signal\test_hrtim1\Core\Src\stm32g4xx_it.c
2026-05-05 16:37:10,328 [INFO] CodeEngine:265 - oldGeneratedFile, C:\Users\Александра\Documents\hrtim_test_pwm_1_signal\test_hrtim1\Core\Inc\stm32g4xx_it.h_save
2026-05-05 16:37:10,478 [INFO] CodeEngine:289 - Generated code: C:\Users\Александра\Documents\hrtim_test_pwm_1_signal\test_hrtim1\Core\Inc\stm32g4xx_it.h
2026-05-05 16:37:10,514 [INFO] CodeEngine:265 - oldGeneratedFile, C:\Users\Александра\Documents\hrtim_test_pwm_1_signal\test_hrtim1\Core\Src\stm32g4xx_hal_msp.c_save
2026-05-05 16:37:10,769 [INFO] CodeEngine:289 - Generated code: C:\Users\Александра\Documents\hrtim_test_pwm_1_signal\test_hrtim1\Core\Src\stm32g4xx_hal_msp.c
2026-05-05 16:37:10,781 [INFO] CodeEngine:265 - oldGeneratedFile, C:\Users\Александра\Documents\hrtim_test_pwm_1_signal\test_hrtim1\MXTmpFiles\system.tmp_save
2026-05-05 16:37:10,906 [INFO] CodeEngine:289 - Generated code: C:\Users\Александра\Documents\hrtim_test_pwm_1_signal\test_hrtim1\MXTmpFiles\system.tmp
2026-05-05 16:37:10,940 [INFO] CodeEngine:321 - oldGeneratedFile, C:\Users\Александра\Documents\hrtim_test_pwm_1_signal\test_hrtim1\Core\Inc\stm32g4xx_hal_conf.h_save
2026-05-05 16:37:11,127 [INFO] CodeEngine:345 - Generated code: C:\Users\Александра\Documents\hrtim_test_pwm_1_signal\test_hrtim1\Core\Inc\stm32g4xx_hal_conf.h
2026-05-05 16:37:11,185 [WARN] IPConfigManager:3238 - Warning: the RefConfig RCC_CommonPeriphClockConfig is not available in your config.xml file
2026-05-05 16:37:11,238 [INFO] CodeEngine:265 - oldGeneratedFile, C:\Users\Александра\Documents\hrtim_test_pwm_1_signal\test_hrtim1\Core\Inc\main.h_save
2026-05-05 16:37:11,428 [INFO] CodeEngine:289 - Generated code: C:\Users\Александра\Documents\hrtim_test_pwm_1_signal\test_hrtim1\Core\Inc\main.h
2026-05-05 16:37:11,441 [INFO] CodeEngine:265 - oldGeneratedFile, C:\Users\Александра\Documents\hrtim_test_pwm_1_signal\test_hrtim1\Core\Src\main.c_save
2026-05-05 16:37:11,797 [INFO] CodeEngine:289 - Generated code: C:\Users\Александра\Documents\hrtim_test_pwm_1_signal\test_hrtim1\Core\Src\main.c
2026-05-05 16:37:12,874 [INFO] ProjectBuilder:3606 - Time for Copy HAL[1] : 536mS.
2026-05-05 16:37:12,882 [INFO] ProjectBuilder:5216 - Project Generator version: 4.7.0-B52
2026-05-05 16:37:13,219 [INFO] ConfigFileManager:1595 - The Die is : DIE469
2026-05-05 16:37:16,421 [INFO] ProjectBuilder:5496 - Time for Generating toolchain IDE Files: 3539mS.
2026-05-05 16:37:16,449 [INFO] ProjectBuilder:3463 - Time for Copy CMSIS : 1mS.
2026-05-05 16:37:16,455 [INFO] ProjectBuilder:3463 - Time for Copy CMSIS : 0mS.
2026-05-05 16:41:11,687 [INFO] WebApp:194 - Connection lost
2026-05-05 16:41:12,802 [INFO] WebApp:191 - Connection restablished
2026-05-05 16:41:51,397 [ERROR] ConfigurationRetriever:142 - IOException on connection: Connect timed out
2026-05-05 16:41:53,402 [ERROR] ConfigurationRetriever:142 - IOException on connection: Connect timed out
2026-05-05 16:45:33,193 [INFO] NvicIntPanel:101 - NVIC parent = com.st.microxplorer.plugins.ip.nvic.MultiNvicIntPanel[,0,0,0x0,invalid,layout=javax.swing.BoxLayout,alignmentX=0.0,alignmentY=0.0,border=,flags=9,maximumSize=,minimumSize=,preferredSize=]
2026-05-05 16:45:42,283 [WARN] Mcu:7025 - HRTIM1 Clean up: some unused parameters were removed
2026-05-05 16:45:42,288 [INFO] UtilMem:75 - End SaveConfig() Used Memory: 960362832 Bytes (1073741824)
2026-05-05 16:45:46,840 [WARN] Mcu:7025 - HRTIM1 Clean up: some unused parameters were removed
2026-05-05 16:45:46,844 [INFO] UtilMem:75 - End SaveConfig() Used Memory: 941704496 Bytes (1073741824)
2026-05-05 16:45:51,511 [WARN] Mcu:7025 - HRTIM1 Clean up: some unused parameters were removed
2026-05-05 16:45:51,519 [INFO] UtilMem:75 - End SaveConfig() Used Memory: 954914128 Bytes (1073741824)
2026-05-05 16:45:52,579 [INFO] BlockDiagram:2775 - set Specific Code input for plugin: SYS
2026-05-05 16:45:52,579 [INFO] BlockDiagram:2775 - set Specific Code input for plugin: RCC
2026-05-05 16:45:52,579 [INFO] BlockDiagram:2775 - set Specific Code input for plugin: HRTIM
2026-05-05 16:45:52,579 [INFO] BlockDiagram:2775 - set Specific Code input for plugin: NVIC
2026-05-05 16:45:52,580 [INFO] BlockDiagram:2775 - set Specific Code input for plugin: GPIO
2026-05-05 16:45:52,582 [INFO] CodeGenerator:892 - code generatio: config db path: C:\ST\STM32CubeIDE_1.19.0\STM32CubeIDE\plugins\com.st.stm32cube.common.mx_6.15.0.202507011659\\db\
2026-05-05 16:45:53,042 [INFO] CodeEngine:265 - oldGeneratedFile, C:\Users\Александра\Documents\hrtim_test_pwm_1_signal\test_hrtim1\MXTmpFiles\license.tmp_save
2026-05-05 16:45:53,930 [INFO] CodeEngine:289 - Generated code: C:\Users\Александра\Documents\hrtim_test_pwm_1_signal\test_hrtim1\MXTmpFiles\license.tmp
2026-05-05 16:45:54,040 [INFO] CodeEngine:265 - oldGeneratedFile, C:\Users\Александра\Documents\hrtim_test_pwm_1_signal\test_hrtim1\MXTmpFiles\gpio.tmp_save
2026-05-05 16:45:54,451 [INFO] CodeEngine:289 - Generated code: C:\Users\Александра\Documents\hrtim_test_pwm_1_signal\test_hrtim1\MXTmpFiles\gpio.tmp
2026-05-05 16:45:55,894 [INFO] CodeEngine:265 - oldGeneratedFile, C:\Users\Александра\Documents\hrtim_test_pwm_1_signal\test_hrtim1\Core\Src\stm32g4xx_it.c_save
2026-05-05 16:45:56,547 [INFO] CodeEngine:289 - Generated code: C:\Users\Александра\Documents\hrtim_test_pwm_1_signal\test_hrtim1\Core\Src\stm32g4xx_it.c
2026-05-05 16:45:56,559 [INFO] CodeEngine:265 - oldGeneratedFile, C:\Users\Александра\Documents\hrtim_test_pwm_1_signal\test_hrtim1\Core\Inc\stm32g4xx_it.h_save
2026-05-05 16:45:56,746 [INFO] CodeEngine:289 - Generated code: C:\Users\Александра\Documents\hrtim_test_pwm_1_signal\test_hrtim1\Core\Inc\stm32g4xx_it.h
2026-05-05 16:45:56,784 [INFO] CodeEngine:265 - oldGeneratedFile, C:\Users\Александра\Documents\hrtim_test_pwm_1_signal\test_hrtim1\Core\Src\stm32g4xx_hal_msp.c_save
2026-05-05 16:45:57,145 [INFO] CodeEngine:289 - Generated code: C:\Users\Александра\Documents\hrtim_test_pwm_1_signal\test_hrtim1\Core\Src\stm32g4xx_hal_msp.c
2026-05-05 16:45:57,159 [INFO] CodeEngine:265 - oldGeneratedFile, C:\Users\Александра\Documents\hrtim_test_pwm_1_signal\test_hrtim1\MXTmpFiles\system.tmp_save
2026-05-05 16:45:57,345 [INFO] CodeEngine:289 - Generated code: C:\Users\Александра\Documents\hrtim_test_pwm_1_signal\test_hrtim1\MXTmpFiles\system.tmp
2026-05-05 16:45:57,375 [INFO] CodeEngine:321 - oldGeneratedFile, C:\Users\Александра\Documents\hrtim_test_pwm_1_signal\test_hrtim1\Core\Inc\stm32g4xx_hal_conf.h_save
2026-05-05 16:45:57,594 [INFO] CodeEngine:345 - Generated code: C:\Users\Александра\Documents\hrtim_test_pwm_1_signal\test_hrtim1\Core\Inc\stm32g4xx_hal_conf.h
2026-05-05 16:45:57,648 [WARN] IPConfigManager:3238 - Warning: the RefConfig RCC_CommonPeriphClockConfig is not available in your config.xml file
2026-05-05 16:45:57,677 [INFO] CodeEngine:265 - oldGeneratedFile, C:\Users\Александра\Documents\hrtim_test_pwm_1_signal\test_hrtim1\Core\Inc\main.h_save
2026-05-05 16:45:57,932 [INFO] CodeEngine:289 - Generated code: C:\Users\Александра\Documents\hrtim_test_pwm_1_signal\test_hrtim1\Core\Inc\main.h
2026-05-05 16:45:57,948 [INFO] CodeEngine:265 - oldGeneratedFile, C:\Users\Александра\Documents\hrtim_test_pwm_1_signal\test_hrtim1\Core\Src\main.c_save
2026-05-05 16:45:58,277 [INFO] CodeEngine:289 - Generated code: C:\Users\Александра\Documents\hrtim_test_pwm_1_signal\test_hrtim1\Core\Src\main.c
2026-05-05 16:45:59,214 [INFO] ProjectBuilder:3606 - Time for Copy HAL[1] : 437mS.
2026-05-05 16:45:59,224 [INFO] ProjectBuilder:5216 - Project Generator version: 4.7.0-B52
2026-05-05 16:45:59,503 [INFO] ConfigFileManager:1595 - The Die is : DIE469
2026-05-05 16:46:02,494 [INFO] ProjectBuilder:5496 - Time for Generating toolchain IDE Files: 3270mS.
2026-05-05 16:46:02,496 [INFO] ProjectBuilder:3463 - Time for Copy CMSIS : 1mS.
2026-05-05 16:46:02,504 [INFO] ProjectBuilder:3463 - Time for Copy CMSIS : 0mS.
2026-05-05 16:56:14,334 [INFO] WebApp:194 - Connection lost
2026-05-05 16:56:15,602 [INFO] WebApp:191 - Connection restablished
2026-05-05 17:13:57,234 [INFO] NvicIntPanel:101 - NVIC parent = com.st.microxplorer.plugins.ip.nvic.MultiNvicIntPanel[,0,0,0x0,invalid,layout=javax.swing.BoxLayout,alignmentX=0.0,alignmentY=0.0,border=,flags=9,maximumSize=,minimumSize=,preferredSize=]
2026-05-05 17:14:10,502 [WARN] Mcu:7025 - HRTIM1 Clean up: some unused parameters were removed
2026-05-05 17:14:10,513 [INFO] UtilMem:75 - End SaveConfig() Used Memory: 918017704 Bytes (1073741824)
2026-05-05 17:14:19,104 [WARN] Mcu:7025 - HRTIM1 Clean up: some unused parameters were removed
2026-05-05 17:14:19,111 [INFO] UtilMem:75 - End SaveConfig() Used Memory: 928317624 Bytes (1073741824)
2026-05-05 17:14:20,012 [INFO] BlockDiagram:2775 - set Specific Code input for plugin: SYS
2026-05-05 17:14:20,013 [INFO] BlockDiagram:2775 - set Specific Code input for plugin: RCC
2026-05-05 17:14:20,013 [INFO] BlockDiagram:2775 - set Specific Code input for plugin: HRTIM
2026-05-05 17:14:20,014 [INFO] BlockDiagram:2775 - set Specific Code input for plugin: NVIC
2026-05-05 17:14:20,015 [INFO] BlockDiagram:2775 - set Specific Code input for plugin: GPIO
2026-05-05 17:14:20,020 [INFO] CodeGenerator:892 - code generatio: config db path: C:\ST\STM32CubeIDE_1.19.0\STM32CubeIDE\plugins\com.st.stm32cube.common.mx_6.15.0.202507011659\\db\
2026-05-05 17:14:20,527 [INFO] CodeEngine:265 - oldGeneratedFile, C:\Users\Александра\Documents\hrtim_test_pwm_1_signal\test_hrtim1\MXTmpFiles\license.tmp_save
2026-05-05 17:14:21,258 [INFO] CodeEngine:289 - Generated code: C:\Users\Александра\Documents\hrtim_test_pwm_1_signal\test_hrtim1\MXTmpFiles\license.tmp
2026-05-05 17:14:21,376 [INFO] CodeEngine:265 - oldGeneratedFile, C:\Users\Александра\Documents\hrtim_test_pwm_1_signal\test_hrtim1\MXTmpFiles\gpio.tmp_save
2026-05-05 17:14:21,670 [INFO] CodeEngine:289 - Generated code: C:\Users\Александра\Documents\hrtim_test_pwm_1_signal\test_hrtim1\MXTmpFiles\gpio.tmp
2026-05-05 17:14:23,321 [INFO] CodeEngine:265 - oldGeneratedFile, C:\Users\Александра\Documents\hrtim_test_pwm_1_signal\test_hrtim1\Core\Src\stm32g4xx_it.c_save
2026-05-05 17:14:24,046 [INFO] CodeEngine:289 - Generated code: C:\Users\Александра\Documents\hrtim_test_pwm_1_signal\test_hrtim1\Core\Src\stm32g4xx_it.c
2026-05-05 17:14:24,061 [INFO] CodeEngine:265 - oldGeneratedFile, C:\Users\Александра\Documents\hrtim_test_pwm_1_signal\test_hrtim1\Core\Inc\stm32g4xx_it.h_save
2026-05-05 17:14:24,229 [INFO] CodeEngine:289 - Generated code: C:\Users\Александра\Documents\hrtim_test_pwm_1_signal\test_hrtim1\Core\Inc\stm32g4xx_it.h
2026-05-05 17:14:24,290 [INFO] CodeEngine:265 - oldGeneratedFile, C:\Users\Александра\Documents\hrtim_test_pwm_1_signal\test_hrtim1\Core\Src\stm32g4xx_hal_msp.c_save
2026-05-05 17:14:24,697 [INFO] CodeEngine:289 - Generated code: C:\Users\Александра\Documents\hrtim_test_pwm_1_signal\test_hrtim1\Core\Src\stm32g4xx_hal_msp.c
2026-05-05 17:14:24,720 [INFO] CodeEngine:265 - oldGeneratedFile, C:\Users\Александра\Documents\hrtim_test_pwm_1_signal\test_hrtim1\MXTmpFiles\system.tmp_save
2026-05-05 17:14:24,934 [INFO] CodeEngine:289 - Generated code: C:\Users\Александра\Documents\hrtim_test_pwm_1_signal\test_hrtim1\MXTmpFiles\system.tmp
2026-05-05 17:14:25,082 [INFO] CodeEngine:321 - oldGeneratedFile, C:\Users\Александра\Documents\hrtim_test_pwm_1_signal\test_hrtim1\Core\Inc\stm32g4xx_hal_conf.h_save
2026-05-05 17:14:25,325 [INFO] CodeEngine:345 - Generated code: C:\Users\Александра\Documents\hrtim_test_pwm_1_signal\test_hrtim1\Core\Inc\stm32g4xx_hal_conf.h
2026-05-05 17:14:25,379 [WARN] IPConfigManager:3238 - Warning: the RefConfig RCC_CommonPeriphClockConfig is not available in your config.xml file
2026-05-05 17:14:25,486 [INFO] CodeEngine:265 - oldGeneratedFile, C:\Users\Александра\Documents\hrtim_test_pwm_1_signal\test_hrtim1\Core\Inc\main.h_save
2026-05-05 17:14:25,825 [INFO] CodeEngine:289 - Generated code: C:\Users\Александра\Documents\hrtim_test_pwm_1_signal\test_hrtim1\Core\Inc\main.h
2026-05-05 17:14:25,859 [INFO] CodeEngine:265 - oldGeneratedFile, C:\Users\Александра\Documents\hrtim_test_pwm_1_signal\test_hrtim1\Core\Src\main.c_save
2026-05-05 17:14:26,388 [INFO] CodeEngine:289 - Generated code: C:\Users\Александра\Documents\hrtim_test_pwm_1_signal\test_hrtim1\Core\Src\main.c
2026-05-05 17:14:27,497 [INFO] ProjectBuilder:3606 - Time for Copy HAL[1] : 564mS.
2026-05-05 17:14:27,505 [INFO] ProjectBuilder:5216 - Project Generator version: 4.7.0-B52
2026-05-05 17:14:27,746 [INFO] ConfigFileManager:1595 - The Die is : DIE469
2026-05-05 17:14:30,951 [INFO] ProjectBuilder:5496 - Time for Generating toolchain IDE Files: 3446mS.
2026-05-05 17:14:30,953 [INFO] ProjectBuilder:3463 - Time for Copy CMSIS : 1mS.
2026-05-05 17:14:30,960 [INFO] ProjectBuilder:3463 - Time for Copy CMSIS : 0mS.
2026-05-05 17:17:01,725 [INFO] NvicIntPanel:101 - NVIC parent = com.st.microxplorer.plugins.ip.nvic.MultiNvicIntPanel[,0,0,0x0,invalid,layout=javax.swing.BoxLayout,alignmentX=0.0,alignmentY=0.0,border=,flags=9,maximumSize=,minimumSize=,preferredSize=]
2026-05-05 17:18:56,989 [WARN] Mcu:7025 - HRTIM1 Clean up: some unused parameters were removed
2026-05-05 17:18:57,024 [INFO] UtilMem:75 - End SaveConfig() Used Memory: 1009567400 Bytes (1073741824)
2026-05-05 17:19:03,414 [WARN] Mcu:7025 - HRTIM1 Clean up: some unused parameters were removed
2026-05-05 17:19:03,421 [INFO] UtilMem:75 - End SaveConfig() Used Memory: 1014173640 Bytes (1073741824)
2026-05-05 17:19:04,088 [INFO] BlockDiagram:2775 - set Specific Code input for plugin: SYS
2026-05-05 17:19:04,089 [INFO] BlockDiagram:2775 - set Specific Code input for plugin: RCC
2026-05-05 17:19:04,089 [INFO] BlockDiagram:2775 - set Specific Code input for plugin: HRTIM
2026-05-05 17:19:04,089 [INFO] BlockDiagram:2775 - set Specific Code input for plugin: NVIC
2026-05-05 17:19:04,095 [INFO] BlockDiagram:2775 - set Specific Code input for plugin: GPIO
2026-05-05 17:19:04,106 [INFO] CodeGenerator:892 - code generatio: config db path: C:\ST\STM32CubeIDE_1.19.0\STM32CubeIDE\plugins\com.st.stm32cube.common.mx_6.15.0.202507011659\\db\
2026-05-05 17:19:04,441 [INFO] CodeEngine:265 - oldGeneratedFile, C:\Users\Александра\Documents\hrtim_test_pwm_1_signal\test_hrtim1\MXTmpFiles\license.tmp_save
2026-05-05 17:19:05,105 [INFO] CodeEngine:289 - Generated code: C:\Users\Александра\Documents\hrtim_test_pwm_1_signal\test_hrtim1\MXTmpFiles\license.tmp
2026-05-05 17:19:05,199 [INFO] CodeEngine:265 - oldGeneratedFile, C:\Users\Александра\Documents\hrtim_test_pwm_1_signal\test_hrtim1\MXTmpFiles\gpio.tmp_save
2026-05-05 17:19:05,497 [INFO] CodeEngine:289 - Generated code: C:\Users\Александра\Documents\hrtim_test_pwm_1_signal\test_hrtim1\MXTmpFiles\gpio.tmp
2026-05-05 17:19:06,885 [INFO] CodeEngine:265 - oldGeneratedFile, C:\Users\Александра\Documents\hrtim_test_pwm_1_signal\test_hrtim1\Core\Src\stm32g4xx_it.c_save
2026-05-05 17:19:07,532 [INFO] CodeEngine:289 - Generated code: C:\Users\Александра\Documents\hrtim_test_pwm_1_signal\test_hrtim1\Core\Src\stm32g4xx_it.c
2026-05-05 17:19:07,566 [INFO] CodeEngine:265 - oldGeneratedFile, C:\Users\Александра\Documents\hrtim_test_pwm_1_signal\test_hrtim1\Core\Inc\stm32g4xx_it.h_save
2026-05-05 17:19:07,895 [INFO] CodeEngine:289 - Generated code: C:\Users\Александра\Documents\hrtim_test_pwm_1_signal\test_hrtim1\Core\Inc\stm32g4xx_it.h
2026-05-05 17:19:07,945 [INFO] CodeEngine:265 - oldGeneratedFile, C:\Users\Александра\Documents\hrtim_test_pwm_1_signal\test_hrtim1\Core\Src\stm32g4xx_hal_msp.c_save
2026-05-05 17:19:08,343 [INFO] CodeEngine:289 - Generated code: C:\Users\Александра\Documents\hrtim_test_pwm_1_signal\test_hrtim1\Core\Src\stm32g4xx_hal_msp.c
2026-05-05 17:19:08,369 [INFO] CodeEngine:265 - oldGeneratedFile, C:\Users\Александра\Documents\hrtim_test_pwm_1_signal\test_hrtim1\MXTmpFiles\system.tmp_save
2026-05-05 17:19:08,540 [INFO] CodeEngine:289 - Generated code: C:\Users\Александра\Documents\hrtim_test_pwm_1_signal\test_hrtim1\MXTmpFiles\system.tmp
2026-05-05 17:19:08,568 [INFO] CodeEngine:321 - oldGeneratedFile, C:\Users\Александра\Documents\hrtim_test_pwm_1_signal\test_hrtim1\Core\Inc\stm32g4xx_hal_conf.h_save
2026-05-05 17:19:08,783 [INFO] CodeEngine:345 - Generated code: C:\Users\Александра\Documents\hrtim_test_pwm_1_signal\test_hrtim1\Core\Inc\stm32g4xx_hal_conf.h
2026-05-05 17:19:08,844 [WARN] IPConfigManager:3238 - Warning: the RefConfig RCC_CommonPeriphClockConfig is not available in your config.xml file
2026-05-05 17:19:08,881 [INFO] CodeEngine:265 - oldGeneratedFile, C:\Users\Александра\Documents\hrtim_test_pwm_1_signal\test_hrtim1\Core\Inc\main.h_save
2026-05-05 17:19:09,251 [INFO] CodeEngine:289 - Generated code: C:\Users\Александра\Documents\hrtim_test_pwm_1_signal\test_hrtim1\Core\Inc\main.h
2026-05-05 17:19:09,271 [INFO] CodeEngine:265 - oldGeneratedFile, C:\Users\Александра\Documents\hrtim_test_pwm_1_signal\test_hrtim1\Core\Src\main.c_save
2026-05-05 17:19:09,675 [INFO] CodeEngine:289 - Generated code: C:\Users\Александра\Documents\hrtim_test_pwm_1_signal\test_hrtim1\Core\Src\main.c
2026-05-05 17:19:10,647 [INFO] ProjectBuilder:3606 - Time for Copy HAL[1] : 502mS.
2026-05-05 17:19:10,657 [INFO] ProjectBuilder:5216 - Project Generator version: 4.7.0-B52
2026-05-05 17:19:10,971 [INFO] ConfigFileManager:1595 - The Die is : DIE469
2026-05-05 17:19:13,969 [INFO] ProjectBuilder:5496 - Time for Generating toolchain IDE Files: 3308mS.
2026-05-05 17:19:13,977 [INFO] ProjectBuilder:3463 - Time for Copy CMSIS : 1mS.
2026-05-05 17:19:14,047 [INFO] ProjectBuilder:3463 - Time for Copy CMSIS : 0mS.
2026-05-05 17:26:24,643 [ERROR] ConfigurationRetriever:142 - IOException on connection: Read timed out
2026-05-05 17:28:53,518 [INFO] WebApp:194 - Connection lost
2026-05-05 17:28:54,525 [INFO] WebApp:191 - Connection restablished
2026-05-05 17:32:12,094 [INFO] WebApp:194 - Connection lost
2026-05-05 17:32:12,652 [INFO] WebApp:191 - Connection restablished
2026-05-05 18:07:57,048 [INFO] NvicIntPanel:101 - NVIC parent = com.st.microxplorer.plugins.ip.nvic.MultiNvicIntPanel[,0,0,0x0,invalid,layout=javax.swing.BoxLayout,alignmentX=0.0,alignmentY=0.0,border=,flags=9,maximumSize=,minimumSize=,preferredSize=]
2026-05-05 18:08:05,466 [INFO] NvicIntPanel:101 - NVIC parent = com.st.microxplorer.plugins.ip.nvic.MultiNvicIntPanel[,0,0,0x0,invalid,layout=javax.swing.BoxLayout,alignmentX=0.0,alignmentY=0.0,border=,flags=9,maximumSize=,minimumSize=,preferredSize=]
2026-05-05 18:08:11,345 [INFO] NvicIntPanel:101 - NVIC parent = com.st.microxplorer.plugins.ip.nvic.MultiNvicIntPanel[,0,0,0x0,invalid,layout=javax.swing.BoxLayout,alignmentX=0.0,alignmentY=0.0,border=,flags=9,maximumSize=,minimumSize=,preferredSize=]
2026-05-05 18:08:20,888 [INFO] NvicIntPanel:101 - NVIC parent = com.st.microxplorer.plugins.ip.nvic.MultiNvicIntPanel[,0,0,0x0,invalid,layout=javax.swing.BoxLayout,alignmentX=0.0,alignmentY=0.0,border=,flags=9,maximumSize=,minimumSize=,preferredSize=]
2026-05-05 18:08:32,036 [INFO] NvicIntPanel:101 - NVIC parent = com.st.microxplorer.plugins.ip.nvic.MultiNvicIntPanel[,0,0,0x0,invalid,layout=javax.swing.BoxLayout,alignmentX=0.0,alignmentY=0.0,border=,flags=9,maximumSize=,minimumSize=,preferredSize=]
2026-05-05 18:08:39,012 [INFO] NvicIntPanel:101 - NVIC parent = com.st.microxplorer.plugins.ip.nvic.MultiNvicIntPanel[,0,0,0x0,invalid,layout=javax.swing.BoxLayout,alignmentX=0.0,alignmentY=0.0,border=,flags=9,maximumSize=,minimumSize=,preferredSize=]
2026-05-05 18:08:51,061 [INFO] NvicIntPanel:101 - NVIC parent = com.st.microxplorer.plugins.ip.nvic.MultiNvicIntPanel[,0,0,0x0,invalid,layout=javax.swing.BoxLayout,alignmentX=0.0,alignmentY=0.0,border=,flags=9,maximumSize=,minimumSize=,preferredSize=]
2026-05-05 18:08:54,342 [INFO] NvicIntPanel:101 - NVIC parent = com.st.microxplorer.plugins.ip.nvic.MultiNvicIntPanel[,0,0,0x0,invalid,layout=javax.swing.BoxLayout,alignmentX=0.0,alignmentY=0.0,border=,flags=9,maximumSize=,minimumSize=,preferredSize=]
2026-05-05 18:08:58,192 [INFO] NvicIntPanel:101 - NVIC parent = com.st.microxplorer.plugins.ip.nvic.MultiNvicIntPanel[,0,0,0x0,invalid,layout=javax.swing.BoxLayout,alignmentX=0.0,alignmentY=0.0,border=,flags=9,maximumSize=,minimumSize=,preferredSize=]
2026-05-05 18:10:31,941 [INFO] NvicIntPanel:101 - NVIC parent = com.st.microxplorer.plugins.ip.nvic.MultiNvicIntPanel[,0,0,0x0,invalid,layout=javax.swing.BoxLayout,alignmentX=0.0,alignmentY=0.0,border=,flags=9,maximumSize=,minimumSize=,preferredSize=]
2026-05-05 18:12:26,789 [INFO] NvicIntPanel:101 - NVIC parent = com.st.microxplorer.plugins.ip.nvic.MultiNvicIntPanel[,0,0,0x0,invalid,layout=javax.swing.BoxLayout,alignmentX=0.0,alignmentY=0.0,border=,flags=9,maximumSize=,minimumSize=,preferredSize=]
2026-05-05 18:12:32,273 [INFO] NvicIntPanel:101 - NVIC parent = com.st.microxplorer.plugins.ip.nvic.MultiNvicIntPanel[,0,0,0x0,invalid,layout=javax.swing.BoxLayout,alignmentX=0.0,alignmentY=0.0,border=,flags=9,maximumSize=,minimumSize=,preferredSize=]
2026-05-05 18:12:50,056 [INFO] NvicIntPanel:101 - NVIC parent = com.st.microxplorer.plugins.ip.nvic.MultiNvicIntPanel[,0,0,0x0,invalid,layout=javax.swing.BoxLayout,alignmentX=0.0,alignmentY=0.0,border=,flags=9,maximumSize=,minimumSize=,preferredSize=]
2026-05-05 18:12:53,805 [INFO] NvicIntPanel:101 - NVIC parent = com.st.microxplorer.plugins.ip.nvic.MultiNvicIntPanel[,0,0,0x0,invalid,layout=javax.swing.BoxLayout,alignmentX=0.0,alignmentY=0.0,border=,flags=9,maximumSize=,minimumSize=,preferredSize=]
2026-05-05 18:13:04,517 [INFO] NvicIntPanel:101 - NVIC parent = com.st.microxplorer.plugins.ip.nvic.MultiNvicIntPanel[,0,0,0x0,invalid,layout=javax.swing.BoxLayout,alignmentX=0.0,alignmentY=0.0,border=,flags=9,maximumSize=,minimumSize=,preferredSize=]
2026-05-05 18:13:07,847 [INFO] NvicIntPanel:101 - NVIC parent = com.st.microxplorer.plugins.ip.nvic.MultiNvicIntPanel[,0,0,0x0,invalid,layout=javax.swing.BoxLayout,alignmentX=0.0,alignmentY=0.0,border=,flags=9,maximumSize=,minimumSize=,preferredSize=]
2026-05-05 18:13:22,176 [INFO] NvicIntPanel:101 - NVIC parent = com.st.microxplorer.plugins.ip.nvic.MultiNvicIntPanel[,0,0,0x0,invalid,layout=javax.swing.BoxLayout,alignmentX=0.0,alignmentY=0.0,border=,flags=9,maximumSize=,minimumSize=,preferredSize=]
2026-05-05 18:13:25,803 [INFO] NvicIntPanel:101 - NVIC parent = com.st.microxplorer.plugins.ip.nvic.MultiNvicIntPanel[,0,0,0x0,invalid,layout=javax.swing.BoxLayout,alignmentX=0.0,alignmentY=0.0,border=,flags=9,maximumSize=,minimumSize=,preferredSize=]
2026-05-05 18:13:28,525 [INFO] NvicIntPanel:101 - NVIC parent = com.st.microxplorer.plugins.ip.nvic.MultiNvicIntPanel[,0,0,0x0,invalid,layout=javax.swing.BoxLayout,alignmentX=0.0,alignmentY=0.0,border=,flags=9,maximumSize=,minimumSize=,preferredSize=]
2026-05-05 18:13:31,553 [INFO] NvicIntPanel:101 - NVIC parent = com.st.microxplorer.plugins.ip.nvic.MultiNvicIntPanel[,0,0,0x0,invalid,layout=javax.swing.BoxLayout,alignmentX=0.0,alignmentY=0.0,border=,flags=9,maximumSize=,minimumSize=,preferredSize=]
2026-05-05 18:26:18,827 [WARN] Mcu:7025 - HRTIM1 Clean up: some unused parameters were removed
2026-05-05 18:26:18,852 [INFO] UtilMem:75 - End SaveConfig() Used Memory: 998154744 Bytes (1073741824)
2026-05-05 18:26:21,870 [WARN] Mcu:7025 - HRTIM1 Clean up: some unused parameters were removed
2026-05-05 18:26:21,876 [INFO] UtilMem:75 - End SaveConfig() Used Memory: 1000599976 Bytes (1073741824)
2026-05-05 18:26:25,286 [WARN] Mcu:7025 - HRTIM1 Clean up: some unused parameters were removed
2026-05-05 18:26:25,293 [INFO] UtilMem:75 - End SaveConfig() Used Memory: 999922872 Bytes (1073741824)
2026-05-05 18:26:26,330 [INFO] BlockDiagram:2775 - set Specific Code input for plugin: SYS
2026-05-05 18:26:26,330 [INFO] BlockDiagram:2775 - set Specific Code input for plugin: RCC
2026-05-05 18:26:26,330 [INFO] BlockDiagram:2775 - set Specific Code input for plugin: HRTIM
2026-05-05 18:26:26,330 [INFO] BlockDiagram:2775 - set Specific Code input for plugin: NVIC
2026-05-05 18:26:26,332 [INFO] BlockDiagram:2775 - set Specific Code input for plugin: GPIO
2026-05-05 18:26:26,336 [INFO] CodeGenerator:892 - code generatio: config db path: C:\ST\STM32CubeIDE_1.19.0\STM32CubeIDE\plugins\com.st.stm32cube.common.mx_6.15.0.202507011659\\db\
2026-05-05 18:26:26,651 [INFO] CodeEngine:265 - oldGeneratedFile, C:\Users\Александра\Documents\hrtim_test_pwm_1_signal\test_hrtim1\MXTmpFiles\license.tmp_save
2026-05-05 18:26:27,247 [INFO] CodeEngine:289 - Generated code: C:\Users\Александра\Documents\hrtim_test_pwm_1_signal\test_hrtim1\MXTmpFiles\license.tmp
2026-05-05 18:26:27,385 [INFO] CodeEngine:265 - oldGeneratedFile, C:\Users\Александра\Documents\hrtim_test_pwm_1_signal\test_hrtim1\MXTmpFiles\gpio.tmp_save
2026-05-05 18:26:27,698 [INFO] CodeEngine:289 - Generated code: C:\Users\Александра\Documents\hrtim_test_pwm_1_signal\test_hrtim1\MXTmpFiles\gpio.tmp
2026-05-05 18:26:29,168 [INFO] CodeEngine:265 - oldGeneratedFile, C:\Users\Александра\Documents\hrtim_test_pwm_1_signal\test_hrtim1\Core\Src\stm32g4xx_it.c_save
2026-05-05 18:26:30,151 [INFO] CodeEngine:289 - Generated code: C:\Users\Александра\Documents\hrtim_test_pwm_1_signal\test_hrtim1\Core\Src\stm32g4xx_it.c
2026-05-05 18:26:30,172 [INFO] CodeEngine:265 - oldGeneratedFile, C:\Users\Александра\Documents\hrtim_test_pwm_1_signal\test_hrtim1\Core\Inc\stm32g4xx_it.h_save
2026-05-05 18:26:30,441 [INFO] CodeEngine:289 - Generated code: C:\Users\Александра\Documents\hrtim_test_pwm_1_signal\test_hrtim1\Core\Inc\stm32g4xx_it.h
2026-05-05 18:26:30,483 [INFO] CodeEngine:265 - oldGeneratedFile, C:\Users\Александра\Documents\hrtim_test_pwm_1_signal\test_hrtim1\Core\Src\stm32g4xx_hal_msp.c_save
2026-05-05 18:26:31,136 [INFO] CodeEngine:289 - Generated code: C:\Users\Александра\Documents\hrtim_test_pwm_1_signal\test_hrtim1\Core\Src\stm32g4xx_hal_msp.c
2026-05-05 18:26:31,151 [INFO] CodeEngine:265 - oldGeneratedFile, C:\Users\Александра\Documents\hrtim_test_pwm_1_signal\test_hrtim1\MXTmpFiles\system.tmp_save
2026-05-05 18:26:31,440 [INFO] CodeEngine:289 - Generated code: C:\Users\Александра\Documents\hrtim_test_pwm_1_signal\test_hrtim1\MXTmpFiles\system.tmp
2026-05-05 18:26:31,522 [INFO] CodeEngine:321 - oldGeneratedFile, C:\Users\Александра\Documents\hrtim_test_pwm_1_signal\test_hrtim1\Core\Inc\stm32g4xx_hal_conf.h_save
2026-05-05 18:26:31,809 [INFO] CodeEngine:345 - Generated code: C:\Users\Александра\Documents\hrtim_test_pwm_1_signal\test_hrtim1\Core\Inc\stm32g4xx_hal_conf.h
2026-05-05 18:26:31,871 [WARN] IPConfigManager:3238 - Warning: the RefConfig RCC_CommonPeriphClockConfig is not available in your config.xml file
2026-05-05 18:26:31,904 [INFO] CodeEngine:265 - oldGeneratedFile, C:\Users\Александра\Documents\hrtim_test_pwm_1_signal\test_hrtim1\Core\Inc\main.h_save
2026-05-05 18:26:32,252 [INFO] CodeEngine:289 - Generated code: C:\Users\Александра\Documents\hrtim_test_pwm_1_signal\test_hrtim1\Core\Inc\main.h
2026-05-05 18:26:32,270 [INFO] CodeEngine:265 - oldGeneratedFile, C:\Users\Александра\Documents\hrtim_test_pwm_1_signal\test_hrtim1\Core\Src\main.c_save
2026-05-05 18:26:32,557 [INFO] CodeEngine:289 - Generated code: C:\Users\Александра\Documents\hrtim_test_pwm_1_signal\test_hrtim1\Core\Src\main.c
2026-05-05 18:26:33,440 [INFO] ProjectBuilder:3606 - Time for Copy HAL[1] : 516mS.
2026-05-05 18:26:33,449 [INFO] ProjectBuilder:5216 - Project Generator version: 4.7.0-B52
2026-05-05 18:26:33,721 [INFO] ConfigFileManager:1595 - The Die is : DIE469
2026-05-05 18:26:37,185 [INFO] ProjectBuilder:5496 - Time for Generating toolchain IDE Files: 3735mS.
2026-05-05 18:26:37,186 [INFO] ProjectBuilder:3463 - Time for Copy CMSIS : 1mS.
2026-05-05 18:26:37,197 [INFO] ProjectBuilder:3463 - Time for Copy CMSIS : 0mS.
