2026-05-21 12:19:48,968 [INFO] Activator:176 - 


2026-05-21 12:19:48,980 [INFO] Activator:177 - !SESSION log4j initialized
2026-05-21 12:19:57,469 [INFO] LogOutputStream:77 - [STDOUT_REDIRECT] 
2026-05-21 12:20:00,303 [INFO] ApplicationProperties:184 - Using Application install path: C:\ST\STM32CubeIDE_1.19.0\STM32CubeIDE\plugins\com.st.stm32cube.common.mx_6.15.0.202507011659
2026-05-21 12:20:00,347 [INFO] DbMcusXml:78 - Set database path to: C:\ST\STM32CubeIDE_1.19.0\STM32CubeIDE\plugins\com.st.stm32cube.common.mx_6.15.0.202507011659\\db\/mcu/
2026-05-21 12:20:00,348 [INFO] ApiDb:274 - Set plugin database path to: C:\ST\STM32CubeIDE_1.19.0\STM32CubeIDE\plugins\com.st.stm32cube.common.mx_6.15.0.202507011659\\db\/plugins/boardmanager/
2026-05-21 12:20:00,349 [WARN] ApiDb:259 - Overriding images path with different value:  => C:\ST\STM32CubeIDE_1.19.0\STM32CubeIDE\plugins\com.st.stm32cube.common.mx_6.15.0.202507011659\\db\/plugins/mcufinder/images/
2026-05-21 12:20:00,371 [INFO] ApiDb:250 - Set database path to: C:\Users\Александра\.stmcufinder\plugins\mcufinder//mcu/
2026-05-21 12:20:00,374 [INFO] DbMcusAds:125 - Set database path to: C:\Users\Александра\.stmcufinder\plugins\mcufinder//mcu/
2026-05-21 12:20:00,381 [INFO] CrossReferenceDbSqlite:203 - Set database path to: C:\Users\Александра\.stmcufinder\plugins\mcufinder//mcu/cs/
2026-05-21 12:20:00,656 [INFO] RulesReader:64 - Compatibility file has been processed (317 Rules)
2026-05-21 12:20:00,815 [INFO] DbMcusXml:78 - Set database path to: C:\ST\STM32CubeIDE_1.19.0\STM32CubeIDE\plugins\com.st.stm32cube.common.mx_6.15.0.202507011659\\db\/mcu/
2026-05-21 12:20:00,815 [INFO] ApiDb:274 - Set plugin database path to: C:\ST\STM32CubeIDE_1.19.0\STM32CubeIDE\plugins\com.st.stm32cube.common.mx_6.15.0.202507011659\\db\/plugins/boardmanager/
2026-05-21 12:20:00,815 [INFO] ApiDb:261 - Set plugin images path to: C:\ST\STM32CubeIDE_1.19.0\STM32CubeIDE\plugins\com.st.stm32cube.common.mx_6.15.0.202507011659\\db\/plugins/mcufinder/images/
2026-05-21 12:20:00,815 [WARN] DbFile:41 - Overriding database path with different value: C:\Users\Александра\.stmcufinder\plugins\mcufinder/ => C:\Users\Александра\.stmcufinder\plugins\mcufinder
2026-05-21 12:20:00,817 [INFO] ApiDb:250 - Set database path to: C:\Users\Александра\.stmcufinder\plugins\mcufinder//mcu/
2026-05-21 12:20:00,817 [WARN] DbFile:41 - Overriding database path with different value: C:\Users\Александра\.stmcufinder\plugins\mcufinder/ => C:\Users\Александра\.stmcufinder\plugins\mcufinder
2026-05-21 12:20:00,817 [INFO] DbMcusAds:125 - Set database path to: C:\Users\Александра\.stmcufinder\plugins\mcufinder//mcu/
2026-05-21 12:20:00,817 [WARN] DbFile:41 - Overriding database path with different value: C:\Users\Александра\.stmcufinder\plugins\mcufinder/ => C:\Users\Александра\.stmcufinder\plugins\mcufinder
2026-05-21 12:20:00,817 [WARN] DbFile:41 - Overriding database path with different value: C:\Users\Александра\.stmcufinder\plugins\mcufinder/ => C:\Users\Александра\.stmcufinder\plugins\mcufinder
2026-05-21 12:20:00,817 [INFO] CrossReferenceDbSqlite:203 - Set database path to: C:\Users\Александра\.stmcufinder\plugins\mcufinder//mcu/cs/
2026-05-21 12:20:00,942 [INFO] MainPanel:274 - HeapMemory: 268435456
2026-05-21 12:20:01,123 [INFO] DbMcusXml:78 - Set database path to: C:\ST\STM32CubeIDE_1.19.0\STM32CubeIDE\plugins\com.st.stm32cube.common.mx_6.15.0.202507011659\\db\/mcu/
2026-05-21 12:20:01,123 [INFO] ApiDb:274 - Set plugin database path to: C:\ST\STM32CubeIDE_1.19.0\STM32CubeIDE\plugins\com.st.stm32cube.common.mx_6.15.0.202507011659\\db\/plugins/boardmanager/
2026-05-21 12:20:01,124 [INFO] ApiDb:261 - Set plugin images path to: C:\ST\STM32CubeIDE_1.19.0\STM32CubeIDE\plugins\com.st.stm32cube.common.mx_6.15.0.202507011659\\db\/plugins/mcufinder/images/
2026-05-21 12:20:01,124 [WARN] DbFile:41 - Overriding database path with different value: C:\Users\Александра\.stmcufinder\plugins\mcufinder/ => C:\Users\Александра\.stmcufinder\plugins\mcufinder
2026-05-21 12:20:01,124 [INFO] ApiDb:250 - Set database path to: C:\Users\Александра\.stmcufinder\plugins\mcufinder//mcu/
2026-05-21 12:20:01,124 [WARN] DbFile:41 - Overriding database path with different value: C:\Users\Александра\.stmcufinder\plugins\mcufinder/ => C:\Users\Александра\.stmcufinder\plugins\mcufinder
2026-05-21 12:20:01,125 [INFO] DbMcusAds:125 - Set database path to: C:\Users\Александра\.stmcufinder\plugins\mcufinder//mcu/
2026-05-21 12:20:01,125 [WARN] DbFile:41 - Overriding database path with different value: C:\Users\Александра\.stmcufinder\plugins\mcufinder/ => C:\Users\Александра\.stmcufinder\plugins\mcufinder
2026-05-21 12:20:01,125 [WARN] DbFile:41 - Overriding database path with different value: C:\Users\Александра\.stmcufinder\plugins\mcufinder/ => C:\Users\Александра\.stmcufinder\plugins\mcufinder
2026-05-21 12:20:01,125 [INFO] CrossReferenceDbSqlite:203 - Set database path to: C:\Users\Александра\.stmcufinder\plugins\mcufinder//mcu/cs/
2026-05-21 12:20:01,157 [INFO] ApplicationProperties:184 - Using Application install path: C:\ST\STM32CubeIDE_1.19.0\STM32CubeIDE\plugins\com.st.stm32cube.common.mx_6.15.0.202507011659
2026-05-21 12:20:01,158 [INFO] PluginManage:196 - Search for loadable plugins [exclusion list=, ]
2026-05-21 12:20:01,161 [INFO] PluginManage:310 - Check plugin analytics
2026-05-21 12:20:01,479 [INFO] AnalyticsPlugin:253 - Accepted Software Licenses: STM32CubeMX.6.15.0,STM32CubeMX.6.13.0,STM32CubeMX.6.12.0
2026-05-21 12:20:01,480 [INFO] AnalyticsPlugin:255 - Accepted CMSIS Pack Licenses: 
2026-05-21 12:20:01,480 [INFO] AnalyticsPlugin:257 - Accepted Firmware Licenses: FW.F4.1.28.0,FW.F7.1.17.0,FW.G0.1.6.0,FW.G4.1.6.0,FW.H5.1.3.0,FW.H7.1.11.0,FW.L4.1.18.0,FW.L5.1.5.0,FW.U5.1.6.0,FW.WB.1.20.0
2026-05-21 12:20:01,485 [INFO] PluginManage:359 - Loaded plugin analytics (category:tool,tabindex:-1)
2026-05-21 12:20:01,486 [INFO] PluginManage:310 - Check plugin cadmodel
2026-05-21 12:20:01,495 [INFO] CADModel:105 - Init CAD model plugin
2026-05-21 12:20:01,496 [INFO] PluginManage:359 - Loaded plugin cadmodel (category:power,tabindex:5)
2026-05-21 12:20:01,496 [INFO] PluginManage:310 - Check plugin clock
2026-05-21 12:20:01,512 [INFO] PluginManage:359 - Loaded plugin clock (category:base,tabindex:2)
2026-05-21 12:20:01,513 [INFO] PluginManage:310 - Check plugin ddr
2026-05-21 12:20:01,517 [INFO] PluginManage:359 - Loaded plugin ddr (category:tool,tabindex:6)
2026-05-21 12:20:01,518 [INFO] PluginManage:310 - Check plugin filemanager
2026-05-21 12:20:01,794 [INFO] PluginManage:359 - Loaded plugin filemanager (category:base,tabindex:10)
2026-05-21 12:20:01,794 [INFO] PluginManage:310 - Check plugin ipmanager
2026-05-21 12:20:01,806 [INFO] PluginManage:359 - Loaded plugin ipmanager (category:base,tabindex:5)
2026-05-21 12:20:01,806 [INFO] PluginManage:310 - Check plugin lpbam
2026-05-21 12:20:01,820 [INFO] PluginManage:359 - Loaded plugin lpbam (category:base,tabindex:0)
2026-05-21 12:20:01,821 [INFO] PluginManage:310 - Check plugin memorymap
2026-05-21 12:20:01,847 [INFO] PluginManage:359 - Loaded plugin memorymap (category:base,tabindex:4)
2026-05-21 12:20:01,848 [INFO] PluginManage:310 - Check plugin pinoutandconfiguration
2026-05-21 12:20:01,863 [INFO] PluginManage:359 - Loaded plugin pinoutandconfiguration (category:base,tabindex:1)
2026-05-21 12:20:01,864 [INFO] PluginManage:310 - Check plugin pinoutconfig
2026-05-21 12:20:02,030 [WARN] SupportedApi:132 - Cannot load RTOS API schema: s4s-elt-must-match.1: The content of 'definitions' must match (annotation?, (simpleType | complexType)?, (unique | key | keyref)*)). A problem was found starting at: attribute.
2026-05-21 12:20:02,337 [INFO] PluginManage:359 - Loaded plugin pinoutconfig (category:base,tabindex:0)
2026-05-21 12:20:02,337 [INFO] PluginManage:310 - Check plugin power
2026-05-21 12:20:02,360 [INFO] PluginManage:359 - Loaded plugin power (category:power,tabindex:4)
2026-05-21 12:20:02,360 [INFO] PluginManage:310 - Check plugin projectmanager
2026-05-21 12:20:02,396 [INFO] PluginManage:359 - Loaded plugin projectmanager (category:projectmanager,tabindex:4)
2026-05-21 12:20:02,396 [INFO] PluginManage:310 - Check plugin rif
2026-05-21 12:20:02,413 [INFO] PluginManage:359 - Loaded plugin rif (category:base,tabindex:3)
2026-05-21 12:20:02,413 [INFO] PluginManage:310 - Check plugin thirdparty
2026-05-21 12:20:02,698 [WARN] IntegrityCheckThread:84 - waiting for thirdparty lock release [integrity check]
2026-05-21 12:20:02,699 [INFO] PluginManage:359 - Loaded plugin thirdparty (category:base,tabindex:-1)
2026-05-21 12:20:02,699 [INFO] IntegrityCheckThread:86 - entering critical section [integrity check]
2026-05-21 12:20:02,699 [INFO] PluginManage:310 - Check plugin tools
2026-05-21 12:20:02,700 [INFO] ThirdPartyUpdaterWithRetryManager:70 - Updater plugin not ready yet. [1/15]
2026-05-21 12:20:02,705 [INFO] PluginManage:359 - Loaded plugin tools (category:base,tabindex:7)
2026-05-21 12:20:02,705 [INFO] PluginManage:310 - Check plugin tutovideos
2026-05-21 12:20:03,085 [INFO] PluginManage:359 - Loaded plugin tutovideos (category:base,tabindex:-1)
2026-05-21 12:20:03,086 [INFO] PluginManage:310 - Check plugin updater
2026-05-21 12:20:03,124 [INFO] PluginManage:359 - Loaded plugin updater (category:base,tabindex:12)
2026-05-21 12:20:03,125 [INFO] PluginManage:310 - Check plugin userauth
2026-05-21 12:20:03,131 [INFO] UserAuth:118 - Init User Auth plugin
2026-05-21 12:20:03,132 [INFO] PluginManage:359 - Loaded plugin userauth (category:base,tabindex:14)
2026-05-21 12:20:03,133 [INFO] PluginManage:283 - PluginManage : Loaded plugins [18]
2026-05-21 12:20:03,447 [INFO] PinOutPanel:1589 - setPackage(No Configuration,No Configuration)
2026-05-21 12:20:03,579 [INFO] CADModel:165 - CPN selected for project level
2026-05-21 12:20:03,579 [INFO] CADModel:114 - Register for checkConnection events
2026-05-21 12:20:03,609 [INFO] IPUIPlugin:80 - create IPUIPlugin
2026-05-21 12:20:03,609 [INFO] PluginManager:220 - loadIPPluginJar : add adc
2026-05-21 12:20:03,614 [INFO] IPUIPlugin:80 - create IPUIPlugin
2026-05-21 12:20:03,614 [INFO] PluginManager:220 - loadIPPluginJar : add aes
2026-05-21 12:20:03,619 [INFO] IPUIPlugin:80 - create IPUIPlugin
2026-05-21 12:20:03,620 [INFO] PluginManager:220 - loadIPPluginJar : add can
2026-05-21 12:20:03,622 [INFO] IPUIPlugin:80 - create IPUIPlugin
2026-05-21 12:20:03,623 [INFO] PluginManager:220 - loadIPPluginJar : add comp
2026-05-21 12:20:03,627 [INFO] IPUIPlugin:80 - create IPUIPlugin
2026-05-21 12:20:03,627 [INFO] PluginManager:220 - loadIPPluginJar : add cryp
2026-05-21 12:20:03,632 [INFO] IPUIPlugin:80 - create IPUIPlugin
2026-05-21 12:20:03,633 [INFO] PluginManager:220 - loadIPPluginJar : add ddr_ctrl_phy
2026-05-21 12:20:03,638 [INFO] IPUIPlugin:80 - create IPUIPlugin
2026-05-21 12:20:03,638 [INFO] PluginManager:220 - loadIPPluginJar : add dfsdm
2026-05-21 12:20:03,647 [INFO] IPUIPlugin:80 - create IPUIPlugin
2026-05-21 12:20:03,647 [INFO] PluginManager:220 - loadIPPluginJar : add dma
2026-05-21 12:20:03,653 [INFO] IPUIPlugin:80 - create IPUIPlugin
2026-05-21 12:20:03,654 [INFO] PluginManager:220 - loadIPPluginJar : add dma3
2026-05-21 12:20:03,658 [INFO] IPUIPlugin:80 - create IPUIPlugin
2026-05-21 12:20:03,658 [INFO] PluginManager:220 - loadIPPluginJar : add extmemmanager
2026-05-21 12:20:03,661 [INFO] IPUIPlugin:80 - create IPUIPlugin
2026-05-21 12:20:03,661 [INFO] PluginManager:220 - loadIPPluginJar : add fatfs
2026-05-21 12:20:03,669 [INFO] IPUIPlugin:80 - create IPUIPlugin
2026-05-21 12:20:03,669 [INFO] PluginManager:220 - loadIPPluginJar : add fmc
2026-05-21 12:20:03,683 [INFO] IPUIPlugin:80 - create IPUIPlugin
2026-05-21 12:20:03,683 [INFO] PluginManager:220 - loadIPPluginJar : add freertos
2026-05-21 12:20:03,686 [INFO] IPUIPlugin:80 - create IPUIPlugin
2026-05-21 12:20:03,686 [INFO] PluginManager:220 - loadIPPluginJar : add genericplugin
2026-05-21 12:20:03,691 [INFO] IPUIPlugin:80 - create IPUIPlugin
2026-05-21 12:20:03,691 [INFO] PluginManager:220 - loadIPPluginJar : add gfxmmu
2026-05-21 12:20:03,701 [INFO] IPUIPlugin:80 - create IPUIPlugin
2026-05-21 12:20:03,701 [INFO] PluginManager:220 - loadIPPluginJar : add gic
2026-05-21 12:20:03,708 [INFO] IPUIPlugin:80 - create IPUIPlugin
2026-05-21 12:20:03,709 [INFO] PluginManager:220 - loadIPPluginJar : add gpio
2026-05-21 12:20:03,713 [INFO] IPUIPlugin:80 - create IPUIPlugin
2026-05-21 12:20:03,713 [INFO] PluginManager:220 - loadIPPluginJar : add gtzc
2026-05-21 12:20:03,718 [INFO] IPUIPlugin:80 - create IPUIPlugin
2026-05-21 12:20:03,719 [INFO] PluginManager:220 - loadIPPluginJar : add hash
2026-05-21 12:20:03,724 [INFO] IPUIPlugin:80 - create IPUIPlugin
2026-05-21 12:20:03,724 [INFO] PluginManager:220 - loadIPPluginJar : add i2c
2026-05-21 12:20:03,729 [INFO] IPUIPlugin:80 - create IPUIPlugin
2026-05-21 12:20:03,730 [INFO] PluginManager:220 - loadIPPluginJar : add i2s
2026-05-21 12:20:03,736 [INFO] IPUIPlugin:80 - create IPUIPlugin
2026-05-21 12:20:03,737 [INFO] PluginManager:220 - loadIPPluginJar : add i3c
2026-05-21 12:20:03,741 [INFO] IPUIPlugin:80 - create IPUIPlugin
2026-05-21 12:20:03,742 [INFO] PluginManager:220 - loadIPPluginJar : add ipddr
2026-05-21 12:20:03,751 [INFO] IPUIPlugin:80 - create IPUIPlugin
2026-05-21 12:20:03,752 [INFO] PluginManager:220 - loadIPPluginJar : add linkedlist
2026-05-21 12:20:03,757 [INFO] IPUIPlugin:80 - create IPUIPlugin
2026-05-21 12:20:03,757 [INFO] PluginManager:220 - loadIPPluginJar : add lorawan
2026-05-21 12:20:03,759 [INFO] IPUIPlugin:80 - create IPUIPlugin
2026-05-21 12:20:03,760 [INFO] PluginManager:220 - loadIPPluginJar : add ltdc
2026-05-21 12:20:03,770 [INFO] IPUIPlugin:80 - create IPUIPlugin
2026-05-21 12:20:03,770 [INFO] PluginManager:220 - loadIPPluginJar : add mdma
2026-05-21 12:20:03,776 [INFO] IPUIPlugin:80 - create IPUIPlugin
2026-05-21 12:20:03,776 [INFO] PluginManager:220 - loadIPPluginJar : add nvic
2026-05-21 12:20:03,781 [INFO] IPUIPlugin:80 - create IPUIPlugin
2026-05-21 12:20:03,781 [INFO] PluginManager:220 - loadIPPluginJar : add opamp
2026-05-21 12:20:03,786 [INFO] IPUIPlugin:80 - create IPUIPlugin
2026-05-21 12:20:03,786 [INFO] PluginManager:220 - loadIPPluginJar : add openamp
2026-05-21 12:20:03,794 [INFO] IPUIPlugin:80 - create IPUIPlugin
2026-05-21 12:20:03,794 [INFO] PluginManager:220 - loadIPPluginJar : add pdm2pcm
2026-05-21 12:20:03,806 [INFO] IPUIPlugin:80 - create IPUIPlugin
2026-05-21 12:20:03,811 [INFO] PluginManager:220 - loadIPPluginJar : add plateformsettings
2026-05-21 12:20:03,814 [INFO] IPUIPlugin:80 - create IPUIPlugin
2026-05-21 12:20:03,814 [INFO] PluginManager:220 - loadIPPluginJar : add quadspi
2026-05-21 12:20:03,817 [INFO] IPUIPlugin:80 - create IPUIPlugin
2026-05-21 12:20:03,818 [INFO] PluginManager:220 - loadIPPluginJar : add radio
2026-05-21 12:20:03,825 [INFO] IPUIPlugin:80 - create IPUIPlugin
2026-05-21 12:20:03,826 [INFO] PluginManager:220 - loadIPPluginJar : add resmgrutility
2026-05-21 12:20:03,832 [INFO] IPUIPlugin:80 - create IPUIPlugin
2026-05-21 12:20:03,834 [INFO] PluginManager:220 - loadIPPluginJar : add sai
2026-05-21 12:20:03,838 [INFO] IPUIPlugin:80 - create IPUIPlugin
2026-05-21 12:20:03,839 [INFO] PluginManager:220 - loadIPPluginJar : add spi
2026-05-21 12:20:03,850 [INFO] IPUIPlugin:80 - create IPUIPlugin
2026-05-21 12:20:03,850 [INFO] PluginManager:220 - loadIPPluginJar : add stm32_wpan
2026-05-21 12:20:03,853 [INFO] IPUIPlugin:80 - create IPUIPlugin
2026-05-21 12:20:03,853 [INFO] PluginManager:220 - loadIPPluginJar : add tim
2026-05-21 12:20:03,860 [INFO] IPUIPlugin:80 - create IPUIPlugin
2026-05-21 12:20:03,860 [INFO] PluginManager:220 - loadIPPluginJar : add touchsensing
2026-05-21 12:20:03,866 [INFO] IPUIPlugin:80 - create IPUIPlugin
2026-05-21 12:20:03,866 [INFO] PluginManager:220 - loadIPPluginJar : add tracer_emb
2026-05-21 12:20:03,870 [INFO] IPUIPlugin:80 - create IPUIPlugin
2026-05-21 12:20:03,870 [INFO] PluginManager:220 - loadIPPluginJar : add ts
2026-05-21 12:20:03,874 [INFO] IPUIPlugin:80 - create IPUIPlugin
2026-05-21 12:20:03,875 [INFO] PluginManager:220 - loadIPPluginJar : add tsc
2026-05-21 12:20:03,879 [INFO] IPUIPlugin:80 - create IPUIPlugin
2026-05-21 12:20:03,879 [INFO] PluginManager:220 - loadIPPluginJar : add ucpd
2026-05-21 12:20:03,885 [INFO] IPUIPlugin:80 - create IPUIPlugin
2026-05-21 12:20:03,885 [INFO] PluginManager:220 - loadIPPluginJar : add usart
2026-05-21 12:20:03,893 [INFO] IPUIPlugin:80 - create IPUIPlugin
2026-05-21 12:20:03,894 [INFO] PluginManager:220 - loadIPPluginJar : add usbx
2026-05-21 12:20:04,096 [FATAL] Updater:351 - Updater called before beeing initialized
2026-05-21 12:20:04,161 [INFO] RulesReader:64 - Compatibility file has been processed (317 Rules)
2026-05-21 12:20:04,192 [INFO] RulesReader:64 - Compatibility file has been processed (317 Rules)
2026-05-21 12:20:04,208 [INFO] CADModel:165 - CPN selected for project level
2026-05-21 12:20:04,208 [INFO] CADModel:114 - Register for checkConnection events
2026-05-21 12:20:04,208 [FATAL] Updater:351 - Updater called before beeing initialized
2026-05-21 12:20:04,208 [ERROR] CADModel:125 - Updater not yet initialized, retry later 
2026-05-21 12:20:04,501 [FATAL] Updater:351 - Updater called before beeing initialized
2026-05-21 12:20:04,505 [INFO] CADModel:165 - CPN selected for project level
2026-05-21 12:20:04,505 [INFO] CADModel:114 - Register for checkConnection events
2026-05-21 12:20:04,505 [FATAL] Updater:351 - Updater called before beeing initialized
2026-05-21 12:20:04,505 [ERROR] CADModel:125 - Updater not yet initialized, retry later 
2026-05-21 12:20:04,511 [FATAL] Updater:351 - Updater called before beeing initialized
2026-05-21 12:20:04,526 [ERROR] ConfigurationRetriever:142 - IOException on connection: Remote host terminated the handshake
2026-05-21 12:20:04,718 [FATAL] Updater:351 - Updater called before beeing initialized
2026-05-21 12:20:04,725 [INFO] DbMcusAds:53 - JSON generation date=Mon Apr 27 11:14:29 MSK 2026 (1777277669577)
2026-05-21 12:20:04,726 [FATAL] Updater:351 - Updater called before beeing initialized
2026-05-21 12:20:04,798 [WARN] DetailPanel:346 - Failed to get advertising image, set to default
2026-05-21 12:20:04,931 [FATAL] Updater:351 - Updater called before beeing initialized
2026-05-21 12:20:04,933 [FATAL] Updater:351 - Updater called before beeing initialized
2026-05-21 12:20:04,933 [FATAL] Updater:351 - Updater called before beeing initialized
2026-05-21 12:20:04,933 [WARN] DetailPanel:346 - Failed to get advertising image, set to default
2026-05-21 12:20:04,934 [FATAL] Updater:351 - Updater called before beeing initialized
2026-05-21 12:20:05,012 [ERROR] Updater:1198 - MainUpdater not yet initialized. External WinMGr cannot be set.
2026-05-21 12:20:05,019 [INFO] Updater:1134 - Updater Version found : 6.15.0
2026-05-21 12:20:05,050 [INFO] ApplicationProperties:184 - Using Application install path: C:\ST\STM32CubeIDE_1.19.0\STM32CubeIDE\plugins\com.st.stm32cube.common.mx_6.15.0.202507011659
2026-05-21 12:20:05,701 [INFO] ThirdPartyUpdaterWithRetryManager:70 - Updater plugin not ready yet. [2/15]
2026-05-21 12:20:06,162 [ERROR] CheckConnectionManager:249 - Problem, Http access forbiden
2026-05-21 12:20:06,168 [INFO] MainUpdater:2872 - connection check result : 22
2026-05-21 12:20:06,169 [INFO] MainUpdater:289 - Updater Check For Update Now.
2026-05-21 12:20:06,169 [INFO] MicroXplorer:498 - Change Database Version : DB.6.0.150
2026-05-21 12:20:06,181 [INFO] McuFinderGlobals:63 - Set McuFinder mode to 2 (CubeIDE integrated)
2026-05-21 12:20:06,183 [INFO] UserAuth:487 - Internet connection configuration mode: 2
2026-05-21 12:20:06,188 [INFO] UserAuth:487 - Internet connection configuration mode: 2
2026-05-21 12:20:06,477 [INFO] CheckServerUpdateThread:120 - End of CheckServer Thread
2026-05-21 12:20:09,239 [WARN] PackLoader:240 - Cannot read IP mode file for STMicroelectronics.X-CUBE-AZRTOS-H7.3.5.0
2026-05-21 12:20:09,264 [WARN] PackLoader:240 - Cannot read IP mode file for STMicroelectronics.FP-SNS-MOTENVWB1.1.4.0
2026-05-21 12:20:09,275 [WARN] PackLoader:240 - Cannot read IP mode file for STMicroelectronics.FP-ATR-ASTRA1.2.0.2
2026-05-21 12:20:09,288 [WARN] PackLoader:240 - Cannot read IP mode file for STMicroelectronics.X-CUBE-SMBUS.2.1.0
2026-05-21 12:20:09,297 [WARN] PackLoader:240 - Cannot read IP mode file for STMicroelectronics.X-CUBE-ST60.1.0.0
2026-05-21 12:20:09,339 [WARN] PackLoader:240 - Cannot read IP mode file for STMicroelectronics.X-CUBE-AZRTOS-F7.1.1.0
2026-05-21 12:20:09,353 [WARN] PackLoader:240 - Cannot read IP mode file for Cesanta.I-CUBE-Mongoose.7.19.0
2026-05-21 12:20:09,361 [WARN] PackLoader:240 - Cannot read IP mode file for STMicroelectronics.FP-SNS-MOTENV1.5.1.0
2026-05-21 12:20:09,379 [WARN] PackLoader:240 - Cannot read IP mode file for WES.I-CUBE-Cesium.1.4.0
2026-05-21 12:20:09,426 [WARN] PackLoader:240 - Cannot read IP mode file for Infineon.AIROC-Wi-Fi-Bluetooth-STM32.1.7.1
2026-05-21 12:20:09,477 [WARN] PackLoader:240 - Cannot read IP mode file for STMicroelectronics.X-CUBE-AZRTOS-H7.3.4.0
2026-05-21 12:20:09,511 [WARN] PackLoader:240 - Cannot read IP mode file for STMicroelectronics.X-CUBE-DISPLAY.3.0.0
2026-05-21 12:20:09,531 [WARN] PackLoader:240 - Cannot read IP mode file for STMicroelectronics.X-CUBE-GNSS1.7.1.1
2026-05-21 12:20:09,539 [WARN] PackLoader:240 - Cannot read IP mode file for STMicroelectronics.FP-SNS-MOTENVWB1.1.5.0
2026-05-21 12:20:09,548 [WARN] PackLoader:240 - Cannot read IP mode file for STMicroelectronics.X-CUBE-NFC10.1.0.0
2026-05-21 12:20:09,560 [WARN] PackLoader:240 - Cannot read IP mode file for STMicroelectronics.X-CUBE-ST60.1.1.0
2026-05-21 12:20:09,571 [WARN] PackLoader:240 - Cannot read IP mode file for emotas.I-CUBE-CANOPEN.1.3.0
2026-05-21 12:20:09,597 [WARN] PackLoader:240 - Cannot read IP mode file for STMicroelectronics.X-CUBE-GNSS1.7.1.0
2026-05-21 12:20:09,613 [WARN] PackLoader:240 - Cannot read IP mode file for STMicroelectronics.FP-SNS-STBOX1.2.1.0
2026-05-21 12:20:09,626 [WARN] PackLoader:240 - Cannot read IP mode file for STMicroelectronics.FP-SNS-SMARTAG2.1.2.0
2026-05-21 12:20:09,635 [WARN] PackLoader:240 - Cannot read IP mode file for STMicroelectronics.FP-SNS-FLIGHT1.5.1.0
2026-05-21 12:20:09,651 [INFO] LogOutputStream:77 - [STDOUT_REDIRECT] 1 : Invalid condition id : UX_CORESTACK_Condition cause : null
2026-05-21 12:20:09,653 [INFO] LogOutputStream:77 - [STDOUT_REDIRECT] 1 : Invalid condition id : UX_CORESTACK_Condition cause : null
2026-05-21 12:20:09,655 [INFO] LogOutputStream:77 - [STDOUT_REDIRECT] 1 : Invalid condition id : UX_CORESTACK_Condition cause : null
2026-05-21 12:20:09,657 [INFO] LogOutputStream:77 - [STDOUT_REDIRECT] 1 : Invalid condition id : UX_CORESTACK_Condition cause : null
2026-05-21 12:20:09,660 [INFO] LogOutputStream:77 - [STDOUT_REDIRECT] 1 : Invalid condition id : UX_CORESTACK_Condition cause : null
2026-05-21 12:20:09,666 [WARN] PackLoader:240 - Cannot read IP mode file for STMicroelectronics.X-CUBE-AZRTOS-WL.2.0.0
2026-05-21 12:20:09,675 [WARN] PackLoader:240 - Cannot read IP mode file for STMicroelectronics.FP-SNS-MOTENV1.5.0.0
2026-05-21 12:20:09,783 [WARN] PackLoader:240 - Cannot read IP mode file for STMicroelectronics.X-CUBE-AZRTOS-H7RS.1.2.0
2026-05-21 12:20:09,806 [WARN] PackLoader:240 - Cannot read IP mode file for STMicroelectronics.X-CUBE-BLE2.3.3.0
2026-05-21 12:20:09,841 [INFO] LogOutputStream:77 - [STDOUT_REDIRECT] [ThirdParty] unknown protocol: c
2026-05-21 12:20:09,841 [WARN] PackLoader:240 - Cannot read IP mode file for Avnet-IOTCONNECT.X-CUBE-iotc-st67-sdk.1.0.0
2026-05-21 12:20:09,852 [WARN] PackLoader:240 - Cannot read IP mode file for STMicroelectronics.X-CUBE-NFC9.1.0.0
2026-05-21 12:20:09,864 [WARN] PackLoader:240 - Cannot read IP mode file for wolfSSL.I-CUBE-wolfSSL.5.8.2
2026-05-21 12:20:09,873 [WARN] PackLoader:240 - Cannot read IP mode file for STMicroelectronics.X-CUBE-BLE1.7.1.0
2026-05-21 12:20:09,880 [WARN] PackLoader:240 - Cannot read IP mode file for wolfSSL.I-CUBE-wolfMQTT.1.19.2
2026-05-21 12:20:09,906 [WARN] PackLoader:240 - Cannot read IP mode file for STMicroelectronics.X-CUBE-FREERTOS.1.4.0
2026-05-21 12:20:09,918 [WARN] PackLoader:240 - Cannot read IP mode file for STMicroelectronics.X-CUBE-EEPRMA1.5.2.0
2026-05-21 12:20:09,963 [WARN] PackLoader:240 - Cannot read IP mode file for STMicroelectronics.X-CUBE-ST67W61.1.1.0
2026-05-21 12:20:09,974 [WARN] PackLoader:240 - Cannot read IP mode file for STMicroelectronics.FP-SNS-STAIOTCFT.1.1.0
2026-05-21 12:20:10,073 [WARN] PackLoader:240 - Cannot read IP mode file for STMicroelectronics.X-CUBE-MEMS1.12.0.0
2026-05-21 12:20:10,294 [WARN] PackLoader:240 - Cannot read IP mode file for STMicroelectronics.X-CUBE-AZRTOS-G0.1.1.0
2026-05-21 12:20:10,309 [WARN] PackLoader:240 - Cannot read IP mode file for STMicroelectronics.X-CUBE-SAFEA1.1.2.2
2026-05-21 12:20:10,321 [WARN] PackLoader:240 - Cannot read IP mode file for STMicroelectronics.X-CUBE-NFC4.3.0.0
2026-05-21 12:20:10,338 [WARN] PackLoader:240 - Cannot read IP mode file for EmbeddedOffice.I-CUBE-FS-RTOS.1.0.1
2026-05-21 12:20:10,349 [WARN] PackLoader:240 - Cannot read IP mode file for STMicroelectronics.X-CUBE-WB05N.2.0.0
2026-05-21 12:20:10,358 [WARN] PackLoader:240 - Cannot read IP mode file for wolfSSL.I-CUBE-wolfTPM.3.8.0
2026-05-21 12:20:10,367 [WARN] PackLoader:240 - Cannot read IP mode file for STMicroelectronics.X-CUBE-TCPP.4.2.0
2026-05-21 12:20:10,379 [WARN] PackLoader:240 - Cannot read IP mode file for RealThread.X-CUBE-RT-Thread_Nano.4.1.1
2026-05-21 12:20:10,387 [WARN] PackLoader:240 - Cannot read IP mode file for STMicroelectronics.FP-ATR-SIGFOX1.3.2.0
2026-05-21 12:20:10,432 [WARN] PackLoader:240 - Cannot read IP mode file for STMicroelectronics.X-CUBE-FREERTOS.1.5.0
2026-05-21 12:20:10,442 [WARN] PackLoader:240 - Cannot read IP mode file for ITTIA_DB.I-CUBE-ITTIADB.8.9.0
2026-05-21 12:20:10,522 [WARN] PackLoader:240 - Cannot read IP mode file for STMicroelectronics.X-CUBE-NFC6.3.2.0
2026-05-21 12:20:10,536 [WARN] PackLoader:240 - Cannot read IP mode file for STMicroelectronics.X-CUBE-ST67W61.1.0.0
2026-05-21 12:20:10,544 [WARN] PackLoader:240 - Cannot read IP mode file for STMicroelectronics.X-CUBE-AI.10.2.0
2026-05-21 12:20:10,656 [WARN] PackLoader:240 - Cannot read IP mode file for STMicroelectronics.X-CUBE-MEMS1.12.1.0
2026-05-21 12:20:10,973 [WARN] PackLoader:240 - Cannot read IP mode file for SEGGER.I-CUBE-embOS.1.3.1
2026-05-21 12:20:11,055 [WARN] PackLoader:240 - Cannot read IP mode file for STMicroelectronics.X-CUBE-ALGOBUILD.1.4.0
2026-05-21 12:20:11,158 [WARN] PackLoader:240 - Cannot read IP mode file for STMicroelectronics.X-CUBE-MEMS1.11.3.0
2026-05-21 12:20:11,392 [WARN] PackLoader:240 - Cannot read IP mode file for STMicroelectronics.X-CUBE-PM33A1.1.0.0
2026-05-21 12:20:11,419 [WARN] PackLoader:240 - Cannot read IP mode file for STMicroelectronics.X-CUBE-AZRTOS-F4.1.1.0
2026-05-21 12:20:11,504 [WARN] PackLoader:240 - Cannot read IP mode file for Avnet-IotConnect.X-CUBE-IoTC-DA16k-PMOD.1.0.0
2026-05-21 12:20:11,511 [WARN] PackLoader:240 - Cannot read IP mode file for STMicroelectronics.X-CUBE-ISPU.2.1.0
2026-05-21 12:20:11,531 [WARN] PackLoader:240 - Cannot read IP mode file for STMicroelectronics.X-CUBE-IPS.3.2.0
2026-05-21 12:20:11,546 [WARN] PackLoader:240 - Cannot read IP mode file for STMicroelectronics.eDS-WB_DPC_TT-BIDIR.2.1.1
2026-05-21 12:20:11,556 [WARN] PackLoader:240 - Cannot read IP mode file for STMicroelectronics.X-CUBE-NFC12.1.0.0
2026-05-21 12:20:11,595 [WARN] PackLoader:240 - Cannot read IP mode file for STMicroelectronics.X-CUBE-AZRTOS-L5.2.0.0
2026-05-21 12:20:11,609 [WARN] PackLoader:240 - Cannot read IP mode file for STMicroelectronics.X-CUBE-NFC6.3.1.0
2026-05-21 12:20:11,736 [WARN] PackLoader:240 - Cannot read IP mode file for STMicroelectronics.eDS-WB_DPC_VIENNA.1.2.0
2026-05-21 12:20:11,747 [WARN] PackLoader:240 - Cannot read IP mode file for STMicroelectronics.eDS-WB_DPC_3PH2L-BIDIR.1.1.1
2026-05-21 12:20:11,754 [ERROR] Engine:466 - C:\Users\Александра\.stm32cubemx\thirdparties\pdsc\STMicroelectronics.X-CUBE-ST67W61.1.3.0.pdsc: PDSC version is not supported
2026-05-21 12:20:11,767 [WARN] PackLoader:240 - Cannot read IP mode file for STMicroelectronics.X-CUBE-FREERTOS.1.3.1
2026-05-21 12:20:11,806 [WARN] PackLoader:240 - Cannot read IP mode file for STMicroelectronics.X-CUBE-TOUCHGFX.4.26.0
2026-05-21 12:20:11,811 [WARN] PackLoader:240 - Cannot read IP mode file for STMicroelectronics.X-CUBE-TOUCHGFX.4.26.1
2026-05-21 12:20:11,818 [WARN] PackLoader:240 - Cannot read IP mode file for STMicroelectronics.FP-SNS-STAIOTCFT.1.0.0
2026-05-21 12:20:11,828 [WARN] PackLoader:240 - Cannot read IP mode file for STMicroelectronics.X-CUBE-DPower.1.3.0
2026-05-21 12:20:11,853 [WARN] ConditionMgr:438 - getConditionDescription Invalid condition id : LAN8742 Phy interface Condition cause : null
2026-05-21 12:20:11,854 [WARN] PackLoader:240 - Cannot read IP mode file for STMicroelectronics.X-CUBE-AZRTOS-L4.2.0.0
2026-05-21 12:20:11,856 [WARN] ConditionMgr:1044 - genDependencies : Invalid condition id : LAN8742 Phy interface Condition cause : null
2026-05-21 12:20:11,857 [WARN] ConditionMgr:1044 - genDependencies : Invalid condition id : LAN8742 Phy interface Condition cause : null
2026-05-21 12:20:11,858 [WARN] ConditionMgr:1044 - genDependencies : Invalid condition id : LAN8742 Phy interface Condition cause : null
2026-05-21 12:20:11,869 [WARN] PackLoader:240 - Cannot read IP mode file for STMicroelectronics.X-CUBE-SFXS2LP1.4.0.0
2026-05-21 12:20:12,059 [WARN] PackLoader:240 - Cannot read IP mode file for STMicroelectronics.X-CUBE-WB05N.2.1.0
2026-05-21 12:20:12,071 [WARN] PackLoader:240 - Cannot read IP mode file for STMicroelectronics.X-CUBE-ST67W61.1.2.0
2026-05-21 12:20:12,090 [WARN] PackLoader:240 - Cannot read IP mode file for STMicroelectronics.X-CUBE-BLEMGR.4.1.0
2026-05-21 12:20:12,115 [WARN] ConditionMgr:438 - getConditionDescription Invalid condition id : UX DEVICE CLASS RTOS Condition cause : null
2026-05-21 12:20:12,116 [WARN] ConditionMgr:438 - getConditionDescription Invalid condition id : UX DEVICE CLASS RTOS Condition cause : null
2026-05-21 12:20:12,119 [WARN] PackLoader:240 - Cannot read IP mode file for STMicroelectronics.X-CUBE-AZRTOS-WB.2.0.0
2026-05-21 12:20:12,120 [WARN] ConditionMgr:1044 - genDependencies : Invalid condition id : UX DEVICE CLASS RTOS Condition cause : null
2026-05-21 12:20:12,120 [WARN] ConditionMgr:1044 - genDependencies : Invalid condition id : UX DEVICE CLASS RTOS Condition cause : null
2026-05-21 12:20:12,120 [WARN] ConditionMgr:1044 - genDependencies : Invalid condition id : UX DEVICE CLASS RTOS Condition cause : null
2026-05-21 12:20:12,121 [WARN] ConditionMgr:1044 - genDependencies : Invalid condition id : UX DEVICE CLASS RTOS Condition cause : null
2026-05-21 12:20:12,121 [WARN] ConditionMgr:1044 - genDependencies : Invalid condition id : UX DEVICE CLASS RTOS Condition cause : null
2026-05-21 12:20:12,129 [WARN] PackLoader:240 - Cannot read IP mode file for STMicroelectronics.X-CUBE-GNSS1.7.0.1
2026-05-21 12:20:12,135 [WARN] PackLoader:240 - Cannot read IP mode file for STMicroelectronics.X-CUBE-TOUCHGFX.4.25.0
2026-05-21 12:20:12,142 [WARN] ConditionMgr:438 - getConditionDescription Invalid condition id : Cortex-A Device cause : null
2026-05-21 12:20:12,275 [INFO] LogOutputStream:77 - [STDOUT_REDIRECT] [ThirdParty] unknown protocol: c
2026-05-21 12:20:12,276 [WARN] PackLoader:240 - Cannot read IP mode file for quantropi.X-CUBE-qispace-sdk-base.2.1.0
2026-05-21 12:20:12,276 [WARN] ConditionMgr:1044 - genDependencies : Invalid condition id : Cortex-A Device cause : null
2026-05-21 12:20:12,276 [WARN] ConditionMgr:1044 - genDependencies : Invalid condition id : Cortex-A Device cause : null
2026-05-21 12:20:12,276 [WARN] ConditionMgr:1044 - genDependencies : Invalid condition id : Cortex-A Device cause : null
2026-05-21 12:20:12,301 [WARN] PackLoader:240 - Cannot read IP mode file for STMicroelectronics.X-CUBE-STSE01.2.0.0
2026-05-21 12:20:12,317 [WARN] PackLoader:240 - Cannot read IP mode file for STMicroelectronics.X-CUBE-SUBG2.5.0.0
2026-05-21 12:20:12,354 [WARN] PackLoader:240 - Cannot read IP mode file for STMicroelectronics.X-CUBE-AZRTOS-H7RS.1.1.0
2026-05-21 12:20:12,380 [WARN] PackLoader:240 - Cannot read IP mode file for STMicroelectronics.X-CUBE-AZRTOS-G4.2.0.0
2026-05-21 12:20:12,390 [WARN] PackLoader:240 - Cannot read IP mode file for wolfSSL.I-CUBE-wolfSSH.1.4.20
2026-05-21 12:20:12,397 [WARN] PackLoader:240 - Cannot read IP mode file for STMicroelectronics.X-CUBE-NFC7.2.0.0
2026-05-21 12:20:12,415 [WARN] PackLoader:240 - Cannot read IP mode file for STMicroelectronics.X-CUBE-IPS.3.1.0
2026-05-21 12:20:12,430 [WARN] PackLoader:240 - Cannot read IP mode file for STMicroelectronics.X-CUBE-ALS.1.0.2
2026-05-21 12:20:12,440 [WARN] PackLoader:240 - Cannot read IP mode file for STMicroelectronics.X-CUBE-STSE01.1.0.0
2026-05-21 12:20:12,458 [WARN] PackLoader:240 - Cannot read IP mode file for STMicroelectronics.X-CUBE-TOF1.3.4.3
2026-05-21 12:20:12,477 [INFO] ThirdParty:978 - Integrity check success = true
2026-05-21 12:20:12,478 [INFO] IntegrityCheckThread:100 - exiting critical section [integrity check]
2026-05-21 12:20:12,478 [INFO] IntegrityCheckThread:103 - End integrity checks thread
2026-05-21 12:20:14,818 [INFO] McuFinderGlobals:63 - Set McuFinder mode to 2 (CubeIDE integrated)
2026-05-21 12:20:14,920 [ERROR] CheckConnectionManager:249 - Problem, Http access forbiden
2026-05-21 12:20:14,921 [INFO] MainUpdater:2872 - connection check result : 22
2026-05-21 12:20:15,036 [ERROR] CheckConnectionManager:249 - Problem, Http access forbiden
2026-05-21 12:20:15,038 [INFO] MainUpdater:2872 - connection check result : 22
2026-05-21 12:20:16,654 [INFO] MicroXplorer:468 - Change Database Path : 
2026-05-21 12:20:16,654 [INFO] MicroXplorer:498 - Change Database Version : DB.6.0.150
2026-05-21 12:20:16,671 [WARN] ThirdParty:871 - waiting for thirdparty lock release [close project]
2026-05-21 12:20:16,671 [INFO] ThirdParty:873 - entering critical section [close project]
2026-05-21 12:20:16,673 [INFO] ThirdParty:883 - exiting critical section [close project]
2026-05-21 12:20:16,676 [INFO] PinOutPanel:1589 - setPackage(No Configuration,No Configuration)
2026-05-21 12:20:16,679 [INFO] UtilMem:75 - Begin LoadConfig() Used Memory: 283083576 Bytes (356515840)
2026-05-21 12:20:16,682 [INFO] MicroXplorer:468 - Change Database Path : 
2026-05-21 12:20:16,682 [INFO] MicroXplorer:498 - Change Database Version : DB.6.0.150
2026-05-21 12:20:16,683 [INFO] OpenFileManager:355 - Change cursor
2026-05-21 12:20:16,729 [INFO] Mcu:2029 - Initializing MCU STM32G474R(B-C-E)Tx STM32G474RETx STM32G474RET6
2026-05-21 12:20:24,523 [INFO] Context:786 - Trying to add GPIOservice into a context  which must be forbidden
2026-05-21 12:20:28,674 [INFO] ImportTextPane:234 - (OptionalMessage_ERROR) Pin11 (VP_RIF_VS_RIF1) cannot be retrieved for this MCU
2026-05-21 12:20:29,009 [INFO] RtosManager:558 - Registered RTOS mode: class=CMSIS, group=RTOS, mode=CMSIS_V1, owner=FREERTOS
2026-05-21 12:20:29,010 [INFO] RtosManager:558 - Registered RTOS mode: class=CMSIS, group=RTOS2, mode=CMSIS_V2, owner=FREERTOS
2026-05-21 12:20:29,010 [INFO] RtosManager:558 - Registered RTOS mode: class=RTOS, group=Core, mode=CMSIS_V1, owner=FREERTOS
2026-05-21 12:20:29,010 [INFO] RtosManager:558 - Registered RTOS mode: class=RTOS, group=Core, mode=CMSIS_V2, owner=FREERTOS
2026-05-21 12:20:29,011 [WARN] ModelIntegratedComponent:184 - Missing modes for component STMicroelectronics:FreeRTOS:0.0.1:STMicroelectronics:RTOS:FreeRTOS:Core:::10.2.0:
2026-05-21 12:20:29,032 [WARN] ModelIntegratedComponent:63 - No mode defined for component null
2026-05-21 12:20:29,032 [WARN] ModelIntegratedComponent:63 - No mode defined for component null
2026-05-21 12:20:29,033 [WARN] ModelIntegratedComponent:63 - No mode defined for component null
2026-05-21 12:20:29,033 [WARN] ModelIntegratedComponent:63 - No mode defined for component null
2026-05-21 12:20:29,033 [WARN] ModelIntegratedComponent:63 - No mode defined for component null
2026-05-21 12:20:29,033 [WARN] ModelIntegratedComponent:63 - No mode defined for component null
2026-05-21 12:20:29,033 [WARN] ModelIntegratedComponent:63 - No mode defined for component null
2026-05-21 12:20:29,033 [WARN] ModelIntegratedComponent:63 - No mode defined for component null
2026-05-21 12:20:29,034 [WARN] ModelIntegratedComponent:63 - No mode defined for component null
2026-05-21 12:20:29,034 [WARN] ModelIntegratedComponent:63 - No mode defined for component null
2026-05-21 12:20:29,034 [WARN] ModelIntegratedComponent:63 - No mode defined for component null
2026-05-21 12:20:29,034 [WARN] ModelIntegratedComponent:63 - No mode defined for component null
2026-05-21 12:20:29,034 [WARN] ModelIntegratedComponent:63 - No mode defined for component null
2026-05-21 12:20:29,034 [WARN] ModelIntegratedComponent:63 - No mode defined for component null
2026-05-21 12:20:29,034 [WARN] ModelIntegratedComponent:63 - No mode defined for component null
2026-05-21 12:20:29,036 [WARN] ModelIntegratedComponent:63 - No mode defined for component null
2026-05-21 12:20:29,036 [WARN] ModelIntegratedComponent:63 - No mode defined for component null
2026-05-21 12:20:29,036 [WARN] ModelIntegratedComponent:63 - No mode defined for component null
2026-05-21 12:20:29,036 [WARN] ModelIntegratedComponent:63 - No mode defined for component null
2026-05-21 12:20:29,036 [WARN] ModelIntegratedComponent:63 - No mode defined for component null
2026-05-21 12:20:29,036 [WARN] ModelIntegratedComponent:63 - No mode defined for component null
2026-05-21 12:20:29,036 [WARN] ModelIntegratedComponent:63 - No mode defined for component null
2026-05-21 12:20:29,036 [WARN] ModelIntegratedComponent:63 - No mode defined for component null
2026-05-21 12:20:29,037 [WARN] ModelIntegratedComponent:63 - No mode defined for component null
2026-05-21 12:20:29,037 [WARN] ModelIntegratedComponent:63 - No mode defined for component null
2026-05-21 12:20:29,037 [WARN] ModelIntegratedComponent:63 - No mode defined for component null
2026-05-21 12:20:29,037 [WARN] ModelIntegratedComponent:63 - No mode defined for component null
2026-05-21 12:20:29,037 [WARN] ModelIntegratedComponent:63 - No mode defined for component null
2026-05-21 12:20:29,037 [WARN] ModelIntegratedComponent:63 - No mode defined for component null
2026-05-21 12:20:29,037 [WARN] ModelIntegratedComponent:63 - No mode defined for component null
2026-05-21 12:20:29,037 [WARN] ModelIntegratedComponent:63 - No mode defined for component null
2026-05-21 12:20:29,037 [WARN] ModelIntegratedComponent:63 - No mode defined for component null
2026-05-21 12:20:29,038 [WARN] ModelIntegratedComponent:63 - No mode defined for component null
2026-05-21 12:20:29,038 [WARN] ModelIntegratedComponent:63 - No mode defined for component null
2026-05-21 12:20:29,038 [WARN] ModelIntegratedComponent:63 - No mode defined for component null
2026-05-21 12:20:29,038 [WARN] ModelPack:524 - Component already loaded: STMicroelectronics:HAL Drivers:0.0.0:STMicroelectronics:Device:STMicro_Driver:XSPI:HAL::0.0.1:HAL_XSPI
2026-05-21 12:20:29,495 [INFO] ThirdPartyModel:298 - Start build external matchings
2026-05-21 12:20:31,506 [INFO] ThirdPartyModel:316 - End build external matchings
2026-05-21 12:20:31,573 [INFO] ImportTextPane:234 - (OptionalMessage_ERROR) IP (ADC1) : Parameter (CommonPathInternal) has invalid value (null|null|null|null)
2026-05-21 12:20:33,958 [INFO] ApiDb:581 - Connected to CubeFinder SQLite database (C:\Users\Александра\.stmcufinder\plugins\mcufinder\mcu\cube-finder-db.db)
2026-05-21 12:20:34,174 [INFO] ApiDb:668 - CubeFinder database Data Model version=2.1
2026-05-21 12:20:34,175 [INFO] ApiDb:669 - CubeFinder database Configuration version=3.0.42
2026-05-21 12:20:34,175 [INFO] ApiDb:670 - CubeFinder database generation date=2026-03-11 (1773229989)
2026-05-21 12:20:34,175 [INFO] ApiDb:671 - CubeFinder database FW Pack versions=[FP-ATR-ASTRA1_V2.0.0, FP-SNS-FLIGHT1_V5.1.0, FP-SNS-MOTENV1_V5.1.0, FP-SNS-MOTENVWB1_V1.5.0, FP-SNS-SMARTAG2_V1.2.0, FP-SNS-STBOX1_V2.1.0, STM32Cube_FW_C0_V1.4.0, STM32Cube_FW_F4_V1.28.3, STM32Cube_FW_F7_V1.17.4, STM32Cube_FW_G0_V1.6.3, STM32Cube_FW_G4_V1.6.2, STM32Cube_FW_H5_V1.6.0, STM32Cube_FW_H7RS_V1.3.0, STM32Cube_FW_H7_V1.13.0, STM32Cube_FW_L0_V1.12.2, STM32Cube_FW_L4_V1.18.2, STM32Cube_FW_L5_V1.6.0, STM32Cube_FW_N6_V1.3.0, STM32Cube_FW_U0_V1.3.0, STM32Cube_FW_U3_V1.3.0, STM32Cube_FW_U5_V1.8.0, STM32Cube_FW_WB0_V1.4.0, STM32Cube_FW_WBA_V1.9.0, STM32Cube_FW_WB_V1.24.0, STM32Cube_FW_WL3_V1.4.0, STM32Cube_FW_WL_V1.5.0, X-CUBE-ALGOBUILD_V1.4.0, X-CUBE-ALS_V1.0.2, X-CUBE-AZRTOS-F4_V1.1.0, X-CUBE-AZRTOS-F7_V1.1.0, X-CUBE-AZRTOS-G0_V1.1.0, X-CUBE-AZRTOS-G4_V2.0.0, X-CUBE-AZRTOS-H7RS_V1.1.0, X-CUBE-AZRTOS-H7_V3.4.0, X-CUBE-AZRTOS-L4_V2.0.0, X-CUBE-AZRTOS-L5_V2.0.0, X-CUBE-AZRTOS-WB_V2.0.0, X-CUBE-AZRTOS-WL_V2.0.0, X-CUBE-BLE1_V7.1.0, X-CUBE-BLE2_V3.3.0, X-CUBE-BLEMGR_V4.1.0, X-CUBE-EEPRMA1_V5.2.0, X-CUBE-FREERTOS_V1.5.0, X-CUBE-GNSS1_V6.0.0, X-CUBE-MEMS1_V12.0.0, X-CUBE-NFC4_V3.0.0, X-CUBE-NFC7_V2.0.0, X-CUBE-SFXS2LP1_V4.0.0, X-CUBE-ST67W61_V1.2.0, X-CUBE-SUBG2_V5.0.0, X-CUBE-TOF1_V3.4.3]
2026-05-21 12:20:34,491 [INFO] DbBoardsSqlite:226 - include board P-NUCLEO-WB55-NUCLEO as a kit item of type 'Nucleo-64'
2026-05-21 12:20:34,493 [INFO] DbBoardsSqlite:226 - include board P-NUCLEO-WB55-USBDONGLE as a kit item of type 'Nucleo USB Dongle'
2026-05-21 12:20:34,495 [INFO] DbBoardsSqlite:226 - include board STEVAL-IDP005V1 as a kit item of type 'Evaluation Board'
2026-05-21 12:20:34,496 [INFO] DbBoardsSqlite:226 - include board STEVAL-IDP005V2 as a kit item of type 'Evaluation Board'
2026-05-21 12:20:35,688 [INFO] ApiDb:240 - Found 880 in-development CPN: [B-G473E-ZEST1S, B-WB1M-WPAN1, B-WBA5M-WPAN, B-WL5M-SUBG1, NUCLEO-C031C6, NUCLEO-C051C8, NUCLEO-C071RB, NUCLEO-C092RC, NUCLEO-H503RB, NUCLEO-H533RE, NUCLEO-H563ZI, NUCLEO-H7S3L8, NUCLEO-N657X0-Q, NUCLEO-U031R8, NUCLEO-U083RC, NUCLEO-U385RG-Q, NUCLEO-U545RE-Q, NUCLEO-U5A5ZJ-Q, NUCLEO-WB05KZ, NUCLEO-WB07CC, NUCLEO-WB09KE, NUCLEO-WBA52CG, NUCLEO-WBA55CG, NUCLEO-WL33CC1, NUCLEO-WL33CC2, STEVAL-PROTEUS1, STEVAL-SMARTAG2, STEVAL-STWINBX1, STM320518-EVAL, STM32C0116-DK, STM32C011D6Y3TR, STM32C011D6Y6TR, STM32C011F4P3, STM32C011F4P6, STM32C011F4U3, STM32C011F4U6TR, STM32C011F6P3, STM32C011F6P6, STM32C011F6U3, STM32C011F6U6TR, STM32C011J4M3, STM32C011J4M6, STM32C011J6M3, STM32C011J6M6, STM32C0316-DK, STM32C031C4T3, STM32C031C4T6, STM32C031C4U3, STM32C031C4U6, STM32C031C6T3, STM32C031C6T6, STM32C031C6U3, STM32C031C6U6, STM32C031F4P3, STM32C031F4P6, STM32C031F6P3, STM32C031F6P6, STM32C031G4U3, STM32C031G4U6, STM32C031G6U3, STM32C031G6U6, STM32C031K4T3, STM32C031K4T6, STM32C031K4U3, STM32C031K4U6, STM32C031K6T3, STM32C031K6T6, STM32C031K6U3, STM32C031K6U6, STM32C051C6T6, STM32C051C6U6, STM32C051C8T6, STM32C051C8U6, STM32C051D8Y6TR, STM32C051F6P6, STM32C051F8P6, STM32C051G6U6, STM32C051G8U6, STM32C051K6T6, STM32C051K6U6, STM32C051K8T6, STM32C071C8T6, STM32C071C8T6N, STM32C071C8U6, STM32C071C8U6N, STM32C071CBT6, STM32C071CBT6N, STM32C071CBU6, STM32C071CBU6N, STM32C071F8P6, STM32C071F8P6N, STM32C071FBP6, STM32C071FBP6N, STM32C071FBY6TR, STM32C071G8U6, STM32C071G8U6N, STM32C071GBU6, STM32C071GBU6N, STM32C071K8T6, STM32C071K8T6N, STM32C071K8U6, STM32C071K8U6N, STM32C071KBT6, STM32C071KBT6N, STM32C071KBU6, STM32C071KBU6N, STM32C071R8T6, STM32C071R8T6N, STM32C071RBI6N, STM32C071RBT6, STM32C071RBT6N, STM32C091CBT6, STM32C091CBU6, STM32C091CCT6, STM32C091CCU6, STM32C091ECY6TR, STM32C091FBP6, STM32C091FCP6, STM32C091GBU6, STM32C091GCU6, STM32C091KBT6, STM32C091KBU6, STM32C091KCT6, STM32C091KCU6, STM32C091RBT6, STM32C091RCI6, STM32C091RCT6, STM32C092CBT6, STM32C092CBU6, STM32C092CCT6, STM32C092CCU6, STM32C092ECY6TR, STM32C092FBP6, STM32C092FCP6, STM32C092GBU6, STM32C092GCU6, STM32C092KBT6, STM32C092KBU6, STM32C092KCT6, STM32C092KCU6, STM32C092RBT6, STM32C092RCI6, STM32C092RCT6, STM32G071K8TXN, STM32G071K8UXN, STM32G081GBU6N, STM32G081KBT6N, STM32G081KBUXN, STM32G0B1CCT6N, STM32G0B1KCT6, STM32G0B1NEY6TR, STM32G0B1RCT6N, STM32G0C1CCT6, STM32G0C1CCT6N, STM32G0C1CCU6N, STM32G0C1CET6N, STM32G0C1CEU6N, STM32G0C1KCT6, STM32G0C1NEY6TR, STM32G0C1RCI6N, STM32G0C1RCT6N, STM32G0C1REI6N, STM32G0C1RET6N, STM32G0C1VCI6, STM32G0C1VEI6, STM32G411C6T3, STM32G411C6T6, STM32G411C6U3, STM32G411C6U6, STM32G411C8T3, STM32G411C8T6, STM32G411C8U3, STM32G411C8U6, STM32G411CBT3, STM32G411CBT6, STM32G411CBU3, STM32G411CBU6, STM32G411K6T3, STM32G411K6T6, STM32G411K6U3, STM32G411K6U6, STM32G411K8T3, STM32G411K8T6, STM32G411K8U3, STM32G411K8U6, STM32G411KBT3, STM32G411KBT6, STM32G411KBU3, STM32G411KBU6, STM32G411M6T3, STM32G411M6T6, STM32G411M8T3, STM32G411M8T6, STM32G411MBT3, STM32G411MBT6, STM32G411R6T3, STM32G411R6T6, STM32G411R8T3, STM32G411R8T6, STM32G411RBT3, STM32G411RBT6, STM32G414CBT3, STM32G414CBT6, STM32G414CBU3, STM32G414CBU6, STM32G414CCT3, STM32G414CCT6, STM32G414CCU3, STM32G414CCU6, STM32G414MBT3, STM32G414MBT6, STM32G414MCT3, STM32G414MCT6, STM32G414RBT3, STM32G414RBT6, STM32G414RCT3, STM32G414RCT6, STM32G414VBT3, STM32G414VBT6, STM32G414VCT3, STM32G414VCT6, STM32G431CBT3Z, STM32G431RBT3Z, STM32G471CCT6, STM32G471CCU6, STM32G471CET3, STM32G471CET6, STM32G471CEU3, STM32G471CEU6, STM32G471MCT6, STM32G471MET3, STM32G471MET6, STM32G471MEY6TR, STM32G471QCT6, STM32G471QET3, STM32G471RCT6, STM32G471RET3, STM32G471RET6, STM32G471VCH6, STM32G471VCI6, STM32G471VCT6, STM32G471VEH3, STM32G471VEH6, STM32G471VEI3, STM32G471VEI6, STM32G471VET3, STM32G471VET6, STM32G473QET3Z, STM32G473RET3Z, STM32G474CCT6, STM32G491RET3Z, STM32H503CBT6, STM32H503CBU6, STM32H503EBY6TR, STM32H503KBU6, STM32H503RBT6, STM32H523CCT6, STM32H523CCU6, STM32H523CET6, STM32H523CEU6, STM32H523HEY6TR, STM32H523RCT6, STM32H523RET6, STM32H523VCI6, STM32H523VCT6, STM32H523VEI6, STM32H523VET6, STM32H523ZCJ6, STM32H523ZCT6, STM32H523ZEJ6, STM32H523ZET6, STM32H533CET6, STM32H533CEU6, STM32H533HEY6TR, STM32H533RET6, STM32H533VEI6, STM32H533VET6, STM32H533ZEJ6, STM32H533ZET6, STM32H562AGI6, STM32H562AII6, STM32H562IGK6, STM32H562IGT6, STM32H562IIK6, STM32H562IIT6, STM32H562RGT6, STM32H562RGV6, STM32H562RIT6, STM32H562RIV6, STM32H562VGT6, STM32H562VIT6, STM32H562ZGT6, STM32H562ZIT6, STM32H563AGI6, STM32H563AII3Q, STM32H563AII6, STM32H563IGK6, STM32H563IGT6, STM32H563IIK3Q, STM32H563IIK6, STM32H563IIT3Q, STM32H563IIT6, STM32H563MIY3QTR, STM32H563RGT6, STM32H563RGV6, STM32H563RIT6, STM32H563RIV6, STM32H563VGT6, STM32H563VIT3Q, STM32H563VIT6, STM32H563ZGT6, STM32H563ZIT3Q, STM32H563ZIT6, STM32H573AII3Q, STM32H573AII6, STM32H573I-DK, STM32H573IIK3Q, STM32H573IIK6, STM32H573IIT3Q, STM32H573IIT6, STM32H573MIY3QTR, STM32H573RIT6, STM32H573RIV6, STM32H573VIT3Q, STM32H573VIT6, STM32H573ZIT3Q, STM32H573ZIT6, STM32H7R3A8I6, STM32H7R3I8K6, STM32H7R3I8T6, STM32H7R3L8H6, STM32H7R3L8H6H, STM32H7R3R8V6, STM32H7R3V8H6, STM32H7R3V8T6, STM32H7R3V8Y6TR, STM32H7R3Z8J6, STM32H7R3Z8T6, STM32H7R7A8I6, STM32H7R7I8K6, STM32H7R7I8T6, STM32H7R7L8H6, STM32H7R7L8H6H, STM32H7R7Z8J6, STM32H7S3A8I6, STM32H7S3I8K6, STM32H7S3I8T6, STM32H7S3L8H6, STM32H7S3L8H6H, STM32H7S3R8V6, STM32H7S3V8H6, STM32H7S3V8T6, STM32H7S3V8Y6TR, STM32H7S3Z8J6, STM32H7S3Z8T6, STM32H7S78-DK, STM32H7S7A8I6, STM32H7S7I8K6, STM32H7S7I8T6, STM32H7S7L8H6, STM32H7S7L8H6H, STM32H7S7Z8J6, STM32L4R5QGI6STR, STM32MP131AAE3, STM32MP131AAF3, STM32MP131AAG3, STM32MP131CAE3, STM32MP131CAF3, STM32MP131CAG3, STM32MP131DAE7, STM32MP131DAF7, STM32MP131DAG7, STM32MP131FAE7, STM32MP131FAF7, STM32MP131FAG7, STM32MP133AAE3, STM32MP133AAF3, STM32MP133AAG3, STM32MP133CAE3, STM32MP133CAF3, STM32MP133CAG3, STM32MP133DAE7, STM32MP133DAF7, STM32MP133DAG7, STM32MP133FAE7, STM32MP133FAF7, STM32MP133FAG7, STM32MP135AAE3, STM32MP135AAF3, STM32MP135AAG3, STM32MP135CAE3, STM32MP135CAF3, STM32MP135CAG3, STM32MP135DAE7, STM32MP135DAF7, STM32MP135DAG7, STM32MP135F-DK, STM32MP135FAE7, STM32MP135FAF7, STM32MP135FAF7T, STM32MP135FAF7U, STM32MP135FAG7, STM32MP211AAL3, STM32MP211AAM3, STM32MP211AAN3, STM32MP211AAO3, STM32MP211CAL3, STM32MP211CAM3, STM32MP211CAN3, STM32MP211CAO3, STM32MP211DAL3, STM32MP211DAM3, STM32MP211DAN3, STM32MP211DAO3, STM32MP211FAL3, STM32MP211FAM3, STM32MP211FAN3, STM32MP211FAO3, STM32MP213AAL3, STM32MP213AAM3, STM32MP213AAN3, STM32MP213AAO3, STM32MP213CAL3, STM32MP213CAM3, STM32MP213CAN3, STM32MP213CAO3, STM32MP213DAL3, STM32MP213DAM3, STM32MP213DAN3, STM32MP213DAO3, STM32MP213FAL3, STM32MP213FAM3, STM32MP213FAN3, STM32MP213FAO3, STM32MP215AAL3, STM32MP215AAM3, STM32MP215AAN3, STM32MP215AAO3, STM32MP215CAL3, STM32MP215CAM3, STM32MP215CAN3, STM32MP215CAO3, STM32MP215DAL3, STM32MP215DAM3, STM32MP215DAN3, STM32MP215DAO3, STM32MP215F-DK, STM32MP215FAL3, STM32MP215FAM3, STM32MP215FAN3, STM32MP215FAO3, STM32MP231AAJ3, STM32MP231AAK3, STM32MP231AAL3, STM32MP231CAJ3, STM32MP231CAK3, STM32MP231CAL3, STM32MP231DAJ3, STM32MP231DAK3, STM32MP231DAL3, STM32MP231FAJ3, STM32MP231FAK3, STM32MP231FAL3, STM32MP233AAJ3, STM32MP233AAK3, STM32MP233AAL3, STM32MP233CAJ3, STM32MP233CAK3, STM32MP233CAL3, STM32MP233DAJ3, STM32MP233DAK3, STM32MP233DAL3, STM32MP233FAJ3, STM32MP233FAK3, STM32MP233FAL3, STM32MP235AAJ3, STM32MP235AAK3, STM32MP235AAL3, STM32MP235CAJ3, STM32MP235CAK3, STM32MP235CAL3, STM32MP235DAJ3, STM32MP235DAK3, STM32MP235DAL3, STM32MP235FAJ3, STM32MP235FAK3, STM32MP235FAL3, STM32MP251AAI3, STM32MP251AAK3, STM32MP251AAL3, STM32MP251CAI3, STM32MP251CAK3, STM32MP251CAL3, STM32MP251DAI3, STM32MP251DAK3, STM32MP251DAL3, STM32MP251FAI3, STM32MP251FAK3, STM32MP251FAL3, STM32MP253AAI3, STM32MP253AAK3, STM32MP253AAL3, STM32MP253CAI3, STM32MP253CAK3, STM32MP253CAL3, STM32MP253DAI3, STM32MP253DAK3, STM32MP253DAL3, STM32MP253FAI3, STM32MP253FAK3, STM32MP253FAL3, STM32MP255AAI3, STM32MP255AAK3, STM32MP255AAL3, STM32MP255CAI3, STM32MP255CAK3, STM32MP255CAL3, STM32MP255DAI3, STM32MP255DAK3, STM32MP255DAL3, STM32MP255FAI3, STM32MP255FAK3, STM32MP255FAL3, STM32MP257AAI3, STM32MP257AAK3, STM32MP257AAL3, STM32MP257CAI3, STM32MP257CAK3, STM32MP257CAL3, STM32MP257DAI3, STM32MP257DAK3, STM32MP257DAL3, STM32MP257F-DK, STM32MP257F-EV1, STM32MP257FAI3, STM32MP257FAK3, STM32MP257FAL3, STM32N645A0H3Q, STM32N645B0H3Q, STM32N645I0H3Q, STM32N645L0H3Q, STM32N645X0H3Q, STM32N645Z0H3Q, STM32N647A0H3Q, STM32N647B0H3Q, STM32N647I0H3Q, STM32N647L0H3Q, STM32N647X0H3Q, STM32N647Z0H3Q, STM32N655A0H3Q, STM32N655B0H3Q, STM32N655I0H3Q, STM32N655L0H3Q, STM32N655X0H3Q, STM32N655Z0H3Q, STM32N6570-DK, STM32N657A0H3Q, STM32N657B0H3Q, STM32N657I0H3Q, STM32N657L0H3Q, STM32N657X0H3Q, STM32N657Z0H3Q, STM32U031C6T6, STM32U031C6U6, STM32U031C8T6, STM32U031C8U6, STM32U031F4P6, STM32U031F6P6, STM32U031F8P6, STM32U031G6Y6TR, STM32U031G8Y6TR, STM32U031K4U6, STM32U031K6U6, STM32U031K8U6, STM32U031R6I6, STM32U031R6T6, STM32U031R8I6, STM32U031R8T6, STM32U073C8T6, STM32U073C8U6, STM32U073CBT6, STM32U073CBU6, STM32U073CCT6, STM32U073CCU6, STM32U073H8Y6TR, STM32U073HBY6TR, STM32U073HCY6TR, STM32U073K8U6, STM32U073KBU6, STM32U073KCU6, STM32U073M8I6, STM32U073M8T6, STM32U073MBI6, STM32U073MBT6, STM32U073MCI6, STM32U073MCT6, STM32U073R8I6, STM32U073R8T6, STM32U073RBI6, STM32U073RBT6, STM32U073RCI6, STM32U073RCT6, STM32U083C-DK, STM32U083CCT6, STM32U083CCU6, STM32U083HCY6TR, STM32U083KCU6, STM32U083MCI6, STM32U083MCT6, STM32U083RCI6, STM32U083RCT6, STM32U375CET6, STM32U375CET6Q, STM32U375CEU6, STM32U375CEU6Q, STM32U375CEY6QTR, STM32U375CGT6, STM32U375CGT6Q, STM32U375CGU6, STM32U375CGU6Q, STM32U375CGY6QTR, STM32U375KEU6, STM32U375KGU6, STM32U375REI6, STM32U375REI6Q, STM32U375RET6, STM32U375RET6Q, STM32U375REY6GTR, STM32U375REY6QTR, STM32U375RGI6, STM32U375RGI6Q, STM32U375RGT6, STM32U375RGT6Q, STM32U375RGY6GTR, STM32U375RGY6QTR, STM32U375VEI6, STM32U375VEI6Q, STM32U375VET6, STM32U375VET6Q, STM32U375VGI6, STM32U375VGI6Q, STM32U375VGT6, STM32U375VGT6Q, STM32U385CGT6, STM32U385CGT6Q, STM32U385CGU6, STM32U385CGU6Q, STM32U385CGY6QTR, STM32U385KGU6, STM32U385RGI6, STM32U385RGI6Q, STM32U385RGT6, STM32U385RGT6Q, STM32U385RGY6GTR, STM32U385RGY6QTR, STM32U385VGI6, STM32U385VGI6Q, STM32U385VGT6, STM32U385VGT6Q, STM32U535CBT6, STM32U535CBT6Q, STM32U535CBU6, STM32U535CBU6Q, STM32U535CCT6, STM32U535CCT6Q, STM32U535CCU6, STM32U535CCU6Q, STM32U535CET6, STM32U535CET6Q, STM32U535CEU6, STM32U535CEU6Q, STM32U535JEY6QTR, STM32U535NCY6QTR, STM32U535NEY6QTR, STM32U535RBI6, STM32U535RBI6Q, STM32U535RBT6, STM32U535RBT6Q, STM32U535RCI6, STM32U535RCI6Q, STM32U535RCT6, STM32U535RCT6Q, STM32U535REI6, STM32U535REI6Q, STM32U535RET6, STM32U535RET6Q, STM32U535VCI6, STM32U535VCI6Q, STM32U535VCT6, STM32U535VCT6Q, STM32U535VEI6, STM32U535VEI6Q, STM32U535VET6, STM32U535VET6Q, STM32U545CET6, STM32U545CET6Q, STM32U545CEU6, STM32U545CEU6Q, STM32U545JEY6QTR, STM32U545NEY6QTR, STM32U545REI6, STM32U545REI6Q, STM32U545RET6, STM32U545RET6Q, STM32U545VEI6, STM32U545VEI6Q, STM32U545VET6, STM32U545VET6Q, STM32U595AIH6, STM32U595AIH6Q, STM32U595AJH6, STM32U595AJH6Q, STM32U595QII6, STM32U595QII6Q, STM32U595QJI6, STM32U595QJI6Q, STM32U595RIT6, STM32U595RIT6Q, STM32U595RJT6, STM32U595RJT6Q, STM32U595VIT6, STM32U595VIT6Q, STM32U595VJT6, STM32U595VJT6Q, STM32U595ZIT6, STM32U595ZIT6Q, STM32U595ZIY6QTR, STM32U595ZJT6, STM32U595ZJT6Q, STM32U595ZJY6QTR, STM32U599BJY6QTR, STM32U599NIH6Q, STM32U599NJH6Q, STM32U599VIT6Q, STM32U599VJT6, STM32U599VJT6Q, STM32U599ZIT6Q, STM32U599ZIY6QTR, STM32U599ZJT6Q, STM32U599ZJY6QTR, STM32U5A5AJH6, STM32U5A5AJH6Q, STM32U5A5QII3Q , STM32U5A5QJI6, STM32U5A5QJI6Q, STM32U5A5RJT6, STM32U5A5RJT6Q, STM32U5A5VJT6, STM32U5A5VJT6Q, STM32U5A5ZJT6, STM32U5A5ZJT6Q, STM32U5A5ZJY6QTR, STM32U5A9BJY6QTR, STM32U5A9J-DK, STM32U5A9NJH6Q, STM32U5A9VJT6Q, STM32U5A9ZJT6Q, STM32U5A9ZJY6QTR, STM32U5F7VIT6, STM32U5F7VIT6Q, STM32U5F7VJT6, STM32U5F7VJT6Q, STM32U5F9BJY6QTR, STM32U5F9NJH6Q, STM32U5F9VIT6Q, STM32U5F9VJT6Q, STM32U5F9ZIJ6QTR, STM32U5F9ZIT6Q, STM32U5F9ZJJ6QTR, STM32U5F9ZJT6Q, STM32U5G7VJT6, STM32U5G7VJT6Q, STM32U5G9BJY6QTR, STM32U5G9J-DK1, STM32U5G9J-DK2, STM32U5G9NJH6Q, STM32U5G9VJT6Q, STM32U5G9ZJJ6QTR, STM32U5G9ZJT6Q, STM32WB05KZV6TR, STM32WB05KZV7TR, STM32WB05TZF6TR, STM32WB05TZF7TR, STM32WB06CCF6TR, STM32WB06CCF7TR, STM32WB06CCV6TR, STM32WB06CCV7TR, STM32WB06KCV6TR, STM32WB06KCV7TR, STM32WB07CCF6TR, STM32WB07CCF7TR, STM32WB07CCV6TR, STM32WB07CCV7TR, STM32WB07KCV6TR, STM32WB07KCV7TR, STM32WB09KEV6TR, STM32WB09KEV7TR, STM32WB09TEF6TR, STM32WB09TEF7TR, STM32WB1MMCH6, STM32WBA50KGU6, STM32WBA50KGU6TR, STM32WBA52CEU6, STM32WBA52CEU6TR, STM32WBA52CEU7, STM32WBA52CEU7TR, STM32WBA52CGU6, STM32WBA52CGU6TR, STM32WBA52CGU6U, STM32WBA52CGU7, STM32WBA52CGU7TR, STM32WBA52KEU6, STM32WBA52KEU6TR, STM32WBA52KGU6, STM32WBA52KGU6TR, STM32WBA54CEU6, STM32WBA54CEU6TR, STM32WBA54CEU7, STM32WBA54CEU7TR, STM32WBA54CGU6, STM32WBA54CGU6TR, STM32WBA54CGU7, STM32WBA54CGU7TR, STM32WBA54KEU6, STM32WBA54KEU6TR, STM32WBA54KEU7, STM32WBA54KEU7TR, STM32WBA54KGU6, STM32WBA54KGU6TR, STM32WBA54KGU7, STM32WBA54KGU7TR, STM32WBA55CEU6, STM32WBA55CEU6TR, STM32WBA55CEU7, STM32WBA55CEU7TR, STM32WBA55CGU6, STM32WBA55CGU6TR, STM32WBA55CGU6U, STM32WBA55CGU7, STM32WBA55CGU7TR, STM32WBA55G-DK1, STM32WBA55HEF6, STM32WBA55HEF7, STM32WBA55HGF6, STM32WBA55HGF7, STM32WBA55UEI6, STM32WBA55UEI6TR, STM32WBA55UEI7, STM32WBA55UEI7TR, STM32WBA55UGI6, STM32WBA55UGI6TR, STM32WBA55UGI7, STM32WBA55UGI7TR, STM32WBA5MMGH6TR, STM32WBA62MGF6, STM32WBA62MIF6, STM32WBA65MGF7, STM32WBA65MIF6, STM32WBA65MIF7, STM32WL30K8V6, STM32WL30KBV6, STM32WL31C8V6, STM32WL31CBV6, STM32WL31K8V6, STM32WL31KBV6, STM32WL33C8V6, STM32WL33C8V6X, STM32WL33CBV6, STM32WL33CBV6X, STM32WL33CCV6, STM32WL33CCV6A, STM32WL33CCV6X, STM32WL33K8V7, STM32WL33K8V7X, STM32WL33KBV7 , STM32WL33KBV7X, STM32WL33KCV7, STM32WL33KCV7X, STM32WL5MOCH6, STM32WL5MOCH6TR]
2026-05-21 12:20:35,697 [INFO] ApiDb:668 - CubeFinder database Data Model version=2.1
2026-05-21 12:20:35,698 [INFO] ApiDb:669 - CubeFinder database Configuration version=3.0.42
2026-05-21 12:20:35,698 [INFO] ApiDb:670 - CubeFinder database generation date=2026-03-11 (1773229989)
2026-05-21 12:20:35,698 [INFO] ApiDb:671 - CubeFinder database FW Pack versions=[FP-ATR-ASTRA1_V2.0.0, FP-SNS-FLIGHT1_V5.1.0, FP-SNS-MOTENV1_V5.1.0, FP-SNS-MOTENVWB1_V1.5.0, FP-SNS-SMARTAG2_V1.2.0, FP-SNS-STBOX1_V2.1.0, STM32Cube_FW_C0_V1.4.0, STM32Cube_FW_F4_V1.28.3, STM32Cube_FW_F7_V1.17.4, STM32Cube_FW_G0_V1.6.3, STM32Cube_FW_G4_V1.6.2, STM32Cube_FW_H5_V1.6.0, STM32Cube_FW_H7RS_V1.3.0, STM32Cube_FW_H7_V1.13.0, STM32Cube_FW_L0_V1.12.2, STM32Cube_FW_L4_V1.18.2, STM32Cube_FW_L5_V1.6.0, STM32Cube_FW_N6_V1.3.0, STM32Cube_FW_U0_V1.3.0, STM32Cube_FW_U3_V1.3.0, STM32Cube_FW_U5_V1.8.0, STM32Cube_FW_WB0_V1.4.0, STM32Cube_FW_WBA_V1.9.0, STM32Cube_FW_WB_V1.24.0, STM32Cube_FW_WL3_V1.4.0, STM32Cube_FW_WL_V1.5.0, X-CUBE-ALGOBUILD_V1.4.0, X-CUBE-ALS_V1.0.2, X-CUBE-AZRTOS-F4_V1.1.0, X-CUBE-AZRTOS-F7_V1.1.0, X-CUBE-AZRTOS-G0_V1.1.0, X-CUBE-AZRTOS-G4_V2.0.0, X-CUBE-AZRTOS-H7RS_V1.1.0, X-CUBE-AZRTOS-H7_V3.4.0, X-CUBE-AZRTOS-L4_V2.0.0, X-CUBE-AZRTOS-L5_V2.0.0, X-CUBE-AZRTOS-WB_V2.0.0, X-CUBE-AZRTOS-WL_V2.0.0, X-CUBE-BLE1_V7.1.0, X-CUBE-BLE2_V3.3.0, X-CUBE-BLEMGR_V4.1.0, X-CUBE-EEPRMA1_V5.2.0, X-CUBE-FREERTOS_V1.5.0, X-CUBE-GNSS1_V6.0.0, X-CUBE-MEMS1_V12.0.0, X-CUBE-NFC4_V3.0.0, X-CUBE-NFC7_V2.0.0, X-CUBE-SFXS2LP1_V4.0.0, X-CUBE-ST67W61_V1.2.0, X-CUBE-SUBG2_V5.0.0, X-CUBE-TOF1_V3.4.3]
2026-05-21 12:20:40,486 [INFO] ApiDb:240 - Found 880 in-development CPN: [B-G473E-ZEST1S, B-WB1M-WPAN1, B-WBA5M-WPAN, B-WL5M-SUBG1, NUCLEO-C031C6, NUCLEO-C051C8, NUCLEO-C071RB, NUCLEO-C092RC, NUCLEO-H503RB, NUCLEO-H533RE, NUCLEO-H563ZI, NUCLEO-H7S3L8, NUCLEO-N657X0-Q, NUCLEO-U031R8, NUCLEO-U083RC, NUCLEO-U385RG-Q, NUCLEO-U545RE-Q, NUCLEO-U5A5ZJ-Q, NUCLEO-WB05KZ, NUCLEO-WB07CC, NUCLEO-WB09KE, NUCLEO-WBA52CG, NUCLEO-WBA55CG, NUCLEO-WL33CC1, NUCLEO-WL33CC2, STEVAL-PROTEUS1, STEVAL-SMARTAG2, STEVAL-STWINBX1, STM320518-EVAL, STM32C0116-DK, STM32C011D6Y3TR, STM32C011D6Y6TR, STM32C011F4P3, STM32C011F4P6, STM32C011F4U3, STM32C011F4U6TR, STM32C011F6P3, STM32C011F6P6, STM32C011F6U3, STM32C011F6U6TR, STM32C011J4M3, STM32C011J4M6, STM32C011J6M3, STM32C011J6M6, STM32C0316-DK, STM32C031C4T3, STM32C031C4T6, STM32C031C4U3, STM32C031C4U6, STM32C031C6T3, STM32C031C6T6, STM32C031C6U3, STM32C031C6U6, STM32C031F4P3, STM32C031F4P6, STM32C031F6P3, STM32C031F6P6, STM32C031G4U3, STM32C031G4U6, STM32C031G6U3, STM32C031G6U6, STM32C031K4T3, STM32C031K4T6, STM32C031K4U3, STM32C031K4U6, STM32C031K6T3, STM32C031K6T6, STM32C031K6U3, STM32C031K6U6, STM32C051C6T6, STM32C051C6U6, STM32C051C8T6, STM32C051C8U6, STM32C051D8Y6TR, STM32C051F6P6, STM32C051F8P6, STM32C051G6U6, STM32C051G8U6, STM32C051K6T6, STM32C051K6U6, STM32C051K8T6, STM32C071C8T6, STM32C071C8T6N, STM32C071C8U6, STM32C071C8U6N, STM32C071CBT6, STM32C071CBT6N, STM32C071CBU6, STM32C071CBU6N, STM32C071F8P6, STM32C071F8P6N, STM32C071FBP6, STM32C071FBP6N, STM32C071FBY6TR, STM32C071G8U6, STM32C071G8U6N, STM32C071GBU6, STM32C071GBU6N, STM32C071K8T6, STM32C071K8T6N, STM32C071K8U6, STM32C071K8U6N, STM32C071KBT6, STM32C071KBT6N, STM32C071KBU6, STM32C071KBU6N, STM32C071R8T6, STM32C071R8T6N, STM32C071RBI6N, STM32C071RBT6, STM32C071RBT6N, STM32C091CBT6, STM32C091CBU6, STM32C091CCT6, STM32C091CCU6, STM32C091ECY6TR, STM32C091FBP6, STM32C091FCP6, STM32C091GBU6, STM32C091GCU6, STM32C091KBT6, STM32C091KBU6, STM32C091KCT6, STM32C091KCU6, STM32C091RBT6, STM32C091RCI6, STM32C091RCT6, STM32C092CBT6, STM32C092CBU6, STM32C092CCT6, STM32C092CCU6, STM32C092ECY6TR, STM32C092FBP6, STM32C092FCP6, STM32C092GBU6, STM32C092GCU6, STM32C092KBT6, STM32C092KBU6, STM32C092KCT6, STM32C092KCU6, STM32C092RBT6, STM32C092RCI6, STM32C092RCT6, STM32G071K8TXN, STM32G071K8UXN, STM32G081GBU6N, STM32G081KBT6N, STM32G081KBUXN, STM32G0B1CCT6N, STM32G0B1KCT6, STM32G0B1NEY6TR, STM32G0B1RCT6N, STM32G0C1CCT6, STM32G0C1CCT6N, STM32G0C1CCU6N, STM32G0C1CET6N, STM32G0C1CEU6N, STM32G0C1KCT6, STM32G0C1NEY6TR, STM32G0C1RCI6N, STM32G0C1RCT6N, STM32G0C1REI6N, STM32G0C1RET6N, STM32G0C1VCI6, STM32G0C1VEI6, STM32G411C6T3, STM32G411C6T6, STM32G411C6U3, STM32G411C6U6, STM32G411C8T3, STM32G411C8T6, STM32G411C8U3, STM32G411C8U6, STM32G411CBT3, STM32G411CBT6, STM32G411CBU3, STM32G411CBU6, STM32G411K6T3, STM32G411K6T6, STM32G411K6U3, STM32G411K6U6, STM32G411K8T3, STM32G411K8T6, STM32G411K8U3, STM32G411K8U6, STM32G411KBT3, STM32G411KBT6, STM32G411KBU3, STM32G411KBU6, STM32G411M6T3, STM32G411M6T6, STM32G411M8T3, STM32G411M8T6, STM32G411MBT3, STM32G411MBT6, STM32G411R6T3, STM32G411R6T6, STM32G411R8T3, STM32G411R8T6, STM32G411RBT3, STM32G411RBT6, STM32G414CBT3, STM32G414CBT6, STM32G414CBU3, STM32G414CBU6, STM32G414CCT3, STM32G414CCT6, STM32G414CCU3, STM32G414CCU6, STM32G414MBT3, STM32G414MBT6, STM32G414MCT3, STM32G414MCT6, STM32G414RBT3, STM32G414RBT6, STM32G414RCT3, STM32G414RCT6, STM32G414VBT3, STM32G414VBT6, STM32G414VCT3, STM32G414VCT6, STM32G431CBT3Z, STM32G431RBT3Z, STM32G471CCT6, STM32G471CCU6, STM32G471CET3, STM32G471CET6, STM32G471CEU3, STM32G471CEU6, STM32G471MCT6, STM32G471MET3, STM32G471MET6, STM32G471MEY6TR, STM32G471QCT6, STM32G471QET3, STM32G471RCT6, STM32G471RET3, STM32G471RET6, STM32G471VCH6, STM32G471VCI6, STM32G471VCT6, STM32G471VEH3, STM32G471VEH6, STM32G471VEI3, STM32G471VEI6, STM32G471VET3, STM32G471VET6, STM32G473QET3Z, STM32G473RET3Z, STM32G474CCT6, STM32G491RET3Z, STM32H503CBT6, STM32H503CBU6, STM32H503EBY6TR, STM32H503KBU6, STM32H503RBT6, STM32H523CCT6, STM32H523CCU6, STM32H523CET6, STM32H523CEU6, STM32H523HEY6TR, STM32H523RCT6, STM32H523RET6, STM32H523VCI6, STM32H523VCT6, STM32H523VEI6, STM32H523VET6, STM32H523ZCJ6, STM32H523ZCT6, STM32H523ZEJ6, STM32H523ZET6, STM32H533CET6, STM32H533CEU6, STM32H533HEY6TR, STM32H533RET6, STM32H533VEI6, STM32H533VET6, STM32H533ZEJ6, STM32H533ZET6, STM32H562AGI6, STM32H562AII6, STM32H562IGK6, STM32H562IGT6, STM32H562IIK6, STM32H562IIT6, STM32H562RGT6, STM32H562RGV6, STM32H562RIT6, STM32H562RIV6, STM32H562VGT6, STM32H562VIT6, STM32H562ZGT6, STM32H562ZIT6, STM32H563AGI6, STM32H563AII3Q, STM32H563AII6, STM32H563IGK6, STM32H563IGT6, STM32H563IIK3Q, STM32H563IIK6, STM32H563IIT3Q, STM32H563IIT6, STM32H563MIY3QTR, STM32H563RGT6, STM32H563RGV6, STM32H563RIT6, STM32H563RIV6, STM32H563VGT6, STM32H563VIT3Q, STM32H563VIT6, STM32H563ZGT6, STM32H563ZIT3Q, STM32H563ZIT6, STM32H573AII3Q, STM32H573AII6, STM32H573I-DK, STM32H573IIK3Q, STM32H573IIK6, STM32H573IIT3Q, STM32H573IIT6, STM32H573MIY3QTR, STM32H573RIT6, STM32H573RIV6, STM32H573VIT3Q, STM32H573VIT6, STM32H573ZIT3Q, STM32H573ZIT6, STM32H7R3A8I6, STM32H7R3I8K6, STM32H7R3I8T6, STM32H7R3L8H6, STM32H7R3L8H6H, STM32H7R3R8V6, STM32H7R3V8H6, STM32H7R3V8T6, STM32H7R3V8Y6TR, STM32H7R3Z8J6, STM32H7R3Z8T6, STM32H7R7A8I6, STM32H7R7I8K6, STM32H7R7I8T6, STM32H7R7L8H6, STM32H7R7L8H6H, STM32H7R7Z8J6, STM32H7S3A8I6, STM32H7S3I8K6, STM32H7S3I8T6, STM32H7S3L8H6, STM32H7S3L8H6H, STM32H7S3R8V6, STM32H7S3V8H6, STM32H7S3V8T6, STM32H7S3V8Y6TR, STM32H7S3Z8J6, STM32H7S3Z8T6, STM32H7S78-DK, STM32H7S7A8I6, STM32H7S7I8K6, STM32H7S7I8T6, STM32H7S7L8H6, STM32H7S7L8H6H, STM32H7S7Z8J6, STM32L4R5QGI6STR, STM32MP131AAE3, STM32MP131AAF3, STM32MP131AAG3, STM32MP131CAE3, STM32MP131CAF3, STM32MP131CAG3, STM32MP131DAE7, STM32MP131DAF7, STM32MP131DAG7, STM32MP131FAE7, STM32MP131FAF7, STM32MP131FAG7, STM32MP133AAE3, STM32MP133AAF3, STM32MP133AAG3, STM32MP133CAE3, STM32MP133CAF3, STM32MP133CAG3, STM32MP133DAE7, STM32MP133DAF7, STM32MP133DAG7, STM32MP133FAE7, STM32MP133FAF7, STM32MP133FAG7, STM32MP135AAE3, STM32MP135AAF3, STM32MP135AAG3, STM32MP135CAE3, STM32MP135CAF3, STM32MP135CAG3, STM32MP135DAE7, STM32MP135DAF7, STM32MP135DAG7, STM32MP135F-DK, STM32MP135FAE7, STM32MP135FAF7, STM32MP135FAF7T, STM32MP135FAF7U, STM32MP135FAG7, STM32MP211AAL3, STM32MP211AAM3, STM32MP211AAN3, STM32MP211AAO3, STM32MP211CAL3, STM32MP211CAM3, STM32MP211CAN3, STM32MP211CAO3, STM32MP211DAL3, STM32MP211DAM3, STM32MP211DAN3, STM32MP211DAO3, STM32MP211FAL3, STM32MP211FAM3, STM32MP211FAN3, STM32MP211FAO3, STM32MP213AAL3, STM32MP213AAM3, STM32MP213AAN3, STM32MP213AAO3, STM32MP213CAL3, STM32MP213CAM3, STM32MP213CAN3, STM32MP213CAO3, STM32MP213DAL3, STM32MP213DAM3, STM32MP213DAN3, STM32MP213DAO3, STM32MP213FAL3, STM32MP213FAM3, STM32MP213FAN3, STM32MP213FAO3, STM32MP215AAL3, STM32MP215AAM3, STM32MP215AAN3, STM32MP215AAO3, STM32MP215CAL3, STM32MP215CAM3, STM32MP215CAN3, STM32MP215CAO3, STM32MP215DAL3, STM32MP215DAM3, STM32MP215DAN3, STM32MP215DAO3, STM32MP215F-DK, STM32MP215FAL3, STM32MP215FAM3, STM32MP215FAN3, STM32MP215FAO3, STM32MP231AAJ3, STM32MP231AAK3, STM32MP231AAL3, STM32MP231CAJ3, STM32MP231CAK3, STM32MP231CAL3, STM32MP231DAJ3, STM32MP231DAK3, STM32MP231DAL3, STM32MP231FAJ3, STM32MP231FAK3, STM32MP231FAL3, STM32MP233AAJ3, STM32MP233AAK3, STM32MP233AAL3, STM32MP233CAJ3, STM32MP233CAK3, STM32MP233CAL3, STM32MP233DAJ3, STM32MP233DAK3, STM32MP233DAL3, STM32MP233FAJ3, STM32MP233FAK3, STM32MP233FAL3, STM32MP235AAJ3, STM32MP235AAK3, STM32MP235AAL3, STM32MP235CAJ3, STM32MP235CAK3, STM32MP235CAL3, STM32MP235DAJ3, STM32MP235DAK3, STM32MP235DAL3, STM32MP235FAJ3, STM32MP235FAK3, STM32MP235FAL3, STM32MP251AAI3, STM32MP251AAK3, STM32MP251AAL3, STM32MP251CAI3, STM32MP251CAK3, STM32MP251CAL3, STM32MP251DAI3, STM32MP251DAK3, STM32MP251DAL3, STM32MP251FAI3, STM32MP251FAK3, STM32MP251FAL3, STM32MP253AAI3, STM32MP253AAK3, STM32MP253AAL3, STM32MP253CAI3, STM32MP253CAK3, STM32MP253CAL3, STM32MP253DAI3, STM32MP253DAK3, STM32MP253DAL3, STM32MP253FAI3, STM32MP253FAK3, STM32MP253FAL3, STM32MP255AAI3, STM32MP255AAK3, STM32MP255AAL3, STM32MP255CAI3, STM32MP255CAK3, STM32MP255CAL3, STM32MP255DAI3, STM32MP255DAK3, STM32MP255DAL3, STM32MP255FAI3, STM32MP255FAK3, STM32MP255FAL3, STM32MP257AAI3, STM32MP257AAK3, STM32MP257AAL3, STM32MP257CAI3, STM32MP257CAK3, STM32MP257CAL3, STM32MP257DAI3, STM32MP257DAK3, STM32MP257DAL3, STM32MP257F-DK, STM32MP257F-EV1, STM32MP257FAI3, STM32MP257FAK3, STM32MP257FAL3, STM32N645A0H3Q, STM32N645B0H3Q, STM32N645I0H3Q, STM32N645L0H3Q, STM32N645X0H3Q, STM32N645Z0H3Q, STM32N647A0H3Q, STM32N647B0H3Q, STM32N647I0H3Q, STM32N647L0H3Q, STM32N647X0H3Q, STM32N647Z0H3Q, STM32N655A0H3Q, STM32N655B0H3Q, STM32N655I0H3Q, STM32N655L0H3Q, STM32N655X0H3Q, STM32N655Z0H3Q, STM32N6570-DK, STM32N657A0H3Q, STM32N657B0H3Q, STM32N657I0H3Q, STM32N657L0H3Q, STM32N657X0H3Q, STM32N657Z0H3Q, STM32U031C6T6, STM32U031C6U6, STM32U031C8T6, STM32U031C8U6, STM32U031F4P6, STM32U031F6P6, STM32U031F8P6, STM32U031G6Y6TR, STM32U031G8Y6TR, STM32U031K4U6, STM32U031K6U6, STM32U031K8U6, STM32U031R6I6, STM32U031R6T6, STM32U031R8I6, STM32U031R8T6, STM32U073C8T6, STM32U073C8U6, STM32U073CBT6, STM32U073CBU6, STM32U073CCT6, STM32U073CCU6, STM32U073H8Y6TR, STM32U073HBY6TR, STM32U073HCY6TR, STM32U073K8U6, STM32U073KBU6, STM32U073KCU6, STM32U073M8I6, STM32U073M8T6, STM32U073MBI6, STM32U073MBT6, STM32U073MCI6, STM32U073MCT6, STM32U073R8I6, STM32U073R8T6, STM32U073RBI6, STM32U073RBT6, STM32U073RCI6, STM32U073RCT6, STM32U083C-DK, STM32U083CCT6, STM32U083CCU6, STM32U083HCY6TR, STM32U083KCU6, STM32U083MCI6, STM32U083MCT6, STM32U083RCI6, STM32U083RCT6, STM32U375CET6, STM32U375CET6Q, STM32U375CEU6, STM32U375CEU6Q, STM32U375CEY6QTR, STM32U375CGT6, STM32U375CGT6Q, STM32U375CGU6, STM32U375CGU6Q, STM32U375CGY6QTR, STM32U375KEU6, STM32U375KGU6, STM32U375REI6, STM32U375REI6Q, STM32U375RET6, STM32U375RET6Q, STM32U375REY6GTR, STM32U375REY6QTR, STM32U375RGI6, STM32U375RGI6Q, STM32U375RGT6, STM32U375RGT6Q, STM32U375RGY6GTR, STM32U375RGY6QTR, STM32U375VEI6, STM32U375VEI6Q, STM32U375VET6, STM32U375VET6Q, STM32U375VGI6, STM32U375VGI6Q, STM32U375VGT6, STM32U375VGT6Q, STM32U385CGT6, STM32U385CGT6Q, STM32U385CGU6, STM32U385CGU6Q, STM32U385CGY6QTR, STM32U385KGU6, STM32U385RGI6, STM32U385RGI6Q, STM32U385RGT6, STM32U385RGT6Q, STM32U385RGY6GTR, STM32U385RGY6QTR, STM32U385VGI6, STM32U385VGI6Q, STM32U385VGT6, STM32U385VGT6Q, STM32U535CBT6, STM32U535CBT6Q, STM32U535CBU6, STM32U535CBU6Q, STM32U535CCT6, STM32U535CCT6Q, STM32U535CCU6, STM32U535CCU6Q, STM32U535CET6, STM32U535CET6Q, STM32U535CEU6, STM32U535CEU6Q, STM32U535JEY6QTR, STM32U535NCY6QTR, STM32U535NEY6QTR, STM32U535RBI6, STM32U535RBI6Q, STM32U535RBT6, STM32U535RBT6Q, STM32U535RCI6, STM32U535RCI6Q, STM32U535RCT6, STM32U535RCT6Q, STM32U535REI6, STM32U535REI6Q, STM32U535RET6, STM32U535RET6Q, STM32U535VCI6, STM32U535VCI6Q, STM32U535VCT6, STM32U535VCT6Q, STM32U535VEI6, STM32U535VEI6Q, STM32U535VET6, STM32U535VET6Q, STM32U545CET6, STM32U545CET6Q, STM32U545CEU6, STM32U545CEU6Q, STM32U545JEY6QTR, STM32U545NEY6QTR, STM32U545REI6, STM32U545REI6Q, STM32U545RET6, STM32U545RET6Q, STM32U545VEI6, STM32U545VEI6Q, STM32U545VET6, STM32U545VET6Q, STM32U595AIH6, STM32U595AIH6Q, STM32U595AJH6, STM32U595AJH6Q, STM32U595QII6, STM32U595QII6Q, STM32U595QJI6, STM32U595QJI6Q, STM32U595RIT6, STM32U595RIT6Q, STM32U595RJT6, STM32U595RJT6Q, STM32U595VIT6, STM32U595VIT6Q, STM32U595VJT6, STM32U595VJT6Q, STM32U595ZIT6, STM32U595ZIT6Q, STM32U595ZIY6QTR, STM32U595ZJT6, STM32U595ZJT6Q, STM32U595ZJY6QTR, STM32U599BJY6QTR, STM32U599NIH6Q, STM32U599NJH6Q, STM32U599VIT6Q, STM32U599VJT6, STM32U599VJT6Q, STM32U599ZIT6Q, STM32U599ZIY6QTR, STM32U599ZJT6Q, STM32U599ZJY6QTR, STM32U5A5AJH6, STM32U5A5AJH6Q, STM32U5A5QII3Q , STM32U5A5QJI6, STM32U5A5QJI6Q, STM32U5A5RJT6, STM32U5A5RJT6Q, STM32U5A5VJT6, STM32U5A5VJT6Q, STM32U5A5ZJT6, STM32U5A5ZJT6Q, STM32U5A5ZJY6QTR, STM32U5A9BJY6QTR, STM32U5A9J-DK, STM32U5A9NJH6Q, STM32U5A9VJT6Q, STM32U5A9ZJT6Q, STM32U5A9ZJY6QTR, STM32U5F7VIT6, STM32U5F7VIT6Q, STM32U5F7VJT6, STM32U5F7VJT6Q, STM32U5F9BJY6QTR, STM32U5F9NJH6Q, STM32U5F9VIT6Q, STM32U5F9VJT6Q, STM32U5F9ZIJ6QTR, STM32U5F9ZIT6Q, STM32U5F9ZJJ6QTR, STM32U5F9ZJT6Q, STM32U5G7VJT6, STM32U5G7VJT6Q, STM32U5G9BJY6QTR, STM32U5G9J-DK1, STM32U5G9J-DK2, STM32U5G9NJH6Q, STM32U5G9VJT6Q, STM32U5G9ZJJ6QTR, STM32U5G9ZJT6Q, STM32WB05KZV6TR, STM32WB05KZV7TR, STM32WB05TZF6TR, STM32WB05TZF7TR, STM32WB06CCF6TR, STM32WB06CCF7TR, STM32WB06CCV6TR, STM32WB06CCV7TR, STM32WB06KCV6TR, STM32WB06KCV7TR, STM32WB07CCF6TR, STM32WB07CCF7TR, STM32WB07CCV6TR, STM32WB07CCV7TR, STM32WB07KCV6TR, STM32WB07KCV7TR, STM32WB09KEV6TR, STM32WB09KEV7TR, STM32WB09TEF6TR, STM32WB09TEF7TR, STM32WB1MMCH6, STM32WBA50KGU6, STM32WBA50KGU6TR, STM32WBA52CEU6, STM32WBA52CEU6TR, STM32WBA52CEU7, STM32WBA52CEU7TR, STM32WBA52CGU6, STM32WBA52CGU6TR, STM32WBA52CGU6U, STM32WBA52CGU7, STM32WBA52CGU7TR, STM32WBA52KEU6, STM32WBA52KEU6TR, STM32WBA52KGU6, STM32WBA52KGU6TR, STM32WBA54CEU6, STM32WBA54CEU6TR, STM32WBA54CEU7, STM32WBA54CEU7TR, STM32WBA54CGU6, STM32WBA54CGU6TR, STM32WBA54CGU7, STM32WBA54CGU7TR, STM32WBA54KEU6, STM32WBA54KEU6TR, STM32WBA54KEU7, STM32WBA54KEU7TR, STM32WBA54KGU6, STM32WBA54KGU6TR, STM32WBA54KGU7, STM32WBA54KGU7TR, STM32WBA55CEU6, STM32WBA55CEU6TR, STM32WBA55CEU7, STM32WBA55CEU7TR, STM32WBA55CGU6, STM32WBA55CGU6TR, STM32WBA55CGU6U, STM32WBA55CGU7, STM32WBA55CGU7TR, STM32WBA55G-DK1, STM32WBA55HEF6, STM32WBA55HEF7, STM32WBA55HGF6, STM32WBA55HGF7, STM32WBA55UEI6, STM32WBA55UEI6TR, STM32WBA55UEI7, STM32WBA55UEI7TR, STM32WBA55UGI6, STM32WBA55UGI6TR, STM32WBA55UGI7, STM32WBA55UGI7TR, STM32WBA5MMGH6TR, STM32WBA62MGF6, STM32WBA62MIF6, STM32WBA65MGF7, STM32WBA65MIF6, STM32WBA65MIF7, STM32WL30K8V6, STM32WL30KBV6, STM32WL31C8V6, STM32WL31CBV6, STM32WL31K8V6, STM32WL31KBV6, STM32WL33C8V6, STM32WL33C8V6X, STM32WL33CBV6, STM32WL33CBV6X, STM32WL33CCV6, STM32WL33CCV6A, STM32WL33CCV6X, STM32WL33K8V7, STM32WL33K8V7X, STM32WL33KBV7 , STM32WL33KBV7X, STM32WL33KCV7, STM32WL33KCV7X, STM32WL5MOCH6, STM32WL5MOCH6TR]
2026-05-21 12:20:40,497 [INFO] DbMcus:218 - Found 5055 MCUs, 4968 are supported
2026-05-21 12:20:40,499 [INFO] ApiDb:423 - Load user favorites file C:\Users\Александра/.stm32cubeide/favorites.mcus.txt: 0 item(s)
2026-05-21 12:20:40,500 [INFO] ApiDb:427 - User favorites MCUs=[]
2026-05-21 12:20:40,500 [INFO] DbMcus:224 - Set 0 / 0 favorites MCUs
2026-05-21 12:20:41,727 [INFO] BoardInfo:889 - No configuration file found for board NUCLEO-H5E5ZJ
2026-05-21 12:20:41,729 [INFO] DbBoards:161 - Board is not supported: NUCLEO-H5E5ZJ
2026-05-21 12:20:41,842 [INFO] BoardInfo:889 - No configuration file found for board NUCLEO-U3C5ZI-Q
2026-05-21 12:20:41,844 [INFO] DbBoards:161 - Board is not supported: NUCLEO-U3C5ZI-Q
2026-05-21 12:20:41,873 [INFO] BoardInfo:889 - No configuration file found for board NUCLEO-WBA25CE1
2026-05-21 12:20:41,876 [INFO] DbBoards:161 - Board is not supported: NUCLEO-WBA25CE1
2026-05-21 12:20:41,897 [INFO] BoardInfo:889 - No configuration file found for board NUCLEO-WL3RKB1
2026-05-21 12:20:41,899 [INFO] DbBoards:161 - Board is not supported: NUCLEO-WL3RKB1
2026-05-21 12:20:41,901 [INFO] BoardInfo:889 - No configuration file found for board NUCLEO-WL3RKB2
2026-05-21 12:20:41,904 [INFO] DbBoards:161 - Board is not supported: NUCLEO-WL3RKB2
2026-05-21 12:20:41,921 [INFO] BoardInfo:889 - No configuration file found for board P-NUCLEO-WB55
2026-05-21 12:20:41,923 [INFO] DbBoards:161 - Kit is not supported: P-NUCLEO-WB55
2026-05-21 12:20:41,936 [INFO] BoardInfo:889 - No configuration file found for board STEVAL-BFA001V1B
2026-05-21 12:20:41,938 [INFO] DbBoards:161 - Kit is not supported: STEVAL-BFA001V1B
2026-05-21 12:20:41,939 [INFO] BoardInfo:889 - No configuration file found for board STEVAL-BFA001V2B
2026-05-21 12:20:41,941 [INFO] DbBoards:161 - Kit is not supported: STEVAL-BFA001V2B
2026-05-21 12:20:42,210 [INFO] BoardInfo:889 - No configuration file found for board STM32H5F5J-DK
2026-05-21 12:20:42,213 [INFO] DbBoards:161 - Board is not supported: STM32H5F5J-DK
2026-05-21 12:20:42,434 [INFO] DbBoards:168 - Found 218 boards, 209 are supported
2026-05-21 12:20:42,435 [INFO] DbBoards:169 - Found 218 boards, 43 of them is supported for  Bsp
2026-05-21 12:20:42,440 [INFO] ApiDb:423 - Load user favorites file C:\Users\Александра/.stm32cubeide/favorites.boards.txt: 1 item(s)
2026-05-21 12:20:42,440 [INFO] ApiDb:427 - User favorites Boards=[NUCLEO-G474RE]
2026-05-21 12:20:42,440 [INFO] DbBoards:198 - Set 1 / 1 favorites Boards
2026-05-21 12:20:42,542 [INFO] UtilMem:75 - End LoadConfig() Used Memory: 328762368 Bytes (707788800)
2026-05-21 12:20:42,869 [WARN] ThirdParty:833 - waiting for thirdparty lock release [change project]
2026-05-21 12:20:42,870 [INFO] ThirdParty:835 - entering critical section [change project]
2026-05-21 12:20:42,870 [INFO] ThirdParty:1030 - CMSIS Pack Vendor :STMicroelectronics X-CUBE-AZRTOS-H7 3.5.0
2026-05-21 12:20:42,870 [INFO] ThirdParty:1030 - CMSIS Pack Vendor :STMicroelectronics X-CUBE-PM33A1 1.0.0
2026-05-21 12:20:42,871 [INFO] ThirdParty:1030 - CMSIS Pack Vendor :STMicroelectronics USBPD 4.1
2026-05-21 12:20:42,871 [INFO] ThirdParty:1030 - CMSIS Pack Vendor :STMicroelectronics USB_HOST 2.0.0
2026-05-21 12:20:42,871 [INFO] ThirdParty:1030 - CMSIS Pack Vendor :STMicroelectronics FP-SNS-MOTENVWB1 1.4.0
2026-05-21 12:20:42,871 [INFO] ThirdParty:1030 - CMSIS Pack Vendor :STMicroelectronics X-CUBE-AZRTOS-F4 1.1.0
2026-05-21 12:20:42,871 [INFO] ThirdParty:1030 - CMSIS Pack Vendor :STMicroelectronics LIBJPEG 8.0.0
2026-05-21 12:20:42,871 [INFO] ThirdParty:1030 - CMSIS Pack Vendor :STMicroelectronics FP-ATR-ASTRA1 2.0.2
2026-05-21 12:20:42,871 [INFO] ThirdParty:1030 - CMSIS Pack Vendor :Avnet-IotConnect X-CUBE-IoTC-DA16k-PMOD 1.0.0
2026-05-21 12:20:42,871 [INFO] ThirdParty:1030 - CMSIS Pack Vendor :STMicroelectronics X-CUBE-SMBUS 2.1.0
2026-05-21 12:20:42,872 [INFO] ThirdParty:1030 - CMSIS Pack Vendor :STMicroelectronics X-CUBE-ISPU 2.1.0
2026-05-21 12:20:42,872 [INFO] ThirdParty:1030 - CMSIS Pack Vendor :STMicroelectronics X-CUBE-IPS 3.2.0
2026-05-21 12:20:42,872 [INFO] ThirdParty:1030 - CMSIS Pack Vendor :STMicroelectronics eDS-WB_DPC_TT-BIDIR 2.1.1
2026-05-21 12:20:42,872 [INFO] ThirdParty:1030 - CMSIS Pack Vendor :STMicroelectronics X-CUBE-ST60 1.0.0
2026-05-21 12:20:42,872 [INFO] ThirdParty:1030 - CMSIS Pack Vendor :STMicroelectronics X-CUBE-NFC12 1.0.0
2026-05-21 12:20:42,872 [INFO] ThirdParty:1030 - CMSIS Pack Vendor :STMicroelectronics X-CUBE-AZRTOS-F7 1.1.0
2026-05-21 12:20:42,872 [INFO] ThirdParty:1030 - CMSIS Pack Vendor :STMicroelectronics X-CUBE-AZRTOS-L5 2.0.0
2026-05-21 12:20:42,873 [INFO] ThirdParty:1030 - CMSIS Pack Vendor :STMicroelectronics USB_DEVICE 2.0.0
2026-05-21 12:20:42,873 [INFO] ThirdParty:1030 - CMSIS Pack Vendor :STMicroelectronics X-CUBE-NFC6 3.1.0
2026-05-21 12:20:42,873 [INFO] ThirdParty:1030 - CMSIS Pack Vendor :Cesanta I-CUBE-Mongoose 7.19.0
2026-05-21 12:20:42,873 [INFO] ThirdParty:1030 - CMSIS Pack Vendor :STMicroelectronics FP-SNS-MOTENV1 5.1.0
2026-05-21 12:20:42,873 [INFO] ThirdParty:1030 - CMSIS Pack Vendor :STMicroelectronics FreeRTOS 0.0.1
2026-05-21 12:20:42,873 [INFO] ThirdParty:1030 - CMSIS Pack Vendor :STMicroelectronics eDS-WB_DPC_VIENNA 1.2.0
2026-05-21 12:20:42,873 [INFO] ThirdParty:1030 - CMSIS Pack Vendor :WES I-CUBE-Cesium 1.4.0
2026-05-21 12:20:42,873 [INFO] ThirdParty:1030 - CMSIS Pack Vendor :STMicroelectronics eDS-WB_DPC_3PH2L-BIDIR 1.1.1
2026-05-21 12:20:42,873 [INFO] ThirdParty:1030 - CMSIS Pack Vendor :Infineon AIROC-Wi-Fi-Bluetooth-STM32 1.7.1
2026-05-21 12:20:42,874 [INFO] ThirdParty:1030 - CMSIS Pack Vendor :STMicroelectronics PDM2PCM 3.3.0
2026-05-21 12:20:42,874 [INFO] ThirdParty:1030 - CMSIS Pack Vendor :STMicroelectronics X-CUBE-AZRTOS-H7 3.4.0
2026-05-21 12:20:42,874 [INFO] ThirdParty:1030 - CMSIS Pack Vendor :STMicroelectronics X-CUBE-DISPLAY 3.0.0
2026-05-21 12:20:42,874 [INFO] ThirdParty:1030 - CMSIS Pack Vendor :STMicroelectronics X-CUBE-GNSS1 7.1.1
2026-05-21 12:20:42,874 [INFO] ThirdParty:1030 - CMSIS Pack Vendor :STMicroelectronics FP-SNS-MOTENVWB1 1.5.0
2026-05-21 12:20:42,874 [INFO] ThirdParty:1030 - CMSIS Pack Vendor :STMicroelectronics X-CUBE-NFC10 1.0.0
2026-05-21 12:20:42,874 [INFO] ThirdParty:1030 - CMSIS Pack Vendor :STMicroelectronics X-CUBE-FREERTOS 1.3.1
2026-05-21 12:20:42,874 [INFO] ThirdParty:1030 - CMSIS Pack Vendor :STMicroelectronics HAL Drivers 0.0.0
2026-05-21 12:20:42,874 [INFO] ThirdParty:1030 - CMSIS Pack Vendor :STMicroelectronics X-CUBE-ST60 1.1.0
2026-05-21 12:20:42,874 [INFO] ThirdParty:1030 - CMSIS Pack Vendor :emotas I-CUBE-CANOPEN 1.3.0
2026-05-21 12:20:42,874 [INFO] ThirdParty:1030 - CMSIS Pack Vendor :STMicroelectronics MBEDTLS 2.14.1
2026-05-21 12:20:42,874 [INFO] ThirdParty:1030 - CMSIS Pack Vendor :STMicroelectronics X-CUBE-GNSS1 7.1.0
2026-05-21 12:20:42,874 [INFO] ThirdParty:1030 - CMSIS Pack Vendor :STMicroelectronics X-CUBE-TOUCHGFX 4.26.0
2026-05-21 12:20:42,875 [INFO] ThirdParty:1030 - CMSIS Pack Vendor :STMicroelectronics X-CUBE-TOUCHGFX 4.26.1
2026-05-21 12:20:42,875 [INFO] ThirdParty:1030 - CMSIS Pack Vendor :STMicroelectronics FP-SNS-STBOX1 2.1.0
2026-05-21 12:20:42,875 [INFO] ThirdParty:1030 - CMSIS Pack Vendor :STMicroelectronics FP-SNS-STAIOTCFT 1.0.0
2026-05-21 12:20:42,875 [INFO] ThirdParty:1030 - CMSIS Pack Vendor :STMicroelectronics FP-SNS-SMARTAG2 1.2.0
2026-05-21 12:20:42,875 [INFO] ThirdParty:1030 - CMSIS Pack Vendor :STMicroelectronics FP-SNS-FLIGHT1 5.1.0
2026-05-21 12:20:42,875 [INFO] ThirdParty:1030 - CMSIS Pack Vendor :STMicroelectronics X-CUBE-AZRTOS-WL 2.0.0
2026-05-21 12:20:42,875 [INFO] ThirdParty:1030 - CMSIS Pack Vendor :STMicroelectronics X-CUBE-DPower 1.3.0
2026-05-21 12:20:42,875 [INFO] ThirdParty:1030 - CMSIS Pack Vendor :STMicroelectronics FP-SNS-MOTENV1 5.0.0
2026-05-21 12:20:42,875 [INFO] ThirdParty:1030 - CMSIS Pack Vendor :STMicroelectronics USB_DEVICE 1.0.0
2026-05-21 12:20:42,875 [INFO] ThirdParty:1030 - CMSIS Pack Vendor :STMicroelectronics X-CUBE-AZRTOS-H7RS 1.2.0
2026-05-21 12:20:42,875 [INFO] ThirdParty:1030 - CMSIS Pack Vendor :STMicroelectronics X-CUBE-AZRTOS-L4 2.0.0
2026-05-21 12:20:42,875 [INFO] ThirdParty:1030 - CMSIS Pack Vendor :STMicroelectronics ThreadX 0.0.2
2026-05-21 12:20:42,875 [INFO] ThirdParty:1030 - CMSIS Pack Vendor :STMicroelectronics lwIP 2.1.2
2026-05-21 12:20:42,876 [INFO] ThirdParty:1030 - CMSIS Pack Vendor :STMicroelectronics X-CUBE-SFXS2LP1 4.0.0
2026-05-21 12:20:42,876 [INFO] ThirdParty:1030 - CMSIS Pack Vendor :STMicroelectronics X-CUBE-BLE2 3.3.0
2026-05-21 12:20:42,876 [INFO] ThirdParty:1030 - CMSIS Pack Vendor :Avnet-IOTCONNECT X-CUBE-iotc-st67-sdk 1.0.0
2026-05-21 12:20:42,876 [INFO] ThirdParty:1030 - CMSIS Pack Vendor :STMicroelectronics PDM2PCM 3.2.0
2026-05-21 12:20:42,876 [INFO] ThirdParty:1030 - CMSIS Pack Vendor :STMicroelectronics X-CUBE-WB05N 2.1.0
2026-05-21 12:20:42,876 [INFO] ThirdParty:1030 - CMSIS Pack Vendor :STMicroelectronics X-CUBE-ST67W61 1.2.0
2026-05-21 12:20:42,876 [INFO] ThirdParty:1030 - CMSIS Pack Vendor :STMicroelectronics X-CUBE-NFC9 1.0.0
2026-05-21 12:20:42,876 [INFO] ThirdParty:1030 - CMSIS Pack Vendor :wolfSSL I-CUBE-wolfSSL 5.8.2
2026-05-21 12:20:42,876 [INFO] ThirdParty:1030 - CMSIS Pack Vendor :STMicroelectronics X-CUBE-BLE1 7.1.0
2026-05-21 12:20:42,877 [INFO] ThirdParty:1030 - CMSIS Pack Vendor :wolfSSL I-CUBE-wolfMQTT 1.19.2
2026-05-21 12:20:42,877 [INFO] ThirdParty:1030 - CMSIS Pack Vendor :STMicroelectronics USB_DEVICE 3.0.0
2026-05-21 12:20:42,877 [INFO] ThirdParty:1030 - CMSIS Pack Vendor :STMicroelectronics X-CUBE-FREERTOS 1.4.0
2026-05-21 12:20:42,877 [INFO] ThirdParty:1030 - CMSIS Pack Vendor :STMicroelectronics X-CUBE-EEPRMA1 5.2.0
2026-05-21 12:20:42,877 [INFO] ThirdParty:1030 - CMSIS Pack Vendor :STMicroelectronics X-CUBE-BLEMGR 4.1.0
2026-05-21 12:20:42,877 [INFO] ThirdParty:1030 - CMSIS Pack Vendor :STMicroelectronics X-CUBE-AZRTOS-WB 2.0.0
2026-05-21 12:20:42,877 [INFO] ThirdParty:1030 - CMSIS Pack Vendor :STMicroelectronics X-CUBE-GNSS1 7.0.1
2026-05-21 12:20:42,877 [INFO] ThirdParty:1030 - CMSIS Pack Vendor :STMicroelectronics X-CUBE-TOUCHGFX 4.25.0
2026-05-21 12:20:42,878 [INFO] ThirdParty:1030 - CMSIS Pack Vendor :STMicroelectronics X-CUBE-ST67W61 1.1.0
2026-05-21 12:20:42,878 [INFO] ThirdParty:1030 - CMSIS Pack Vendor :STMicroelectronics FP-SNS-STAIOTCFT 1.1.0
2026-05-21 12:20:42,878 [INFO] ThirdParty:1030 - CMSIS Pack Vendor :quantropi X-CUBE-qispace-sdk-base 2.1.0
2026-05-21 12:20:42,878 [INFO] ThirdParty:1030 - CMSIS Pack Vendor :STMicroelectronics X-CUBE-MEMS1 12.0.0
2026-05-21 12:20:42,878 [INFO] ThirdParty:1030 - CMSIS Pack Vendor :STMicroelectronics X-CUBE-STSE01 2.0.0
2026-05-21 12:20:42,878 [INFO] ThirdParty:1030 - CMSIS Pack Vendor :STMicroelectronics X-CUBE-AZRTOS-G0 1.1.0
2026-05-21 12:20:42,878 [INFO] ThirdParty:1030 - CMSIS Pack Vendor :STMicroelectronics X-CUBE-SAFEA1 1.2.2
2026-05-21 12:20:42,878 [INFO] ThirdParty:1030 - CMSIS Pack Vendor :STMicroelectronics X-CUBE-NFC4 3.0.0
2026-05-21 12:20:42,878 [INFO] ThirdParty:1030 - CMSIS Pack Vendor :STMicroelectronics X-CUBE-SUBG2 5.0.0
2026-05-21 12:20:42,878 [INFO] ThirdParty:1030 - CMSIS Pack Vendor :STMicroelectronics X-CUBE-AZRTOS-H7RS 1.1.0
2026-05-21 12:20:42,880 [INFO] ThirdParty:1030 - CMSIS Pack Vendor :STMicroelectronics STM32_WPAN 1.0.0
2026-05-21 12:20:42,880 [INFO] ThirdParty:1030 - CMSIS Pack Vendor :EmbeddedOffice I-CUBE-FS-RTOS 1.0.1
2026-05-21 12:20:42,880 [INFO] ThirdParty:1030 - CMSIS Pack Vendor :STMicroelectronics lwIP 2.0.3
2026-05-21 12:20:42,880 [INFO] ThirdParty:1030 - CMSIS Pack Vendor :STMicroelectronics USB_HOST 1.0.0
2026-05-21 12:20:42,880 [INFO] ThirdParty:1030 - CMSIS Pack Vendor :STMicroelectronics X-CUBE-AZRTOS-G4 2.0.0
2026-05-21 12:20:42,880 [INFO] ThirdParty:1030 - CMSIS Pack Vendor :STMicroelectronics X-CUBE-WB05N 2.0.0
2026-05-21 12:20:42,880 [INFO] ThirdParty:1030 - CMSIS Pack Vendor :STMicroelectronics PDM2PCM 3.1.0
2026-05-21 12:20:42,880 [INFO] ThirdParty:1030 - CMSIS Pack Vendor :wolfSSL I-CUBE-wolfTPM 3.8.0
2026-05-21 12:20:42,880 [INFO] ThirdParty:1030 - CMSIS Pack Vendor :wolfSSL I-CUBE-wolfSSH 1.4.20
2026-05-21 12:20:42,880 [INFO] ThirdParty:1030 - CMSIS Pack Vendor :STMicroelectronics X-CUBE-NFC7 2.0.0
2026-05-21 12:20:42,880 [INFO] ThirdParty:1030 - CMSIS Pack Vendor :STMicroelectronics X-CUBE-TCPP 4.2.0
2026-05-21 12:20:42,880 [INFO] ThirdParty:1030 - CMSIS Pack Vendor :RealThread X-CUBE-RT-Thread_Nano 4.1.1
2026-05-21 12:20:42,881 [INFO] ThirdParty:1030 - CMSIS Pack Vendor :STMicroelectronics FP-ATR-SIGFOX1 3.2.0
2026-05-21 12:20:42,881 [INFO] ThirdParty:1030 - CMSIS Pack Vendor :STMicroelectronics X-CUBE-FREERTOS 1.5.0
2026-05-21 12:20:42,881 [INFO] ThirdParty:1030 - CMSIS Pack Vendor :STMicroelectronics MBEDTLS 2.16.2
2026-05-21 12:20:42,881 [INFO] ThirdParty:1030 - CMSIS Pack Vendor :STMicroelectronics X-CUBE-IPS 3.1.0
2026-05-21 12:20:42,881 [INFO] ThirdParty:1030 - CMSIS Pack Vendor :STMicroelectronics X-CUBE-ALS 1.0.2
2026-05-21 12:20:42,881 [INFO] ThirdParty:1030 - CMSIS Pack Vendor :ITTIA_DB I-CUBE-ITTIADB 8.9.0
2026-05-21 12:20:42,881 [INFO] ThirdParty:1030 - CMSIS Pack Vendor :STMicroelectronics X-CUBE-STSE01 1.0.0
2026-05-21 12:20:42,882 [INFO] ThirdParty:1030 - CMSIS Pack Vendor :STMicroelectronics X-CUBE-NFC6 3.2.0
2026-05-21 12:20:42,882 [INFO] ThirdParty:1030 - CMSIS Pack Vendor :STMicroelectronics X-CUBE-ST67W61 1.0.0
2026-05-21 12:20:42,882 [INFO] ThirdParty:1030 - CMSIS Pack Vendor :STMicroelectronics X-CUBE-AI 10.2.0
2026-05-21 12:20:42,882 [INFO] ThirdParty:1030 - CMSIS Pack Vendor :STMicroelectronics ThreadX 1.0.0
2026-05-21 12:20:42,882 [INFO] ThirdParty:1030 - CMSIS Pack Vendor :STMicroelectronics X-CUBE-MEMS1 12.1.0
2026-05-21 12:20:42,882 [INFO] ThirdParty:1030 - CMSIS Pack Vendor :SEGGER I-CUBE-embOS 1.3.1
2026-05-21 12:20:42,882 [INFO] ThirdParty:1030 - CMSIS Pack Vendor :STMicroelectronics X-CUBE-ALGOBUILD 1.4.0
2026-05-21 12:20:42,882 [INFO] ThirdParty:1030 - CMSIS Pack Vendor :STMicroelectronics X-CUBE-MEMS1 11.3.0
2026-05-21 12:20:42,882 [INFO] ThirdParty:1030 - CMSIS Pack Vendor :STMicroelectronics X-CUBE-TOF1 3.4.3
2026-05-21 12:20:42,883 [INFO] ThirdParty:841 - exiting critical section [change project]
2026-05-21 12:20:44,205 [INFO] PinOutPanel:1589 - setPackage(No Configuration,No Configuration)
2026-05-21 12:20:44,207 [INFO] PinOutPanel:1589 - setPackage(STM32G474RETx,LQFP64)
2026-05-21 12:20:45,082 [INFO] UtilMem:75 - Before build in PCC Used Memory: 640634840 Bytes (707788800)
2026-05-21 12:20:46,794 [INFO] UtilMem:75 - After build in PCC Used Memory: 427451320 Bytes (707788800)
2026-05-21 12:20:46,902 [INFO] IPUIPlugin:80 - create IPUIPlugin
2026-05-21 12:20:46,902 [INFO] IPUIPlugin:80 - create IPUIPlugin
2026-05-21 12:20:46,902 [INFO] IPUIPlugin:80 - create IPUIPlugin
2026-05-21 12:20:46,902 [INFO] IPUIPlugin:80 - create IPUIPlugin
2026-05-21 12:20:46,903 [INFO] IPUIPlugin:80 - create IPUIPlugin
2026-05-21 12:20:46,903 [INFO] IPUIPlugin:80 - create IPUIPlugin
2026-05-21 12:20:46,903 [INFO] IPUIPlugin:80 - create IPUIPlugin
2026-05-21 12:20:46,903 [INFO] IPUIPlugin:80 - create IPUIPlugin
2026-05-21 12:20:46,903 [INFO] IPUIPlugin:80 - create IPUIPlugin
2026-05-21 12:20:46,903 [INFO] IPUIPlugin:80 - create IPUIPlugin
2026-05-21 12:20:46,904 [INFO] IPUIPlugin:80 - create IPUIPlugin
2026-05-21 12:20:46,904 [INFO] IPUIPlugin:80 - create IPUIPlugin
2026-05-21 12:20:46,904 [INFO] IPUIPlugin:80 - create IPUIPlugin
2026-05-21 12:20:46,905 [INFO] IPUIPlugin:80 - create IPUIPlugin
2026-05-21 12:20:46,905 [INFO] IPUIPlugin:80 - create IPUIPlugin
2026-05-21 12:20:46,906 [INFO] IPUIPlugin:80 - create IPUIPlugin
2026-05-21 12:20:46,906 [INFO] IPUIPlugin:80 - create IPUIPlugin
2026-05-21 12:20:46,907 [INFO] IPUIPlugin:80 - create IPUIPlugin
2026-05-21 12:20:46,907 [INFO] IPUIPlugin:80 - create IPUIPlugin
2026-05-21 12:20:46,907 [INFO] IPUIPlugin:80 - create IPUIPlugin
2026-05-21 12:20:46,908 [INFO] IPUIPlugin:80 - create IPUIPlugin
2026-05-21 12:20:46,908 [INFO] IPUIPlugin:80 - create IPUIPlugin
2026-05-21 12:20:46,908 [INFO] IPUIPlugin:80 - create IPUIPlugin
2026-05-21 12:20:46,908 [INFO] IPUIPlugin:80 - create IPUIPlugin
2026-05-21 12:20:46,909 [INFO] IPUIPlugin:80 - create IPUIPlugin
2026-05-21 12:20:46,909 [INFO] IPUIPlugin:80 - create IPUIPlugin
2026-05-21 12:20:46,910 [INFO] IPUIPlugin:80 - create IPUIPlugin
2026-05-21 12:20:46,911 [INFO] IPUIPlugin:80 - create IPUIPlugin
2026-05-21 12:20:46,911 [INFO] IPUIPlugin:80 - create IPUIPlugin
2026-05-21 12:20:46,911 [INFO] IPUIPlugin:80 - create IPUIPlugin
2026-05-21 12:20:46,912 [INFO] IPUIPlugin:80 - create IPUIPlugin
2026-05-21 12:20:46,912 [INFO] IPUIPlugin:80 - create IPUIPlugin
2026-05-21 12:20:46,913 [INFO] IPUIPlugin:80 - create IPUIPlugin
2026-05-21 12:20:46,913 [INFO] IPUIPlugin:80 - create IPUIPlugin
2026-05-21 12:20:46,914 [INFO] IPUIPlugin:80 - create IPUIPlugin
2026-05-21 12:20:46,914 [INFO] IPUIPlugin:80 - create IPUIPlugin
2026-05-21 12:20:46,915 [INFO] IPUIPlugin:80 - create IPUIPlugin
2026-05-21 12:20:46,916 [INFO] IPUIPlugin:80 - create IPUIPlugin
2026-05-21 12:20:46,916 [INFO] IPUIPlugin:80 - create IPUIPlugin
2026-05-21 12:20:46,917 [INFO] IPUIPlugin:80 - create IPUIPlugin
2026-05-21 12:20:46,918 [INFO] IPUIPlugin:80 - create IPUIPlugin
2026-05-21 12:20:46,918 [INFO] IPUIPlugin:80 - create IPUIPlugin
2026-05-21 12:20:46,919 [INFO] IPUIPlugin:80 - create IPUIPlugin
2026-05-21 12:20:46,919 [INFO] IPUIPlugin:80 - create IPUIPlugin
2026-05-21 12:20:46,920 [INFO] IPUIPlugin:80 - create IPUIPlugin
2026-05-21 12:20:46,921 [INFO] IPUIPlugin:80 - create IPUIPlugin
2026-05-21 12:20:46,921 [INFO] IPUIPlugin:80 - create IPUIPlugin
2026-05-21 12:20:46,922 [INFO] IPUIPlugin:80 - create IPUIPlugin
2026-05-21 12:20:46,923 [INFO] IPUIPlugin:80 - create IPUIPlugin
2026-05-21 12:20:46,924 [INFO] IPUIPlugin:80 - create IPUIPlugin
2026-05-21 12:20:46,924 [INFO] IPUIPlugin:80 - create IPUIPlugin
2026-05-21 12:20:46,925 [INFO] IPUIPlugin:80 - create IPUIPlugin
2026-05-21 12:20:46,926 [INFO] IPUIPlugin:80 - create IPUIPlugin
2026-05-21 12:20:46,927 [INFO] IPUIPlugin:80 - create IPUIPlugin
2026-05-21 12:20:46,927 [INFO] IPUIPlugin:80 - create IPUIPlugin
2026-05-21 12:20:46,928 [INFO] IPUIPlugin:80 - create IPUIPlugin
2026-05-21 12:20:46,929 [INFO] IPUIPlugin:80 - create IPUIPlugin
2026-05-21 12:20:46,930 [INFO] IPUIPlugin:80 - create IPUIPlugin
2026-05-21 12:20:46,931 [INFO] IPUIPlugin:80 - create IPUIPlugin
2026-05-21 12:20:46,931 [INFO] IPUIPlugin:80 - create IPUIPlugin
2026-05-21 12:20:46,932 [INFO] IPUIPlugin:80 - create IPUIPlugin
2026-05-21 12:20:46,933 [INFO] IPUIPlugin:80 - create IPUIPlugin
2026-05-21 12:20:46,934 [INFO] IPUIPlugin:80 - create IPUIPlugin
2026-05-21 12:20:46,935 [INFO] IPUIPlugin:80 - create IPUIPlugin
2026-05-21 12:20:46,936 [INFO] IPUIPlugin:80 - create IPUIPlugin
2026-05-21 12:20:46,937 [INFO] IPUIPlugin:80 - create IPUIPlugin
2026-05-21 12:20:46,938 [INFO] IPUIPlugin:80 - create IPUIPlugin
2026-05-21 12:20:46,939 [INFO] IPUIPlugin:80 - create IPUIPlugin
2026-05-21 12:20:46,940 [INFO] IPUIPlugin:80 - create IPUIPlugin
2026-05-21 12:20:46,941 [INFO] IPUIPlugin:80 - create IPUIPlugin
2026-05-21 12:20:46,943 [INFO] IPUIPlugin:80 - create IPUIPlugin
2026-05-21 12:20:46,944 [INFO] IPUIPlugin:80 - create IPUIPlugin
2026-05-21 12:20:46,945 [INFO] IPUIPlugin:80 - create IPUIPlugin
2026-05-21 12:20:46,946 [INFO] IPUIPlugin:80 - create IPUIPlugin
2026-05-21 12:20:46,947 [INFO] IPUIPlugin:80 - create IPUIPlugin
2026-05-21 12:20:46,948 [INFO] IPUIPlugin:80 - create IPUIPlugin
2026-05-21 12:20:46,949 [INFO] IPUIPlugin:80 - create IPUIPlugin
2026-05-21 12:20:47,502 [INFO] CADModel:165 - CPN selected for project levelSTM32G474RET6
2026-05-21 12:20:47,503 [INFO] CADModel:114 - Register for checkConnection events
2026-05-21 12:20:47,595 [INFO] OpenFileManager:386 - Restore cursor
2026-05-21 12:23:05,604 [INFO] NvicIntPanel:101 - NVIC parent = com.st.microxplorer.plugins.ip.nvic.MultiNvicIntPanel[,0,0,0x0,invalid,layout=javax.swing.BoxLayout,alignmentX=0.0,alignmentY=0.0,border=,flags=9,maximumSize=,minimumSize=,preferredSize=]
2026-05-21 12:23:07,494 [WARN] Mcu:7025 - HRTIM1 Clean up: some unused parameters were removed
2026-05-21 12:23:07,505 [INFO] UtilMem:75 - End SaveConfig() Used Memory: 367594576 Bytes (707788800)
2026-05-21 12:23:10,104 [WARN] Mcu:7025 - HRTIM1 Clean up: some unused parameters were removed
2026-05-21 12:23:10,107 [INFO] UtilMem:75 - End SaveConfig() Used Memory: 489298376 Bytes (707788800)
2026-05-21 12:23:13,992 [WARN] Mcu:7025 - HRTIM1 Clean up: some unused parameters were removed
2026-05-21 12:23:13,996 [INFO] UtilMem:75 - End SaveConfig() Used Memory: 513212120 Bytes (707788800)
2026-05-21 12:23:14,746 [INFO] BlockDiagram:2775 - set Specific Code input for plugin: SYS
2026-05-21 12:23:14,746 [INFO] BlockDiagram:2775 - set Specific Code input for plugin: ADC
2026-05-21 12:23:14,748 [INFO] BlockDiagram:2775 - set Specific Code input for plugin: RCC
2026-05-21 12:23:14,748 [INFO] BlockDiagram:2775 - set Specific Code input for plugin: HRTIM
2026-05-21 12:23:14,748 [INFO] BlockDiagram:2775 - set Specific Code input for plugin: NVIC
2026-05-21 12:23:14,748 [INFO] BlockDiagram:2775 - set Specific Code input for plugin: GPIO
2026-05-21 12:23:14,751 [INFO] CodeGenerator:892 - code generatio: config db path: C:\ST\STM32CubeIDE_1.19.0\STM32CubeIDE\plugins\com.st.stm32cube.common.mx_6.15.0.202507011659\\db\
2026-05-21 12:23:15,478 [INFO] CodeEngine:265 - oldGeneratedFile, C:\Users\Александра\Documents\hrtim_test_pwm_1_signal\test_hrtim1\MXTmpFiles\license.tmp_save
2026-05-21 12:23:16,128 [INFO] CodeEngine:289 - Generated code: C:\Users\Александра\Documents\hrtim_test_pwm_1_signal\test_hrtim1\MXTmpFiles\license.tmp
2026-05-21 12:23:16,336 [INFO] CodeEngine:265 - oldGeneratedFile, C:\Users\Александра\Documents\hrtim_test_pwm_1_signal\test_hrtim1\MXTmpFiles\gpio.tmp_save
2026-05-21 12:23:16,535 [INFO] CodeEngine:289 - Generated code: C:\Users\Александра\Documents\hrtim_test_pwm_1_signal\test_hrtim1\MXTmpFiles\gpio.tmp
2026-05-21 12:23:18,298 [INFO] CodeEngine:265 - oldGeneratedFile, C:\Users\Александра\Documents\hrtim_test_pwm_1_signal\test_hrtim1\Core\Src\stm32g4xx_it.c_save
2026-05-21 12:23:18,505 [INFO] CodeEngine:289 - Generated code: C:\Users\Александра\Documents\hrtim_test_pwm_1_signal\test_hrtim1\Core\Src\stm32g4xx_it.c
2026-05-21 12:23:18,516 [INFO] CodeEngine:265 - oldGeneratedFile, C:\Users\Александра\Documents\hrtim_test_pwm_1_signal\test_hrtim1\Core\Inc\stm32g4xx_it.h_save
2026-05-21 12:23:18,634 [INFO] CodeEngine:289 - Generated code: C:\Users\Александра\Documents\hrtim_test_pwm_1_signal\test_hrtim1\Core\Inc\stm32g4xx_it.h
2026-05-21 12:23:18,668 [INFO] CodeEngine:265 - oldGeneratedFile, C:\Users\Александра\Documents\hrtim_test_pwm_1_signal\test_hrtim1\Core\Src\stm32g4xx_hal_msp.c_save
2026-05-21 12:23:18,910 [INFO] CodeEngine:289 - Generated code: C:\Users\Александра\Documents\hrtim_test_pwm_1_signal\test_hrtim1\Core\Src\stm32g4xx_hal_msp.c
2026-05-21 12:23:18,920 [INFO] CodeEngine:265 - oldGeneratedFile, C:\Users\Александра\Documents\hrtim_test_pwm_1_signal\test_hrtim1\MXTmpFiles\system.tmp_save
2026-05-21 12:23:19,005 [INFO] CodeEngine:289 - Generated code: C:\Users\Александра\Documents\hrtim_test_pwm_1_signal\test_hrtim1\MXTmpFiles\system.tmp
2026-05-21 12:23:19,027 [INFO] CodeEngine:321 - oldGeneratedFile, C:\Users\Александра\Documents\hrtim_test_pwm_1_signal\test_hrtim1\Core\Inc\stm32g4xx_hal_conf.h_save
2026-05-21 12:23:19,149 [INFO] CodeEngine:345 - Generated code: C:\Users\Александра\Documents\hrtim_test_pwm_1_signal\test_hrtim1\Core\Inc\stm32g4xx_hal_conf.h
2026-05-21 12:23:19,188 [WARN] IPConfigManager:3238 - Warning: the RefConfig RCC_CommonPeriphClockConfig is not available in your config.xml file
2026-05-21 12:23:19,204 [INFO] ApiDbMcu:532 - Load IP Config File for ADC1
2026-05-21 12:23:19,291 [INFO] ApiDbMcu:532 - Load IP Config File for HRTIM1
2026-05-21 12:23:19,298 [INFO] ApiDbMcu:532 - Load IP Config File for RCC
2026-05-21 12:23:19,327 [INFO] CodeEngine:265 - oldGeneratedFile, C:\Users\Александра\Documents\hrtim_test_pwm_1_signal\test_hrtim1\Core\Inc\main.h_save
2026-05-21 12:23:19,497 [INFO] CodeEngine:289 - Generated code: C:\Users\Александра\Documents\hrtim_test_pwm_1_signal\test_hrtim1\Core\Inc\main.h
2026-05-21 12:23:19,510 [INFO] CodeEngine:265 - oldGeneratedFile, C:\Users\Александра\Documents\hrtim_test_pwm_1_signal\test_hrtim1\Core\Src\main.c_save
2026-05-21 12:23:19,863 [INFO] CodeEngine:289 - Generated code: C:\Users\Александра\Documents\hrtim_test_pwm_1_signal\test_hrtim1\Core\Src\main.c
2026-05-21 12:23:20,601 [INFO] ProjectBuilder:3606 - Time for Copy HAL[1] : 339mS.
2026-05-21 12:23:20,610 [INFO] ProjectBuilder:5216 - Project Generator version: 4.7.0-B52
2026-05-21 12:23:20,820 [INFO] ConfigFileManager:1595 - The Die is : DIE469
2026-05-21 12:23:20,829 [INFO] ApiDbMcu:532 - Load IP Config File for FATFS
2026-05-21 12:23:20,837 [INFO] ApiDbMcu:532 - Load IP Config File for FREERTOS
2026-05-21 12:23:20,849 [INFO] ApiDbMcu:532 - Load IP Config File for USBPD
2026-05-21 12:23:20,868 [INFO] ApiDbMcu:532 - Load IP Config File for USB_DEVICE
2026-05-21 12:23:21,625 [INFO] LogOutputStream:77 - [STDOUT_REDIRECT] 
2026-05-21 12:23:23,839 [INFO] ProjectBuilder:5496 - Time for Generating toolchain IDE Files: 3229mS.
2026-05-21 12:23:23,842 [INFO] ProjectBuilder:3463 - Time for Copy CMSIS : 1mS.
2026-05-21 12:23:23,847 [INFO] ProjectBuilder:3463 - Time for Copy CMSIS : 0mS.
2026-05-21 13:33:57,066 [INFO] NvicIntPanel:101 - NVIC parent = com.st.microxplorer.plugins.ip.nvic.MultiNvicIntPanel[,0,0,0x0,invalid,layout=javax.swing.BoxLayout,alignmentX=0.0,alignmentY=0.0,border=,flags=9,maximumSize=,minimumSize=,preferredSize=]
2026-05-21 13:34:02,191 [INFO] NvicIntPanel:101 - NVIC parent = com.st.microxplorer.plugins.ip.nvic.MultiNvicIntPanel[,0,0,0x0,invalid,layout=javax.swing.BoxLayout,alignmentX=0.0,alignmentY=0.0,border=,flags=9,maximumSize=,minimumSize=,preferredSize=]
2026-05-21 13:34:10,031 [INFO] NvicIntPanel:101 - NVIC parent = com.st.microxplorer.plugins.ip.nvic.MultiNvicIntPanel[,0,0,0x0,invalid,layout=javax.swing.BoxLayout,alignmentX=0.0,alignmentY=0.0,border=,flags=9,maximumSize=,minimumSize=,preferredSize=]
2026-05-21 13:34:17,421 [WARN] Mcu:7025 - HRTIM1 Clean up: some unused parameters were removed
2026-05-21 13:34:17,425 [INFO] UtilMem:75 - End SaveConfig() Used Memory: 747062856 Bytes (848297984)
2026-05-21 13:34:20,651 [WARN] Mcu:7025 - HRTIM1 Clean up: some unused parameters were removed
2026-05-21 13:34:20,654 [INFO] UtilMem:75 - End SaveConfig() Used Memory: 761971768 Bytes (848297984)
2026-05-21 13:34:23,847 [WARN] Mcu:7025 - HRTIM1 Clean up: some unused parameters were removed
2026-05-21 13:34:23,852 [INFO] UtilMem:75 - End SaveConfig() Used Memory: 743512920 Bytes (848297984)
2026-05-21 13:34:24,384 [INFO] BlockDiagram:2775 - set Specific Code input for plugin: SYS
2026-05-21 13:34:24,384 [INFO] BlockDiagram:2775 - set Specific Code input for plugin: ADC
2026-05-21 13:34:24,384 [INFO] BlockDiagram:2775 - set Specific Code input for plugin: RCC
2026-05-21 13:34:24,384 [INFO] BlockDiagram:2775 - set Specific Code input for plugin: HRTIM
2026-05-21 13:34:24,384 [INFO] BlockDiagram:2775 - set Specific Code input for plugin: NVIC
2026-05-21 13:34:24,385 [INFO] BlockDiagram:2775 - set Specific Code input for plugin: GPIO
2026-05-21 13:34:24,386 [INFO] CodeGenerator:892 - code generatio: config db path: C:\ST\STM32CubeIDE_1.19.0\STM32CubeIDE\plugins\com.st.stm32cube.common.mx_6.15.0.202507011659\\db\
2026-05-21 13:34:24,620 [INFO] CodeEngine:265 - oldGeneratedFile, C:\Users\Александра\Documents\hrtim_test_pwm_1_signal\test_hrtim1\MXTmpFiles\license.tmp_save
2026-05-21 13:34:25,023 [INFO] CodeEngine:289 - Generated code: C:\Users\Александра\Documents\hrtim_test_pwm_1_signal\test_hrtim1\MXTmpFiles\license.tmp
2026-05-21 13:34:25,127 [INFO] CodeEngine:265 - oldGeneratedFile, C:\Users\Александра\Documents\hrtim_test_pwm_1_signal\test_hrtim1\MXTmpFiles\gpio.tmp_save
2026-05-21 13:34:25,339 [INFO] CodeEngine:289 - Generated code: C:\Users\Александра\Documents\hrtim_test_pwm_1_signal\test_hrtim1\MXTmpFiles\gpio.tmp
2026-05-21 13:34:26,821 [INFO] CodeEngine:265 - oldGeneratedFile, C:\Users\Александра\Documents\hrtim_test_pwm_1_signal\test_hrtim1\Core\Src\stm32g4xx_it.c_save
2026-05-21 13:34:27,104 [INFO] CodeEngine:289 - Generated code: C:\Users\Александра\Documents\hrtim_test_pwm_1_signal\test_hrtim1\Core\Src\stm32g4xx_it.c
2026-05-21 13:34:27,115 [INFO] CodeEngine:265 - oldGeneratedFile, C:\Users\Александра\Documents\hrtim_test_pwm_1_signal\test_hrtim1\Core\Inc\stm32g4xx_it.h_save
2026-05-21 13:34:27,215 [INFO] CodeEngine:289 - Generated code: C:\Users\Александра\Documents\hrtim_test_pwm_1_signal\test_hrtim1\Core\Inc\stm32g4xx_it.h
2026-05-21 13:34:27,248 [INFO] CodeEngine:265 - oldGeneratedFile, C:\Users\Александра\Documents\hrtim_test_pwm_1_signal\test_hrtim1\Core\Src\stm32g4xx_hal_msp.c_save
2026-05-21 13:34:27,439 [INFO] CodeEngine:289 - Generated code: C:\Users\Александра\Documents\hrtim_test_pwm_1_signal\test_hrtim1\Core\Src\stm32g4xx_hal_msp.c
2026-05-21 13:34:27,448 [INFO] CodeEngine:265 - oldGeneratedFile, C:\Users\Александра\Documents\hrtim_test_pwm_1_signal\test_hrtim1\MXTmpFiles\system.tmp_save
2026-05-21 13:34:27,545 [INFO] CodeEngine:289 - Generated code: C:\Users\Александра\Documents\hrtim_test_pwm_1_signal\test_hrtim1\MXTmpFiles\system.tmp
2026-05-21 13:34:27,567 [INFO] CodeEngine:321 - oldGeneratedFile, C:\Users\Александра\Documents\hrtim_test_pwm_1_signal\test_hrtim1\Core\Inc\stm32g4xx_hal_conf.h_save
2026-05-21 13:34:27,665 [INFO] CodeEngine:345 - Generated code: C:\Users\Александра\Documents\hrtim_test_pwm_1_signal\test_hrtim1\Core\Inc\stm32g4xx_hal_conf.h
2026-05-21 13:34:27,687 [WARN] IPConfigManager:3238 - Warning: the RefConfig RCC_CommonPeriphClockConfig is not available in your config.xml file
2026-05-21 13:34:27,706 [INFO] CodeEngine:265 - oldGeneratedFile, C:\Users\Александра\Documents\hrtim_test_pwm_1_signal\test_hrtim1\Core\Inc\main.h_save
2026-05-21 13:34:27,845 [INFO] CodeEngine:289 - Generated code: C:\Users\Александра\Documents\hrtim_test_pwm_1_signal\test_hrtim1\Core\Inc\main.h
2026-05-21 13:34:27,855 [INFO] CodeEngine:265 - oldGeneratedFile, C:\Users\Александра\Documents\hrtim_test_pwm_1_signal\test_hrtim1\Core\Src\main.c_save
2026-05-21 13:34:28,040 [INFO] CodeEngine:289 - Generated code: C:\Users\Александра\Documents\hrtim_test_pwm_1_signal\test_hrtim1\Core\Src\main.c
2026-05-21 13:34:28,608 [INFO] ProjectBuilder:3606 - Time for Copy HAL[1] : 296mS.
2026-05-21 13:34:28,614 [INFO] ProjectBuilder:5216 - Project Generator version: 4.7.0-B52
2026-05-21 13:34:28,745 [INFO] ConfigFileManager:1595 - The Die is : DIE469
2026-05-21 13:34:30,294 [INFO] ProjectBuilder:5496 - Time for Generating toolchain IDE Files: 1681mS.
2026-05-21 13:34:30,295 [INFO] ProjectBuilder:3463 - Time for Copy CMSIS : 0mS.
2026-05-21 13:34:30,299 [INFO] ProjectBuilder:3463 - Time for Copy CMSIS : 0mS.
2026-05-21 13:40:36,258 [INFO] NvicIntPanel:101 - NVIC parent = com.st.microxplorer.plugins.ip.nvic.MultiNvicIntPanel[,0,0,755x319,layout=javax.swing.BoxLayout,alignmentX=0.0,alignmentY=0.0,border=,flags=9,maximumSize=,minimumSize=,preferredSize=]
2026-05-21 15:22:33,915 [INFO] NvicIntPanel:101 - NVIC parent = com.st.microxplorer.plugins.ip.nvic.MultiNvicIntPanel[,0,0,0x0,invalid,layout=javax.swing.BoxLayout,alignmentX=0.0,alignmentY=0.0,border=,flags=9,maximumSize=,minimumSize=,preferredSize=]
2026-05-21 15:22:42,759 [INFO] NvicIntPanel:101 - NVIC parent = com.st.microxplorer.plugins.ip.nvic.MultiNvicIntPanel[,0,0,0x0,invalid,layout=javax.swing.BoxLayout,alignmentX=0.0,alignmentY=0.0,border=,flags=9,maximumSize=,minimumSize=,preferredSize=]
2026-05-21 15:22:51,005 [WARN] Mcu:7025 - HRTIM1 Clean up: some unused parameters were removed
2026-05-21 15:22:51,009 [INFO] UtilMem:75 - End SaveConfig() Used Memory: 646705400 Bytes (860880896)
2026-05-21 15:22:53,505 [WARN] Mcu:7025 - HRTIM1 Clean up: some unused parameters were removed
2026-05-21 15:22:53,508 [INFO] UtilMem:75 - End SaveConfig() Used Memory: 733033624 Bytes (860880896)
2026-05-21 15:22:57,974 [WARN] Mcu:7025 - HRTIM1 Clean up: some unused parameters were removed
2026-05-21 15:22:57,978 [INFO] UtilMem:75 - End SaveConfig() Used Memory: 602135792 Bytes (860880896)
2026-05-21 15:22:58,484 [INFO] BlockDiagram:2775 - set Specific Code input for plugin: SYS
2026-05-21 15:22:58,485 [INFO] BlockDiagram:2775 - set Specific Code input for plugin: ADC
2026-05-21 15:22:58,485 [INFO] BlockDiagram:2775 - set Specific Code input for plugin: RCC
2026-05-21 15:22:58,485 [INFO] BlockDiagram:2775 - set Specific Code input for plugin: HRTIM
2026-05-21 15:22:58,485 [INFO] BlockDiagram:2775 - set Specific Code input for plugin: NVIC
2026-05-21 15:22:58,486 [INFO] BlockDiagram:2775 - set Specific Code input for plugin: GPIO
2026-05-21 15:22:58,489 [INFO] CodeGenerator:892 - code generatio: config db path: C:\ST\STM32CubeIDE_1.19.0\STM32CubeIDE\plugins\com.st.stm32cube.common.mx_6.15.0.202507011659\\db\
2026-05-21 15:22:58,776 [INFO] CodeEngine:265 - oldGeneratedFile, C:\Users\Александра\Documents\hrtim_test_pwm_1_signal\test_hrtim1\MXTmpFiles\license.tmp_save
2026-05-21 15:22:59,313 [INFO] CodeEngine:289 - Generated code: C:\Users\Александра\Documents\hrtim_test_pwm_1_signal\test_hrtim1\MXTmpFiles\license.tmp
2026-05-21 15:22:59,413 [INFO] CodeEngine:265 - oldGeneratedFile, C:\Users\Александра\Documents\hrtim_test_pwm_1_signal\test_hrtim1\MXTmpFiles\gpio.tmp_save
2026-05-21 15:22:59,638 [INFO] CodeEngine:289 - Generated code: C:\Users\Александра\Documents\hrtim_test_pwm_1_signal\test_hrtim1\MXTmpFiles\gpio.tmp
2026-05-21 15:23:01,865 [INFO] CodeEngine:265 - oldGeneratedFile, C:\Users\Александра\Documents\hrtim_test_pwm_1_signal\test_hrtim1\Core\Src\stm32g4xx_it.c_save
2026-05-21 15:23:02,252 [INFO] CodeEngine:289 - Generated code: C:\Users\Александра\Documents\hrtim_test_pwm_1_signal\test_hrtim1\Core\Src\stm32g4xx_it.c
2026-05-21 15:23:02,273 [INFO] CodeEngine:265 - oldGeneratedFile, C:\Users\Александра\Documents\hrtim_test_pwm_1_signal\test_hrtim1\Core\Inc\stm32g4xx_it.h_save
2026-05-21 15:23:02,443 [INFO] CodeEngine:289 - Generated code: C:\Users\Александра\Documents\hrtim_test_pwm_1_signal\test_hrtim1\Core\Inc\stm32g4xx_it.h
2026-05-21 15:23:02,482 [INFO] CodeEngine:265 - oldGeneratedFile, C:\Users\Александра\Documents\hrtim_test_pwm_1_signal\test_hrtim1\Core\Src\stm32g4xx_hal_msp.c_save
2026-05-21 15:23:02,778 [INFO] CodeEngine:289 - Generated code: C:\Users\Александра\Documents\hrtim_test_pwm_1_signal\test_hrtim1\Core\Src\stm32g4xx_hal_msp.c
2026-05-21 15:23:02,792 [INFO] CodeEngine:265 - oldGeneratedFile, C:\Users\Александра\Documents\hrtim_test_pwm_1_signal\test_hrtim1\MXTmpFiles\system.tmp_save
2026-05-21 15:23:02,895 [INFO] CodeEngine:289 - Generated code: C:\Users\Александра\Documents\hrtim_test_pwm_1_signal\test_hrtim1\MXTmpFiles\system.tmp
2026-05-21 15:23:02,914 [INFO] CodeEngine:321 - oldGeneratedFile, C:\Users\Александра\Documents\hrtim_test_pwm_1_signal\test_hrtim1\Core\Inc\stm32g4xx_hal_conf.h_save
2026-05-21 15:23:03,006 [INFO] CodeEngine:345 - Generated code: C:\Users\Александра\Documents\hrtim_test_pwm_1_signal\test_hrtim1\Core\Inc\stm32g4xx_hal_conf.h
2026-05-21 15:23:03,031 [WARN] IPConfigManager:3238 - Warning: the RefConfig RCC_CommonPeriphClockConfig is not available in your config.xml file
2026-05-21 15:23:03,047 [INFO] CodeEngine:265 - oldGeneratedFile, C:\Users\Александра\Documents\hrtim_test_pwm_1_signal\test_hrtim1\Core\Inc\main.h_save
2026-05-21 15:23:03,191 [INFO] CodeEngine:289 - Generated code: C:\Users\Александра\Documents\hrtim_test_pwm_1_signal\test_hrtim1\Core\Inc\main.h
2026-05-21 15:23:03,201 [INFO] CodeEngine:265 - oldGeneratedFile, C:\Users\Александра\Documents\hrtim_test_pwm_1_signal\test_hrtim1\Core\Src\main.c_save
2026-05-21 15:23:03,356 [INFO] CodeEngine:289 - Generated code: C:\Users\Александра\Documents\hrtim_test_pwm_1_signal\test_hrtim1\Core\Src\main.c
2026-05-21 15:23:03,941 [INFO] ProjectBuilder:3606 - Time for Copy HAL[1] : 365mS.
2026-05-21 15:23:03,945 [INFO] ProjectBuilder:5216 - Project Generator version: 4.7.0-B52
2026-05-21 15:23:04,089 [INFO] ConfigFileManager:1595 - The Die is : DIE469
2026-05-21 15:23:05,929 [INFO] ProjectBuilder:5496 - Time for Generating toolchain IDE Files: 1984mS.
2026-05-21 15:23:05,931 [INFO] ProjectBuilder:3463 - Time for Copy CMSIS : 0mS.
2026-05-21 15:23:05,935 [INFO] ProjectBuilder:3463 - Time for Copy CMSIS : 0mS.
