2026-05-19 17:05:42,091 [INFO] Activator:176 - 


2026-05-19 17:05:42,093 [INFO] Activator:177 - !SESSION log4j initialized
2026-05-19 17:05:45,447 [INFO] LogOutputStream:77 - [STDOUT_REDIRECT] 
2026-05-19 17:05:48,532 [INFO] ApplicationProperties:184 - Using Application install path: C:\ST\STM32CubeIDE_1.19.0\STM32CubeIDE\plugins\com.st.stm32cube.common.mx_6.15.0.202507011659
2026-05-19 17:05:48,563 [INFO] DbMcusXml:78 - Set database path to: C:\ST\STM32CubeIDE_1.19.0\STM32CubeIDE\plugins\com.st.stm32cube.common.mx_6.15.0.202507011659\\db\/mcu/
2026-05-19 17:05:48,564 [INFO] ApiDb:274 - Set plugin database path to: C:\ST\STM32CubeIDE_1.19.0\STM32CubeIDE\plugins\com.st.stm32cube.common.mx_6.15.0.202507011659\\db\/plugins/boardmanager/
2026-05-19 17:05:48,565 [WARN] ApiDb:259 - Overriding images path with different value:  => C:\ST\STM32CubeIDE_1.19.0\STM32CubeIDE\plugins\com.st.stm32cube.common.mx_6.15.0.202507011659\\db\/plugins/mcufinder/images/
2026-05-19 17:05:48,575 [INFO] ApiDb:250 - Set database path to: C:\Users\Александра\.stmcufinder\plugins\mcufinder//mcu/
2026-05-19 17:05:48,577 [INFO] DbMcusAds:125 - Set database path to: C:\Users\Александра\.stmcufinder\plugins\mcufinder//mcu/
2026-05-19 17:05:48,582 [INFO] CrossReferenceDbSqlite:203 - Set database path to: C:\Users\Александра\.stmcufinder\plugins\mcufinder//mcu/cs/
2026-05-19 17:05:48,751 [INFO] RulesReader:64 - Compatibility file has been processed (317 Rules)
2026-05-19 17:05:48,868 [INFO] DbMcusXml:78 - Set database path to: C:\ST\STM32CubeIDE_1.19.0\STM32CubeIDE\plugins\com.st.stm32cube.common.mx_6.15.0.202507011659\\db\/mcu/
2026-05-19 17:05:48,868 [INFO] ApiDb:274 - Set plugin database path to: C:\ST\STM32CubeIDE_1.19.0\STM32CubeIDE\plugins\com.st.stm32cube.common.mx_6.15.0.202507011659\\db\/plugins/boardmanager/
2026-05-19 17:05:48,868 [INFO] ApiDb:261 - Set plugin images path to: C:\ST\STM32CubeIDE_1.19.0\STM32CubeIDE\plugins\com.st.stm32cube.common.mx_6.15.0.202507011659\\db\/plugins/mcufinder/images/
2026-05-19 17:05:48,869 [WARN] DbFile:41 - Overriding database path with different value: C:\Users\Александра\.stmcufinder\plugins\mcufinder/ => C:\Users\Александра\.stmcufinder\plugins\mcufinder
2026-05-19 17:05:48,869 [INFO] ApiDb:250 - Set database path to: C:\Users\Александра\.stmcufinder\plugins\mcufinder//mcu/
2026-05-19 17:05:48,869 [WARN] DbFile:41 - Overriding database path with different value: C:\Users\Александра\.stmcufinder\plugins\mcufinder/ => C:\Users\Александра\.stmcufinder\plugins\mcufinder
2026-05-19 17:05:48,869 [INFO] DbMcusAds:125 - Set database path to: C:\Users\Александра\.stmcufinder\plugins\mcufinder//mcu/
2026-05-19 17:05:48,869 [WARN] DbFile:41 - Overriding database path with different value: C:\Users\Александра\.stmcufinder\plugins\mcufinder/ => C:\Users\Александра\.stmcufinder\plugins\mcufinder
2026-05-19 17:05:48,869 [WARN] DbFile:41 - Overriding database path with different value: C:\Users\Александра\.stmcufinder\plugins\mcufinder/ => C:\Users\Александра\.stmcufinder\plugins\mcufinder
2026-05-19 17:05:48,870 [INFO] CrossReferenceDbSqlite:203 - Set database path to: C:\Users\Александра\.stmcufinder\plugins\mcufinder//mcu/cs/
2026-05-19 17:05:48,986 [INFO] MainPanel:274 - HeapMemory: 268435456
2026-05-19 17:05:49,159 [INFO] DbMcusXml:78 - Set database path to: C:\ST\STM32CubeIDE_1.19.0\STM32CubeIDE\plugins\com.st.stm32cube.common.mx_6.15.0.202507011659\\db\/mcu/
2026-05-19 17:05:49,159 [INFO] ApiDb:274 - Set plugin database path to: C:\ST\STM32CubeIDE_1.19.0\STM32CubeIDE\plugins\com.st.stm32cube.common.mx_6.15.0.202507011659\\db\/plugins/boardmanager/
2026-05-19 17:05:49,159 [INFO] ApiDb:261 - Set plugin images path to: C:\ST\STM32CubeIDE_1.19.0\STM32CubeIDE\plugins\com.st.stm32cube.common.mx_6.15.0.202507011659\\db\/plugins/mcufinder/images/
2026-05-19 17:05:49,160 [WARN] DbFile:41 - Overriding database path with different value: C:\Users\Александра\.stmcufinder\plugins\mcufinder/ => C:\Users\Александра\.stmcufinder\plugins\mcufinder
2026-05-19 17:05:49,160 [INFO] ApiDb:250 - Set database path to: C:\Users\Александра\.stmcufinder\plugins\mcufinder//mcu/
2026-05-19 17:05:49,160 [WARN] DbFile:41 - Overriding database path with different value: C:\Users\Александра\.stmcufinder\plugins\mcufinder/ => C:\Users\Александра\.stmcufinder\plugins\mcufinder
2026-05-19 17:05:49,160 [INFO] DbMcusAds:125 - Set database path to: C:\Users\Александра\.stmcufinder\plugins\mcufinder//mcu/
2026-05-19 17:05:49,160 [WARN] DbFile:41 - Overriding database path with different value: C:\Users\Александра\.stmcufinder\plugins\mcufinder/ => C:\Users\Александра\.stmcufinder\plugins\mcufinder
2026-05-19 17:05:49,160 [WARN] DbFile:41 - Overriding database path with different value: C:\Users\Александра\.stmcufinder\plugins\mcufinder/ => C:\Users\Александра\.stmcufinder\plugins\mcufinder
2026-05-19 17:05:49,161 [INFO] CrossReferenceDbSqlite:203 - Set database path to: C:\Users\Александра\.stmcufinder\plugins\mcufinder//mcu/cs/
2026-05-19 17:05:49,192 [INFO] ApplicationProperties:184 - Using Application install path: C:\ST\STM32CubeIDE_1.19.0\STM32CubeIDE\plugins\com.st.stm32cube.common.mx_6.15.0.202507011659
2026-05-19 17:05:49,194 [INFO] PluginManage:196 - Search for loadable plugins [exclusion list=, ]
2026-05-19 17:05:49,196 [INFO] PluginManage:310 - Check plugin analytics
2026-05-19 17:05:49,534 [INFO] AnalyticsPlugin:253 - Accepted Software Licenses: STM32CubeMX.6.15.0,STM32CubeMX.6.13.0,STM32CubeMX.6.12.0
2026-05-19 17:05:49,534 [INFO] AnalyticsPlugin:255 - Accepted CMSIS Pack Licenses: 
2026-05-19 17:05:49,535 [INFO] AnalyticsPlugin:257 - Accepted Firmware Licenses: FW.F4.1.28.0,FW.F7.1.17.0,FW.G0.1.6.0,FW.G4.1.6.0,FW.H5.1.3.0,FW.H7.1.11.0,FW.L4.1.18.0,FW.L5.1.5.0,FW.U5.1.6.0,FW.WB.1.20.0
2026-05-19 17:05:49,540 [INFO] PluginManage:359 - Loaded plugin analytics (category:tool,tabindex:-1)
2026-05-19 17:05:49,541 [INFO] PluginManage:310 - Check plugin cadmodel
2026-05-19 17:05:49,550 [INFO] CADModel:105 - Init CAD model plugin
2026-05-19 17:05:49,550 [INFO] PluginManage:359 - Loaded plugin cadmodel (category:power,tabindex:5)
2026-05-19 17:05:49,551 [INFO] PluginManage:310 - Check plugin clock
2026-05-19 17:05:49,570 [INFO] PluginManage:359 - Loaded plugin clock (category:base,tabindex:2)
2026-05-19 17:05:49,570 [INFO] PluginManage:310 - Check plugin ddr
2026-05-19 17:05:49,575 [INFO] PluginManage:359 - Loaded plugin ddr (category:tool,tabindex:6)
2026-05-19 17:05:49,575 [INFO] PluginManage:310 - Check plugin filemanager
2026-05-19 17:05:49,881 [INFO] PluginManage:359 - Loaded plugin filemanager (category:base,tabindex:10)
2026-05-19 17:05:49,881 [INFO] PluginManage:310 - Check plugin ipmanager
2026-05-19 17:05:49,894 [INFO] PluginManage:359 - Loaded plugin ipmanager (category:base,tabindex:5)
2026-05-19 17:05:49,894 [INFO] PluginManage:310 - Check plugin lpbam
2026-05-19 17:05:49,904 [INFO] PluginManage:359 - Loaded plugin lpbam (category:base,tabindex:0)
2026-05-19 17:05:49,905 [INFO] PluginManage:310 - Check plugin memorymap
2026-05-19 17:05:49,926 [INFO] PluginManage:359 - Loaded plugin memorymap (category:base,tabindex:4)
2026-05-19 17:05:49,926 [INFO] PluginManage:310 - Check plugin pinoutandconfiguration
2026-05-19 17:05:49,941 [INFO] PluginManage:359 - Loaded plugin pinoutandconfiguration (category:base,tabindex:1)
2026-05-19 17:05:49,941 [INFO] PluginManage:310 - Check plugin pinoutconfig
2026-05-19 17:05:50,152 [WARN] SupportedApi:132 - Cannot load RTOS API schema: s4s-elt-must-match.1: The content of 'definitions' must match (annotation?, (simpleType | complexType)?, (unique | key | keyref)*)). A problem was found starting at: attribute.
2026-05-19 17:05:50,433 [INFO] PluginManage:359 - Loaded plugin pinoutconfig (category:base,tabindex:0)
2026-05-19 17:05:50,434 [INFO] PluginManage:310 - Check plugin power
2026-05-19 17:05:50,448 [INFO] PluginManage:359 - Loaded plugin power (category:power,tabindex:4)
2026-05-19 17:05:50,449 [INFO] PluginManage:310 - Check plugin projectmanager
2026-05-19 17:05:50,477 [INFO] PluginManage:359 - Loaded plugin projectmanager (category:projectmanager,tabindex:4)
2026-05-19 17:05:50,478 [INFO] PluginManage:310 - Check plugin rif
2026-05-19 17:05:50,493 [INFO] PluginManage:359 - Loaded plugin rif (category:base,tabindex:3)
2026-05-19 17:05:50,494 [INFO] PluginManage:310 - Check plugin thirdparty
2026-05-19 17:05:50,680 [INFO] PluginManage:359 - Loaded plugin thirdparty (category:base,tabindex:-1)
2026-05-19 17:05:50,681 [INFO] PluginManage:310 - Check plugin tools
2026-05-19 17:05:50,680 [WARN] IntegrityCheckThread:84 - waiting for thirdparty lock release [integrity check]
2026-05-19 17:05:50,681 [INFO] IntegrityCheckThread:86 - entering critical section [integrity check]
2026-05-19 17:05:50,681 [INFO] ThirdPartyUpdaterWithRetryManager:70 - Updater plugin not ready yet. [1/15]
2026-05-19 17:05:50,684 [INFO] PluginManage:359 - Loaded plugin tools (category:base,tabindex:7)
2026-05-19 17:05:50,685 [INFO] PluginManage:310 - Check plugin tutovideos
2026-05-19 17:05:50,964 [INFO] PluginManage:359 - Loaded plugin tutovideos (category:base,tabindex:-1)
2026-05-19 17:05:50,964 [INFO] PluginManage:310 - Check plugin updater
2026-05-19 17:05:50,996 [INFO] PluginManage:359 - Loaded plugin updater (category:base,tabindex:12)
2026-05-19 17:05:50,996 [INFO] PluginManage:310 - Check plugin userauth
2026-05-19 17:05:51,002 [INFO] UserAuth:118 - Init User Auth plugin
2026-05-19 17:05:51,003 [INFO] PluginManage:359 - Loaded plugin userauth (category:base,tabindex:14)
2026-05-19 17:05:51,003 [INFO] PluginManage:283 - PluginManage : Loaded plugins [18]
2026-05-19 17:05:51,285 [INFO] PinOutPanel:1589 - setPackage(No Configuration,No Configuration)
2026-05-19 17:05:51,379 [INFO] CADModel:165 - CPN selected for project level
2026-05-19 17:05:51,380 [INFO] CADModel:114 - Register for checkConnection events
2026-05-19 17:05:51,398 [INFO] IPUIPlugin:80 - create IPUIPlugin
2026-05-19 17:05:51,398 [INFO] PluginManager:220 - loadIPPluginJar : add adc
2026-05-19 17:05:51,402 [INFO] IPUIPlugin:80 - create IPUIPlugin
2026-05-19 17:05:51,402 [INFO] PluginManager:220 - loadIPPluginJar : add aes
2026-05-19 17:05:51,406 [INFO] IPUIPlugin:80 - create IPUIPlugin
2026-05-19 17:05:51,406 [INFO] PluginManager:220 - loadIPPluginJar : add can
2026-05-19 17:05:51,408 [INFO] IPUIPlugin:80 - create IPUIPlugin
2026-05-19 17:05:51,409 [INFO] PluginManager:220 - loadIPPluginJar : add comp
2026-05-19 17:05:51,411 [INFO] IPUIPlugin:80 - create IPUIPlugin
2026-05-19 17:05:51,412 [INFO] PluginManager:220 - loadIPPluginJar : add cryp
2026-05-19 17:05:51,416 [INFO] IPUIPlugin:80 - create IPUIPlugin
2026-05-19 17:05:51,417 [INFO] PluginManager:220 - loadIPPluginJar : add ddr_ctrl_phy
2026-05-19 17:05:51,420 [INFO] IPUIPlugin:80 - create IPUIPlugin
2026-05-19 17:05:51,420 [INFO] PluginManager:220 - loadIPPluginJar : add dfsdm
2026-05-19 17:05:51,426 [INFO] IPUIPlugin:80 - create IPUIPlugin
2026-05-19 17:05:51,426 [INFO] PluginManager:220 - loadIPPluginJar : add dma
2026-05-19 17:05:51,431 [INFO] IPUIPlugin:80 - create IPUIPlugin
2026-05-19 17:05:51,431 [INFO] PluginManager:220 - loadIPPluginJar : add dma3
2026-05-19 17:05:51,434 [INFO] IPUIPlugin:80 - create IPUIPlugin
2026-05-19 17:05:51,435 [INFO] PluginManager:220 - loadIPPluginJar : add extmemmanager
2026-05-19 17:05:51,437 [INFO] IPUIPlugin:80 - create IPUIPlugin
2026-05-19 17:05:51,437 [INFO] PluginManager:220 - loadIPPluginJar : add fatfs
2026-05-19 17:05:51,444 [INFO] IPUIPlugin:80 - create IPUIPlugin
2026-05-19 17:05:51,444 [INFO] PluginManager:220 - loadIPPluginJar : add fmc
2026-05-19 17:05:51,454 [INFO] IPUIPlugin:80 - create IPUIPlugin
2026-05-19 17:05:51,455 [INFO] PluginManager:220 - loadIPPluginJar : add freertos
2026-05-19 17:05:51,457 [INFO] IPUIPlugin:80 - create IPUIPlugin
2026-05-19 17:05:51,457 [INFO] PluginManager:220 - loadIPPluginJar : add genericplugin
2026-05-19 17:05:51,460 [INFO] IPUIPlugin:80 - create IPUIPlugin
2026-05-19 17:05:51,460 [INFO] PluginManager:220 - loadIPPluginJar : add gfxmmu
2026-05-19 17:05:51,466 [INFO] IPUIPlugin:80 - create IPUIPlugin
2026-05-19 17:05:51,467 [INFO] PluginManager:220 - loadIPPluginJar : add gic
2026-05-19 17:05:51,471 [INFO] IPUIPlugin:80 - create IPUIPlugin
2026-05-19 17:05:51,471 [INFO] PluginManager:220 - loadIPPluginJar : add gpio
2026-05-19 17:05:51,476 [INFO] IPUIPlugin:80 - create IPUIPlugin
2026-05-19 17:05:51,476 [INFO] PluginManager:220 - loadIPPluginJar : add gtzc
2026-05-19 17:05:51,480 [INFO] IPUIPlugin:80 - create IPUIPlugin
2026-05-19 17:05:51,481 [INFO] PluginManager:220 - loadIPPluginJar : add hash
2026-05-19 17:05:51,484 [INFO] IPUIPlugin:80 - create IPUIPlugin
2026-05-19 17:05:51,485 [INFO] PluginManager:220 - loadIPPluginJar : add i2c
2026-05-19 17:05:51,489 [INFO] IPUIPlugin:80 - create IPUIPlugin
2026-05-19 17:05:51,489 [INFO] PluginManager:220 - loadIPPluginJar : add i2s
2026-05-19 17:05:51,492 [INFO] IPUIPlugin:80 - create IPUIPlugin
2026-05-19 17:05:51,493 [INFO] PluginManager:220 - loadIPPluginJar : add i3c
2026-05-19 17:05:51,497 [INFO] IPUIPlugin:80 - create IPUIPlugin
2026-05-19 17:05:51,497 [INFO] PluginManager:220 - loadIPPluginJar : add ipddr
2026-05-19 17:05:51,506 [INFO] IPUIPlugin:80 - create IPUIPlugin
2026-05-19 17:05:51,506 [INFO] PluginManager:220 - loadIPPluginJar : add linkedlist
2026-05-19 17:05:51,510 [INFO] IPUIPlugin:80 - create IPUIPlugin
2026-05-19 17:05:51,511 [INFO] PluginManager:220 - loadIPPluginJar : add lorawan
2026-05-19 17:05:51,513 [INFO] IPUIPlugin:80 - create IPUIPlugin
2026-05-19 17:05:51,513 [INFO] PluginManager:220 - loadIPPluginJar : add ltdc
2026-05-19 17:05:51,519 [INFO] IPUIPlugin:80 - create IPUIPlugin
2026-05-19 17:05:51,520 [INFO] PluginManager:220 - loadIPPluginJar : add mdma
2026-05-19 17:05:51,524 [INFO] IPUIPlugin:80 - create IPUIPlugin
2026-05-19 17:05:51,524 [INFO] PluginManager:220 - loadIPPluginJar : add nvic
2026-05-19 17:05:51,528 [INFO] IPUIPlugin:80 - create IPUIPlugin
2026-05-19 17:05:51,528 [INFO] PluginManager:220 - loadIPPluginJar : add opamp
2026-05-19 17:05:51,533 [INFO] IPUIPlugin:80 - create IPUIPlugin
2026-05-19 17:05:51,533 [INFO] PluginManager:220 - loadIPPluginJar : add openamp
2026-05-19 17:05:51,538 [INFO] IPUIPlugin:80 - create IPUIPlugin
2026-05-19 17:05:51,539 [INFO] PluginManager:220 - loadIPPluginJar : add pdm2pcm
2026-05-19 17:05:51,546 [INFO] IPUIPlugin:80 - create IPUIPlugin
2026-05-19 17:05:51,550 [INFO] PluginManager:220 - loadIPPluginJar : add plateformsettings
2026-05-19 17:05:51,552 [INFO] IPUIPlugin:80 - create IPUIPlugin
2026-05-19 17:05:51,552 [INFO] PluginManager:220 - loadIPPluginJar : add quadspi
2026-05-19 17:05:51,556 [INFO] IPUIPlugin:80 - create IPUIPlugin
2026-05-19 17:05:51,557 [INFO] PluginManager:220 - loadIPPluginJar : add radio
2026-05-19 17:05:51,564 [INFO] IPUIPlugin:80 - create IPUIPlugin
2026-05-19 17:05:51,564 [INFO] PluginManager:220 - loadIPPluginJar : add resmgrutility
2026-05-19 17:05:51,567 [INFO] IPUIPlugin:80 - create IPUIPlugin
2026-05-19 17:05:51,567 [INFO] PluginManager:220 - loadIPPluginJar : add sai
2026-05-19 17:05:51,570 [INFO] IPUIPlugin:80 - create IPUIPlugin
2026-05-19 17:05:51,571 [INFO] PluginManager:220 - loadIPPluginJar : add spi
2026-05-19 17:05:51,579 [INFO] IPUIPlugin:80 - create IPUIPlugin
2026-05-19 17:05:51,581 [INFO] PluginManager:220 - loadIPPluginJar : add stm32_wpan
2026-05-19 17:05:51,584 [INFO] IPUIPlugin:80 - create IPUIPlugin
2026-05-19 17:05:51,584 [INFO] PluginManager:220 - loadIPPluginJar : add tim
2026-05-19 17:05:51,589 [INFO] IPUIPlugin:80 - create IPUIPlugin
2026-05-19 17:05:51,589 [INFO] PluginManager:220 - loadIPPluginJar : add touchsensing
2026-05-19 17:05:51,592 [INFO] IPUIPlugin:80 - create IPUIPlugin
2026-05-19 17:05:51,592 [INFO] PluginManager:220 - loadIPPluginJar : add tracer_emb
2026-05-19 17:05:51,597 [INFO] IPUIPlugin:80 - create IPUIPlugin
2026-05-19 17:05:51,597 [INFO] PluginManager:220 - loadIPPluginJar : add ts
2026-05-19 17:05:51,600 [INFO] IPUIPlugin:80 - create IPUIPlugin
2026-05-19 17:05:51,600 [INFO] PluginManager:220 - loadIPPluginJar : add tsc
2026-05-19 17:05:51,603 [INFO] IPUIPlugin:80 - create IPUIPlugin
2026-05-19 17:05:51,603 [INFO] PluginManager:220 - loadIPPluginJar : add ucpd
2026-05-19 17:05:51,607 [INFO] IPUIPlugin:80 - create IPUIPlugin
2026-05-19 17:05:51,608 [INFO] PluginManager:220 - loadIPPluginJar : add usart
2026-05-19 17:05:51,613 [INFO] IPUIPlugin:80 - create IPUIPlugin
2026-05-19 17:05:51,613 [INFO] PluginManager:220 - loadIPPluginJar : add usbx
2026-05-19 17:05:51,773 [FATAL] Updater:351 - Updater called before beeing initialized
2026-05-19 17:05:51,813 [INFO] RulesReader:64 - Compatibility file has been processed (317 Rules)
2026-05-19 17:05:51,828 [INFO] RulesReader:64 - Compatibility file has been processed (317 Rules)
2026-05-19 17:05:51,845 [INFO] CADModel:165 - CPN selected for project level
2026-05-19 17:05:51,845 [INFO] CADModel:114 - Register for checkConnection events
2026-05-19 17:05:51,845 [FATAL] Updater:351 - Updater called before beeing initialized
2026-05-19 17:05:51,845 [ERROR] CADModel:125 - Updater not yet initialized, retry later 
2026-05-19 17:05:52,068 [FATAL] Updater:351 - Updater called before beeing initialized
2026-05-19 17:05:52,070 [INFO] CADModel:165 - CPN selected for project level
2026-05-19 17:05:52,070 [INFO] CADModel:114 - Register for checkConnection events
2026-05-19 17:05:52,070 [FATAL] Updater:351 - Updater called before beeing initialized
2026-05-19 17:05:52,070 [ERROR] CADModel:125 - Updater not yet initialized, retry later 
2026-05-19 17:05:52,074 [FATAL] Updater:351 - Updater called before beeing initialized
2026-05-19 17:05:52,215 [FATAL] Updater:351 - Updater called before beeing initialized
2026-05-19 17:05:52,221 [INFO] DbMcusAds:53 - JSON generation date=Mon Apr 27 11:14:29 MSK 2026 (1777277669577)
2026-05-19 17:05:52,221 [FATAL] Updater:351 - Updater called before beeing initialized
2026-05-19 17:05:52,272 [WARN] DetailPanel:346 - Failed to get advertising image, set to default
2026-05-19 17:05:52,370 [FATAL] Updater:351 - Updater called before beeing initialized
2026-05-19 17:05:52,371 [FATAL] Updater:351 - Updater called before beeing initialized
2026-05-19 17:05:52,372 [FATAL] Updater:351 - Updater called before beeing initialized
2026-05-19 17:05:52,372 [WARN] DetailPanel:346 - Failed to get advertising image, set to default
2026-05-19 17:05:52,373 [FATAL] Updater:351 - Updater called before beeing initialized
2026-05-19 17:05:52,436 [ERROR] Updater:1198 - MainUpdater not yet initialized. External WinMGr cannot be set.
2026-05-19 17:05:52,441 [INFO] Updater:1134 - Updater Version found : 6.15.0
2026-05-19 17:05:52,460 [INFO] ApplicationProperties:184 - Using Application install path: C:\ST\STM32CubeIDE_1.19.0\STM32CubeIDE\plugins\com.st.stm32cube.common.mx_6.15.0.202507011659
2026-05-19 17:05:52,977 [ERROR] CheckConnectionManager:249 - Problem, Http access forbiden
2026-05-19 17:05:52,981 [INFO] MainUpdater:2872 - connection check result : 22
2026-05-19 17:05:52,982 [INFO] MainUpdater:289 - Updater Check For Update Now.
2026-05-19 17:05:52,983 [INFO] MicroXplorer:498 - Change Database Version : DB.6.0.150
2026-05-19 17:05:52,992 [INFO] McuFinderGlobals:63 - Set McuFinder mode to 2 (CubeIDE integrated)
2026-05-19 17:05:52,994 [INFO] UserAuth:487 - Internet connection configuration mode: 2
2026-05-19 17:05:52,998 [INFO] UserAuth:487 - Internet connection configuration mode: 2
2026-05-19 17:05:53,228 [INFO] CheckServerUpdateThread:120 - End of CheckServer Thread
2026-05-19 17:05:54,105 [WARN] PackLoader:240 - Cannot read IP mode file for STMicroelectronics.X-CUBE-AZRTOS-H7.3.5.0
2026-05-19 17:05:54,153 [WARN] PackLoader:240 - Cannot read IP mode file for STMicroelectronics.FP-SNS-MOTENVWB1.1.4.0
2026-05-19 17:05:54,165 [WARN] PackLoader:240 - Cannot read IP mode file for STMicroelectronics.FP-ATR-ASTRA1.2.0.2
2026-05-19 17:05:54,178 [WARN] PackLoader:240 - Cannot read IP mode file for STMicroelectronics.X-CUBE-SMBUS.2.1.0
2026-05-19 17:05:54,186 [WARN] PackLoader:240 - Cannot read IP mode file for STMicroelectronics.X-CUBE-ST60.1.0.0
2026-05-19 17:05:54,223 [WARN] PackLoader:240 - Cannot read IP mode file for STMicroelectronics.X-CUBE-AZRTOS-F7.1.1.0
2026-05-19 17:05:54,237 [WARN] PackLoader:240 - Cannot read IP mode file for Cesanta.I-CUBE-Mongoose.7.19.0
2026-05-19 17:05:54,247 [WARN] PackLoader:240 - Cannot read IP mode file for STMicroelectronics.FP-SNS-MOTENV1.5.1.0
2026-05-19 17:05:54,265 [WARN] PackLoader:240 - Cannot read IP mode file for WES.I-CUBE-Cesium.1.4.0
2026-05-19 17:05:54,308 [WARN] PackLoader:240 - Cannot read IP mode file for Infineon.AIROC-Wi-Fi-Bluetooth-STM32.1.7.1
2026-05-19 17:05:54,350 [WARN] PackLoader:240 - Cannot read IP mode file for STMicroelectronics.X-CUBE-AZRTOS-H7.3.4.0
2026-05-19 17:05:54,367 [WARN] PackLoader:240 - Cannot read IP mode file for STMicroelectronics.X-CUBE-DISPLAY.3.0.0
2026-05-19 17:05:54,383 [WARN] PackLoader:240 - Cannot read IP mode file for STMicroelectronics.X-CUBE-GNSS1.7.1.1
2026-05-19 17:05:54,390 [WARN] PackLoader:240 - Cannot read IP mode file for STMicroelectronics.FP-SNS-MOTENVWB1.1.5.0
2026-05-19 17:05:54,400 [WARN] PackLoader:240 - Cannot read IP mode file for STMicroelectronics.X-CUBE-NFC10.1.0.0
2026-05-19 17:05:54,409 [WARN] PackLoader:240 - Cannot read IP mode file for STMicroelectronics.X-CUBE-ST60.1.1.0
2026-05-19 17:05:54,419 [WARN] PackLoader:240 - Cannot read IP mode file for emotas.I-CUBE-CANOPEN.1.3.0
2026-05-19 17:05:54,425 [WARN] PackLoader:240 - Cannot read IP mode file for STMicroelectronics.X-CUBE-GNSS1.7.1.0
2026-05-19 17:05:54,439 [WARN] PackLoader:240 - Cannot read IP mode file for STMicroelectronics.FP-SNS-STBOX1.2.1.0
2026-05-19 17:05:54,450 [WARN] PackLoader:240 - Cannot read IP mode file for STMicroelectronics.FP-SNS-SMARTAG2.1.2.0
2026-05-19 17:05:54,457 [WARN] PackLoader:240 - Cannot read IP mode file for STMicroelectronics.FP-SNS-FLIGHT1.5.1.0
2026-05-19 17:05:54,470 [INFO] LogOutputStream:77 - [STDOUT_REDIRECT] 1 : Invalid condition id : UX_CORESTACK_Condition cause : null
2026-05-19 17:05:54,471 [INFO] LogOutputStream:77 - [STDOUT_REDIRECT] 1 : Invalid condition id : UX_CORESTACK_Condition cause : null
2026-05-19 17:05:54,473 [INFO] LogOutputStream:77 - [STDOUT_REDIRECT] 1 : Invalid condition id : UX_CORESTACK_Condition cause : null
2026-05-19 17:05:54,475 [INFO] LogOutputStream:77 - [STDOUT_REDIRECT] 1 : Invalid condition id : UX_CORESTACK_Condition cause : null
2026-05-19 17:05:54,477 [INFO] LogOutputStream:77 - [STDOUT_REDIRECT] 1 : Invalid condition id : UX_CORESTACK_Condition cause : null
2026-05-19 17:05:54,482 [WARN] PackLoader:240 - Cannot read IP mode file for STMicroelectronics.X-CUBE-AZRTOS-WL.2.0.0
2026-05-19 17:05:54,490 [WARN] PackLoader:240 - Cannot read IP mode file for STMicroelectronics.FP-SNS-MOTENV1.5.0.0
2026-05-19 17:05:54,520 [WARN] PackLoader:240 - Cannot read IP mode file for STMicroelectronics.X-CUBE-AZRTOS-H7RS.1.2.0
2026-05-19 17:05:54,532 [WARN] PackLoader:240 - Cannot read IP mode file for STMicroelectronics.X-CUBE-BLE2.3.3.0
2026-05-19 17:05:54,558 [INFO] LogOutputStream:77 - [STDOUT_REDIRECT] [ThirdParty] unknown protocol: c
2026-05-19 17:05:54,558 [WARN] PackLoader:240 - Cannot read IP mode file for Avnet-IOTCONNECT.X-CUBE-iotc-st67-sdk.1.0.0
2026-05-19 17:05:54,568 [WARN] PackLoader:240 - Cannot read IP mode file for STMicroelectronics.X-CUBE-NFC9.1.0.0
2026-05-19 17:05:54,579 [WARN] PackLoader:240 - Cannot read IP mode file for wolfSSL.I-CUBE-wolfSSL.5.8.2
2026-05-19 17:05:54,588 [WARN] PackLoader:240 - Cannot read IP mode file for STMicroelectronics.X-CUBE-BLE1.7.1.0
2026-05-19 17:05:54,595 [WARN] PackLoader:240 - Cannot read IP mode file for wolfSSL.I-CUBE-wolfMQTT.1.19.2
2026-05-19 17:05:54,605 [WARN] PackLoader:240 - Cannot read IP mode file for STMicroelectronics.X-CUBE-FREERTOS.1.4.0
2026-05-19 17:05:54,615 [WARN] PackLoader:240 - Cannot read IP mode file for STMicroelectronics.X-CUBE-EEPRMA1.5.2.0
2026-05-19 17:05:54,628 [WARN] PackLoader:240 - Cannot read IP mode file for STMicroelectronics.X-CUBE-ST67W61.1.1.0
2026-05-19 17:05:54,639 [WARN] PackLoader:240 - Cannot read IP mode file for STMicroelectronics.FP-SNS-STAIOTCFT.1.1.0
2026-05-19 17:05:54,729 [WARN] PackLoader:240 - Cannot read IP mode file for STMicroelectronics.X-CUBE-MEMS1.12.0.0
2026-05-19 17:05:54,921 [WARN] PackLoader:240 - Cannot read IP mode file for STMicroelectronics.X-CUBE-AZRTOS-G0.1.1.0
2026-05-19 17:05:54,934 [WARN] PackLoader:240 - Cannot read IP mode file for STMicroelectronics.X-CUBE-SAFEA1.1.2.2
2026-05-19 17:05:54,945 [WARN] PackLoader:240 - Cannot read IP mode file for STMicroelectronics.X-CUBE-NFC4.3.0.0
2026-05-19 17:05:54,960 [WARN] PackLoader:240 - Cannot read IP mode file for EmbeddedOffice.I-CUBE-FS-RTOS.1.0.1
2026-05-19 17:05:54,969 [WARN] PackLoader:240 - Cannot read IP mode file for STMicroelectronics.X-CUBE-WB05N.2.0.0
2026-05-19 17:05:54,977 [WARN] PackLoader:240 - Cannot read IP mode file for wolfSSL.I-CUBE-wolfTPM.3.8.0
2026-05-19 17:05:54,984 [WARN] PackLoader:240 - Cannot read IP mode file for STMicroelectronics.X-CUBE-TCPP.4.2.0
2026-05-19 17:05:54,995 [WARN] PackLoader:240 - Cannot read IP mode file for RealThread.X-CUBE-RT-Thread_Nano.4.1.1
2026-05-19 17:05:55,002 [WARN] PackLoader:240 - Cannot read IP mode file for STMicroelectronics.FP-ATR-SIGFOX1.3.2.0
2026-05-19 17:05:55,009 [WARN] PackLoader:240 - Cannot read IP mode file for STMicroelectronics.X-CUBE-FREERTOS.1.5.0
2026-05-19 17:05:55,020 [WARN] PackLoader:240 - Cannot read IP mode file for ITTIA_DB.I-CUBE-ITTIADB.8.9.0
2026-05-19 17:05:55,031 [WARN] PackLoader:240 - Cannot read IP mode file for STMicroelectronics.X-CUBE-NFC6.3.2.0
2026-05-19 17:05:55,043 [WARN] PackLoader:240 - Cannot read IP mode file for STMicroelectronics.X-CUBE-ST67W61.1.0.0
2026-05-19 17:05:55,051 [WARN] PackLoader:240 - Cannot read IP mode file for STMicroelectronics.X-CUBE-AI.10.2.0
2026-05-19 17:05:55,108 [WARN] PackLoader:240 - Cannot read IP mode file for STMicroelectronics.X-CUBE-MEMS1.12.1.0
2026-05-19 17:05:55,262 [WARN] PackLoader:240 - Cannot read IP mode file for SEGGER.I-CUBE-embOS.1.3.1
2026-05-19 17:05:55,359 [WARN] PackLoader:240 - Cannot read IP mode file for STMicroelectronics.X-CUBE-ALGOBUILD.1.4.0
2026-05-19 17:05:55,426 [WARN] PackLoader:240 - Cannot read IP mode file for STMicroelectronics.X-CUBE-MEMS1.11.3.0
2026-05-19 17:05:55,561 [WARN] PackLoader:240 - Cannot read IP mode file for STMicroelectronics.X-CUBE-PM33A1.1.0.0
2026-05-19 17:05:55,582 [WARN] PackLoader:240 - Cannot read IP mode file for STMicroelectronics.X-CUBE-AZRTOS-F4.1.1.0
2026-05-19 17:05:55,591 [WARN] PackLoader:240 - Cannot read IP mode file for Avnet-IotConnect.X-CUBE-IoTC-DA16k-PMOD.1.0.0
2026-05-19 17:05:55,597 [WARN] PackLoader:240 - Cannot read IP mode file for STMicroelectronics.X-CUBE-ISPU.2.1.0
2026-05-19 17:05:55,611 [WARN] PackLoader:240 - Cannot read IP mode file for STMicroelectronics.X-CUBE-IPS.3.2.0
2026-05-19 17:05:55,621 [WARN] PackLoader:240 - Cannot read IP mode file for STMicroelectronics.eDS-WB_DPC_TT-BIDIR.2.1.1
2026-05-19 17:05:55,627 [WARN] PackLoader:240 - Cannot read IP mode file for STMicroelectronics.X-CUBE-NFC12.1.0.0
2026-05-19 17:05:55,646 [WARN] PackLoader:240 - Cannot read IP mode file for STMicroelectronics.X-CUBE-AZRTOS-L5.2.0.0
2026-05-19 17:05:55,654 [WARN] PackLoader:240 - Cannot read IP mode file for STMicroelectronics.X-CUBE-NFC6.3.1.0
2026-05-19 17:05:55,661 [WARN] PackLoader:240 - Cannot read IP mode file for STMicroelectronics.eDS-WB_DPC_VIENNA.1.2.0
2026-05-19 17:05:55,667 [WARN] PackLoader:240 - Cannot read IP mode file for STMicroelectronics.eDS-WB_DPC_3PH2L-BIDIR.1.1.1
2026-05-19 17:05:55,673 [ERROR] Engine:466 - C:\Users\Александра\.stm32cubemx\thirdparties\pdsc\STMicroelectronics.X-CUBE-ST67W61.1.3.0.pdsc: PDSC version is not supported
2026-05-19 17:05:55,681 [WARN] PackLoader:240 - Cannot read IP mode file for STMicroelectronics.X-CUBE-FREERTOS.1.3.1
2026-05-19 17:05:55,688 [WARN] PackLoader:240 - Cannot read IP mode file for STMicroelectronics.X-CUBE-TOUCHGFX.4.26.0
2026-05-19 17:05:55,692 [WARN] PackLoader:240 - Cannot read IP mode file for STMicroelectronics.X-CUBE-TOUCHGFX.4.26.1
2026-05-19 17:05:55,699 [WARN] PackLoader:240 - Cannot read IP mode file for STMicroelectronics.FP-SNS-STAIOTCFT.1.0.0
2026-05-19 17:05:55,705 [WARN] PackLoader:240 - Cannot read IP mode file for STMicroelectronics.X-CUBE-DPower.1.3.0
2026-05-19 17:05:55,725 [WARN] ConditionMgr:438 - getConditionDescription Invalid condition id : LAN8742 Phy interface Condition cause : null
2026-05-19 17:05:55,726 [WARN] PackLoader:240 - Cannot read IP mode file for STMicroelectronics.X-CUBE-AZRTOS-L4.2.0.0
2026-05-19 17:05:55,727 [WARN] ConditionMgr:1044 - genDependencies : Invalid condition id : LAN8742 Phy interface Condition cause : null
2026-05-19 17:05:55,727 [WARN] ConditionMgr:1044 - genDependencies : Invalid condition id : LAN8742 Phy interface Condition cause : null
2026-05-19 17:05:55,728 [WARN] ConditionMgr:1044 - genDependencies : Invalid condition id : LAN8742 Phy interface Condition cause : null
2026-05-19 17:05:55,737 [WARN] PackLoader:240 - Cannot read IP mode file for STMicroelectronics.X-CUBE-SFXS2LP1.4.0.0
2026-05-19 17:05:55,744 [WARN] PackLoader:240 - Cannot read IP mode file for STMicroelectronics.X-CUBE-WB05N.2.1.0
2026-05-19 17:05:55,753 [WARN] PackLoader:240 - Cannot read IP mode file for STMicroelectronics.X-CUBE-ST67W61.1.2.0
2026-05-19 17:05:55,767 [WARN] PackLoader:240 - Cannot read IP mode file for STMicroelectronics.X-CUBE-BLEMGR.4.1.0
2026-05-19 17:05:55,783 [WARN] ConditionMgr:438 - getConditionDescription Invalid condition id : UX DEVICE CLASS RTOS Condition cause : null
2026-05-19 17:05:55,783 [WARN] ConditionMgr:438 - getConditionDescription Invalid condition id : UX DEVICE CLASS RTOS Condition cause : null
2026-05-19 17:05:55,785 [WARN] PackLoader:240 - Cannot read IP mode file for STMicroelectronics.X-CUBE-AZRTOS-WB.2.0.0
2026-05-19 17:05:55,786 [WARN] ConditionMgr:1044 - genDependencies : Invalid condition id : UX DEVICE CLASS RTOS Condition cause : null
2026-05-19 17:05:55,786 [WARN] ConditionMgr:1044 - genDependencies : Invalid condition id : UX DEVICE CLASS RTOS Condition cause : null
2026-05-19 17:05:55,786 [WARN] ConditionMgr:1044 - genDependencies : Invalid condition id : UX DEVICE CLASS RTOS Condition cause : null
2026-05-19 17:05:55,786 [WARN] ConditionMgr:1044 - genDependencies : Invalid condition id : UX DEVICE CLASS RTOS Condition cause : null
2026-05-19 17:05:55,786 [WARN] ConditionMgr:1044 - genDependencies : Invalid condition id : UX DEVICE CLASS RTOS Condition cause : null
2026-05-19 17:05:55,792 [WARN] PackLoader:240 - Cannot read IP mode file for STMicroelectronics.X-CUBE-GNSS1.7.0.1
2026-05-19 17:05:55,796 [WARN] PackLoader:240 - Cannot read IP mode file for STMicroelectronics.X-CUBE-TOUCHGFX.4.25.0
2026-05-19 17:05:55,803 [WARN] ConditionMgr:438 - getConditionDescription Invalid condition id : Cortex-A Device cause : null
2026-05-19 17:05:55,814 [INFO] LogOutputStream:77 - [STDOUT_REDIRECT] [ThirdParty] unknown protocol: c
2026-05-19 17:05:55,815 [WARN] PackLoader:240 - Cannot read IP mode file for quantropi.X-CUBE-qispace-sdk-base.2.1.0
2026-05-19 17:05:55,815 [WARN] ConditionMgr:1044 - genDependencies : Invalid condition id : Cortex-A Device cause : null
2026-05-19 17:05:55,815 [WARN] ConditionMgr:1044 - genDependencies : Invalid condition id : Cortex-A Device cause : null
2026-05-19 17:05:55,815 [WARN] ConditionMgr:1044 - genDependencies : Invalid condition id : Cortex-A Device cause : null
2026-05-19 17:05:55,823 [WARN] PackLoader:240 - Cannot read IP mode file for STMicroelectronics.X-CUBE-STSE01.2.0.0
2026-05-19 17:05:55,845 [WARN] PackLoader:240 - Cannot read IP mode file for STMicroelectronics.X-CUBE-SUBG2.5.0.0
2026-05-19 17:05:55,864 [WARN] PackLoader:240 - Cannot read IP mode file for STMicroelectronics.X-CUBE-AZRTOS-H7RS.1.1.0
2026-05-19 17:05:55,879 [WARN] PackLoader:240 - Cannot read IP mode file for STMicroelectronics.X-CUBE-AZRTOS-G4.2.0.0
2026-05-19 17:05:55,887 [WARN] PackLoader:240 - Cannot read IP mode file for wolfSSL.I-CUBE-wolfSSH.1.4.20
2026-05-19 17:05:55,892 [WARN] PackLoader:240 - Cannot read IP mode file for STMicroelectronics.X-CUBE-NFC7.2.0.0
2026-05-19 17:05:55,902 [WARN] PackLoader:240 - Cannot read IP mode file for STMicroelectronics.X-CUBE-IPS.3.1.0
2026-05-19 17:05:55,913 [WARN] PackLoader:240 - Cannot read IP mode file for STMicroelectronics.X-CUBE-ALS.1.0.2
2026-05-19 17:05:55,920 [WARN] PackLoader:240 - Cannot read IP mode file for STMicroelectronics.X-CUBE-STSE01.1.0.0
2026-05-19 17:05:55,933 [WARN] PackLoader:240 - Cannot read IP mode file for STMicroelectronics.X-CUBE-TOF1.3.4.3
2026-05-19 17:05:55,942 [INFO] ThirdParty:978 - Integrity check success = true
2026-05-19 17:05:55,942 [INFO] IntegrityCheckThread:100 - exiting critical section [integrity check]
2026-05-19 17:05:55,943 [INFO] IntegrityCheckThread:103 - End integrity checks thread
2026-05-19 17:42:01,388 [INFO] McuFinderGlobals:63 - Set McuFinder mode to 2 (CubeIDE integrated)
2026-05-19 17:42:04,254 [ERROR] CheckConnectionManager:249 - Problem, Http access forbiden
2026-05-19 17:42:04,261 [INFO] MainUpdater:2872 - connection check result : 22
2026-05-19 17:42:04,342 [ERROR] CheckConnectionManager:249 - Problem, Http access forbiden
2026-05-19 17:42:04,346 [INFO] MainUpdater:2872 - connection check result : 22
2026-05-19 17:42:07,024 [INFO] MicroXplorer:468 - Change Database Path : 
2026-05-19 17:42:07,025 [INFO] MicroXplorer:498 - Change Database Version : DB.6.0.150
2026-05-19 17:42:07,083 [WARN] ThirdParty:871 - waiting for thirdparty lock release [close project]
2026-05-19 17:42:07,083 [INFO] ThirdParty:873 - entering critical section [close project]
2026-05-19 17:42:07,110 [INFO] ThirdParty:883 - exiting critical section [close project]
2026-05-19 17:42:07,127 [INFO] PinOutPanel:1589 - setPackage(No Configuration,No Configuration)
2026-05-19 17:42:07,158 [INFO] UtilMem:75 - Begin LoadConfig() Used Memory: 333611768 Bytes (400556032)
2026-05-19 17:42:07,177 [INFO] MicroXplorer:468 - Change Database Path : 
2026-05-19 17:42:07,177 [INFO] MicroXplorer:498 - Change Database Version : DB.6.0.150
2026-05-19 17:42:07,180 [INFO] OpenFileManager:355 - Change cursor
2026-05-19 17:42:07,407 [INFO] Mcu:2029 - Initializing MCU STM32G474R(B-C-E)Tx STM32G474RETx STM32G474RET6
2026-05-19 17:42:21,911 [INFO] Context:786 - Trying to add GPIOservice into a context  which must be forbidden
2026-05-19 17:42:26,982 [INFO] ImportTextPane:234 - (OptionalMessage_ERROR) Pin11 (VP_RIF_VS_RIF1) cannot be retrieved for this MCU
2026-05-19 17:42:27,384 [INFO] RtosManager:558 - Registered RTOS mode: class=CMSIS, group=RTOS, mode=CMSIS_V1, owner=FREERTOS
2026-05-19 17:42:27,384 [INFO] RtosManager:558 - Registered RTOS mode: class=CMSIS, group=RTOS2, mode=CMSIS_V2, owner=FREERTOS
2026-05-19 17:42:27,386 [INFO] RtosManager:558 - Registered RTOS mode: class=RTOS, group=Core, mode=CMSIS_V1, owner=FREERTOS
2026-05-19 17:42:27,386 [INFO] RtosManager:558 - Registered RTOS mode: class=RTOS, group=Core, mode=CMSIS_V2, owner=FREERTOS
2026-05-19 17:42:27,386 [WARN] ModelIntegratedComponent:184 - Missing modes for component STMicroelectronics:FreeRTOS:0.0.1:STMicroelectronics:RTOS:FreeRTOS:Core:::10.2.0:
2026-05-19 17:42:27,417 [WARN] ModelIntegratedComponent:63 - No mode defined for component null
2026-05-19 17:42:27,418 [WARN] ModelIntegratedComponent:63 - No mode defined for component null
2026-05-19 17:42:27,418 [WARN] ModelIntegratedComponent:63 - No mode defined for component null
2026-05-19 17:42:27,418 [WARN] ModelIntegratedComponent:63 - No mode defined for component null
2026-05-19 17:42:27,418 [WARN] ModelIntegratedComponent:63 - No mode defined for component null
2026-05-19 17:42:27,419 [WARN] ModelIntegratedComponent:63 - No mode defined for component null
2026-05-19 17:42:27,419 [WARN] ModelIntegratedComponent:63 - No mode defined for component null
2026-05-19 17:42:27,419 [WARN] ModelIntegratedComponent:63 - No mode defined for component null
2026-05-19 17:42:27,419 [WARN] ModelIntegratedComponent:63 - No mode defined for component null
2026-05-19 17:42:27,419 [WARN] ModelIntegratedComponent:63 - No mode defined for component null
2026-05-19 17:42:27,419 [WARN] ModelIntegratedComponent:63 - No mode defined for component null
2026-05-19 17:42:27,419 [WARN] ModelIntegratedComponent:63 - No mode defined for component null
2026-05-19 17:42:27,420 [WARN] ModelIntegratedComponent:63 - No mode defined for component null
2026-05-19 17:42:27,420 [WARN] ModelIntegratedComponent:63 - No mode defined for component null
2026-05-19 17:42:27,420 [WARN] ModelIntegratedComponent:63 - No mode defined for component null
2026-05-19 17:42:27,420 [WARN] ModelIntegratedComponent:63 - No mode defined for component null
2026-05-19 17:42:27,420 [WARN] ModelIntegratedComponent:63 - No mode defined for component null
2026-05-19 17:42:27,420 [WARN] ModelIntegratedComponent:63 - No mode defined for component null
2026-05-19 17:42:27,420 [WARN] ModelIntegratedComponent:63 - No mode defined for component null
2026-05-19 17:42:27,420 [WARN] ModelIntegratedComponent:63 - No mode defined for component null
2026-05-19 17:42:27,421 [WARN] ModelIntegratedComponent:63 - No mode defined for component null
2026-05-19 17:42:27,421 [WARN] ModelIntegratedComponent:63 - No mode defined for component null
2026-05-19 17:42:27,421 [WARN] ModelIntegratedComponent:63 - No mode defined for component null
2026-05-19 17:42:27,421 [WARN] ModelIntegratedComponent:63 - No mode defined for component null
2026-05-19 17:42:27,421 [WARN] ModelIntegratedComponent:63 - No mode defined for component null
2026-05-19 17:42:27,421 [WARN] ModelIntegratedComponent:63 - No mode defined for component null
2026-05-19 17:42:27,421 [WARN] ModelIntegratedComponent:63 - No mode defined for component null
2026-05-19 17:42:27,422 [WARN] ModelIntegratedComponent:63 - No mode defined for component null
2026-05-19 17:42:27,422 [WARN] ModelIntegratedComponent:63 - No mode defined for component null
2026-05-19 17:42:27,422 [WARN] ModelIntegratedComponent:63 - No mode defined for component null
2026-05-19 17:42:27,422 [WARN] ModelIntegratedComponent:63 - No mode defined for component null
2026-05-19 17:42:27,422 [WARN] ModelIntegratedComponent:63 - No mode defined for component null
2026-05-19 17:42:27,422 [WARN] ModelIntegratedComponent:63 - No mode defined for component null
2026-05-19 17:42:27,422 [WARN] ModelIntegratedComponent:63 - No mode defined for component null
2026-05-19 17:42:27,423 [WARN] ModelIntegratedComponent:63 - No mode defined for component null
2026-05-19 17:42:27,423 [WARN] ModelPack:524 - Component already loaded: STMicroelectronics:HAL Drivers:0.0.0:STMicroelectronics:Device:STMicro_Driver:XSPI:HAL::0.0.1:HAL_XSPI
2026-05-19 17:42:28,124 [INFO] ThirdPartyModel:298 - Start build external matchings
2026-05-19 17:42:30,503 [INFO] ThirdPartyModel:316 - End build external matchings
2026-05-19 17:42:30,566 [INFO] ImportTextPane:234 - (OptionalMessage_ERROR) IP (ADC1) : Parameter (CommonPathInternal) has invalid value (null|null|null|null)
2026-05-19 17:42:32,933 [INFO] ApiDb:581 - Connected to CubeFinder SQLite database (C:\Users\Александра\.stmcufinder\plugins\mcufinder\mcu\cube-finder-db.db)
2026-05-19 17:42:33,127 [INFO] ApiDb:668 - CubeFinder database Data Model version=2.1
2026-05-19 17:42:33,128 [INFO] ApiDb:669 - CubeFinder database Configuration version=3.0.42
2026-05-19 17:42:33,131 [INFO] ApiDb:670 - CubeFinder database generation date=2026-03-11 (1773229989)
2026-05-19 17:42:33,131 [INFO] ApiDb:671 - CubeFinder database FW Pack versions=[FP-ATR-ASTRA1_V2.0.0, FP-SNS-FLIGHT1_V5.1.0, FP-SNS-MOTENV1_V5.1.0, FP-SNS-MOTENVWB1_V1.5.0, FP-SNS-SMARTAG2_V1.2.0, FP-SNS-STBOX1_V2.1.0, STM32Cube_FW_C0_V1.4.0, STM32Cube_FW_F4_V1.28.3, STM32Cube_FW_F7_V1.17.4, STM32Cube_FW_G0_V1.6.3, STM32Cube_FW_G4_V1.6.2, STM32Cube_FW_H5_V1.6.0, STM32Cube_FW_H7RS_V1.3.0, STM32Cube_FW_H7_V1.13.0, STM32Cube_FW_L0_V1.12.2, STM32Cube_FW_L4_V1.18.2, STM32Cube_FW_L5_V1.6.0, STM32Cube_FW_N6_V1.3.0, STM32Cube_FW_U0_V1.3.0, STM32Cube_FW_U3_V1.3.0, STM32Cube_FW_U5_V1.8.0, STM32Cube_FW_WB0_V1.4.0, STM32Cube_FW_WBA_V1.9.0, STM32Cube_FW_WB_V1.24.0, STM32Cube_FW_WL3_V1.4.0, STM32Cube_FW_WL_V1.5.0, X-CUBE-ALGOBUILD_V1.4.0, X-CUBE-ALS_V1.0.2, X-CUBE-AZRTOS-F4_V1.1.0, X-CUBE-AZRTOS-F7_V1.1.0, X-CUBE-AZRTOS-G0_V1.1.0, X-CUBE-AZRTOS-G4_V2.0.0, X-CUBE-AZRTOS-H7RS_V1.1.0, X-CUBE-AZRTOS-H7_V3.4.0, X-CUBE-AZRTOS-L4_V2.0.0, X-CUBE-AZRTOS-L5_V2.0.0, X-CUBE-AZRTOS-WB_V2.0.0, X-CUBE-AZRTOS-WL_V2.0.0, X-CUBE-BLE1_V7.1.0, X-CUBE-BLE2_V3.3.0, X-CUBE-BLEMGR_V4.1.0, X-CUBE-EEPRMA1_V5.2.0, X-CUBE-FREERTOS_V1.5.0, X-CUBE-GNSS1_V6.0.0, X-CUBE-MEMS1_V12.0.0, X-CUBE-NFC4_V3.0.0, X-CUBE-NFC7_V2.0.0, X-CUBE-SFXS2LP1_V4.0.0, X-CUBE-ST67W61_V1.2.0, X-CUBE-SUBG2_V5.0.0, X-CUBE-TOF1_V3.4.3]
2026-05-19 17:42:33,383 [INFO] DbBoardsSqlite:226 - include board P-NUCLEO-WB55-NUCLEO as a kit item of type 'Nucleo-64'
2026-05-19 17:42:33,384 [INFO] DbBoardsSqlite:226 - include board P-NUCLEO-WB55-USBDONGLE as a kit item of type 'Nucleo USB Dongle'
2026-05-19 17:42:33,385 [INFO] DbBoardsSqlite:226 - include board STEVAL-IDP005V1 as a kit item of type 'Evaluation Board'
2026-05-19 17:42:33,388 [INFO] DbBoardsSqlite:226 - include board STEVAL-IDP005V2 as a kit item of type 'Evaluation Board'
2026-05-19 17:42:34,228 [INFO] ApiDb:240 - Found 880 in-development CPN: [B-G473E-ZEST1S, B-WB1M-WPAN1, B-WBA5M-WPAN, B-WL5M-SUBG1, NUCLEO-C031C6, NUCLEO-C051C8, NUCLEO-C071RB, NUCLEO-C092RC, NUCLEO-H503RB, NUCLEO-H533RE, NUCLEO-H563ZI, NUCLEO-H7S3L8, NUCLEO-N657X0-Q, NUCLEO-U031R8, NUCLEO-U083RC, NUCLEO-U385RG-Q, NUCLEO-U545RE-Q, NUCLEO-U5A5ZJ-Q, NUCLEO-WB05KZ, NUCLEO-WB07CC, NUCLEO-WB09KE, NUCLEO-WBA52CG, NUCLEO-WBA55CG, NUCLEO-WL33CC1, NUCLEO-WL33CC2, STEVAL-PROTEUS1, STEVAL-SMARTAG2, STEVAL-STWINBX1, STM320518-EVAL, STM32C0116-DK, STM32C011D6Y3TR, STM32C011D6Y6TR, STM32C011F4P3, STM32C011F4P6, STM32C011F4U3, STM32C011F4U6TR, STM32C011F6P3, STM32C011F6P6, STM32C011F6U3, STM32C011F6U6TR, STM32C011J4M3, STM32C011J4M6, STM32C011J6M3, STM32C011J6M6, STM32C0316-DK, STM32C031C4T3, STM32C031C4T6, STM32C031C4U3, STM32C031C4U6, STM32C031C6T3, STM32C031C6T6, STM32C031C6U3, STM32C031C6U6, STM32C031F4P3, STM32C031F4P6, STM32C031F6P3, STM32C031F6P6, STM32C031G4U3, STM32C031G4U6, STM32C031G6U3, STM32C031G6U6, STM32C031K4T3, STM32C031K4T6, STM32C031K4U3, STM32C031K4U6, STM32C031K6T3, STM32C031K6T6, STM32C031K6U3, STM32C031K6U6, STM32C051C6T6, STM32C051C6U6, STM32C051C8T6, STM32C051C8U6, STM32C051D8Y6TR, STM32C051F6P6, STM32C051F8P6, STM32C051G6U6, STM32C051G8U6, STM32C051K6T6, STM32C051K6U6, STM32C051K8T6, STM32C071C8T6, STM32C071C8T6N, STM32C071C8U6, STM32C071C8U6N, STM32C071CBT6, STM32C071CBT6N, STM32C071CBU6, STM32C071CBU6N, STM32C071F8P6, STM32C071F8P6N, STM32C071FBP6, STM32C071FBP6N, STM32C071FBY6TR, STM32C071G8U6, STM32C071G8U6N, STM32C071GBU6, STM32C071GBU6N, STM32C071K8T6, STM32C071K8T6N, STM32C071K8U6, STM32C071K8U6N, STM32C071KBT6, STM32C071KBT6N, STM32C071KBU6, STM32C071KBU6N, STM32C071R8T6, STM32C071R8T6N, STM32C071RBI6N, STM32C071RBT6, STM32C071RBT6N, STM32C091CBT6, STM32C091CBU6, STM32C091CCT6, STM32C091CCU6, STM32C091ECY6TR, STM32C091FBP6, STM32C091FCP6, STM32C091GBU6, STM32C091GCU6, STM32C091KBT6, STM32C091KBU6, STM32C091KCT6, STM32C091KCU6, STM32C091RBT6, STM32C091RCI6, STM32C091RCT6, STM32C092CBT6, STM32C092CBU6, STM32C092CCT6, STM32C092CCU6, STM32C092ECY6TR, STM32C092FBP6, STM32C092FCP6, STM32C092GBU6, STM32C092GCU6, STM32C092KBT6, STM32C092KBU6, STM32C092KCT6, STM32C092KCU6, STM32C092RBT6, STM32C092RCI6, STM32C092RCT6, STM32G071K8TXN, STM32G071K8UXN, STM32G081GBU6N, STM32G081KBT6N, STM32G081KBUXN, STM32G0B1CCT6N, STM32G0B1KCT6, STM32G0B1NEY6TR, STM32G0B1RCT6N, STM32G0C1CCT6, STM32G0C1CCT6N, STM32G0C1CCU6N, STM32G0C1CET6N, STM32G0C1CEU6N, STM32G0C1KCT6, STM32G0C1NEY6TR, STM32G0C1RCI6N, STM32G0C1RCT6N, STM32G0C1REI6N, STM32G0C1RET6N, STM32G0C1VCI6, STM32G0C1VEI6, STM32G411C6T3, STM32G411C6T6, STM32G411C6U3, STM32G411C6U6, STM32G411C8T3, STM32G411C8T6, STM32G411C8U3, STM32G411C8U6, STM32G411CBT3, STM32G411CBT6, STM32G411CBU3, STM32G411CBU6, STM32G411K6T3, STM32G411K6T6, STM32G411K6U3, STM32G411K6U6, STM32G411K8T3, STM32G411K8T6, STM32G411K8U3, STM32G411K8U6, STM32G411KBT3, STM32G411KBT6, STM32G411KBU3, STM32G411KBU6, STM32G411M6T3, STM32G411M6T6, STM32G411M8T3, STM32G411M8T6, STM32G411MBT3, STM32G411MBT6, STM32G411R6T3, STM32G411R6T6, STM32G411R8T3, STM32G411R8T6, STM32G411RBT3, STM32G411RBT6, STM32G414CBT3, STM32G414CBT6, STM32G414CBU3, STM32G414CBU6, STM32G414CCT3, STM32G414CCT6, STM32G414CCU3, STM32G414CCU6, STM32G414MBT3, STM32G414MBT6, STM32G414MCT3, STM32G414MCT6, STM32G414RBT3, STM32G414RBT6, STM32G414RCT3, STM32G414RCT6, STM32G414VBT3, STM32G414VBT6, STM32G414VCT3, STM32G414VCT6, STM32G431CBT3Z, STM32G431RBT3Z, STM32G471CCT6, STM32G471CCU6, STM32G471CET3, STM32G471CET6, STM32G471CEU3, STM32G471CEU6, STM32G471MCT6, STM32G471MET3, STM32G471MET6, STM32G471MEY6TR, STM32G471QCT6, STM32G471QET3, STM32G471RCT6, STM32G471RET3, STM32G471RET6, STM32G471VCH6, STM32G471VCI6, STM32G471VCT6, STM32G471VEH3, STM32G471VEH6, STM32G471VEI3, STM32G471VEI6, STM32G471VET3, STM32G471VET6, STM32G473QET3Z, STM32G473RET3Z, STM32G474CCT6, STM32G491RET3Z, STM32H503CBT6, STM32H503CBU6, STM32H503EBY6TR, STM32H503KBU6, STM32H503RBT6, STM32H523CCT6, STM32H523CCU6, STM32H523CET6, STM32H523CEU6, STM32H523HEY6TR, STM32H523RCT6, STM32H523RET6, STM32H523VCI6, STM32H523VCT6, STM32H523VEI6, STM32H523VET6, STM32H523ZCJ6, STM32H523ZCT6, STM32H523ZEJ6, STM32H523ZET6, STM32H533CET6, STM32H533CEU6, STM32H533HEY6TR, STM32H533RET6, STM32H533VEI6, STM32H533VET6, STM32H533ZEJ6, STM32H533ZET6, STM32H562AGI6, STM32H562AII6, STM32H562IGK6, STM32H562IGT6, STM32H562IIK6, STM32H562IIT6, STM32H562RGT6, STM32H562RGV6, STM32H562RIT6, STM32H562RIV6, STM32H562VGT6, STM32H562VIT6, STM32H562ZGT6, STM32H562ZIT6, STM32H563AGI6, STM32H563AII3Q, STM32H563AII6, STM32H563IGK6, STM32H563IGT6, STM32H563IIK3Q, STM32H563IIK6, STM32H563IIT3Q, STM32H563IIT6, STM32H563MIY3QTR, STM32H563RGT6, STM32H563RGV6, STM32H563RIT6, STM32H563RIV6, STM32H563VGT6, STM32H563VIT3Q, STM32H563VIT6, STM32H563ZGT6, STM32H563ZIT3Q, STM32H563ZIT6, STM32H573AII3Q, STM32H573AII6, STM32H573I-DK, STM32H573IIK3Q, STM32H573IIK6, STM32H573IIT3Q, STM32H573IIT6, STM32H573MIY3QTR, STM32H573RIT6, STM32H573RIV6, STM32H573VIT3Q, STM32H573VIT6, STM32H573ZIT3Q, STM32H573ZIT6, STM32H7R3A8I6, STM32H7R3I8K6, STM32H7R3I8T6, STM32H7R3L8H6, STM32H7R3L8H6H, STM32H7R3R8V6, STM32H7R3V8H6, STM32H7R3V8T6, STM32H7R3V8Y6TR, STM32H7R3Z8J6, STM32H7R3Z8T6, STM32H7R7A8I6, STM32H7R7I8K6, STM32H7R7I8T6, STM32H7R7L8H6, STM32H7R7L8H6H, STM32H7R7Z8J6, STM32H7S3A8I6, STM32H7S3I8K6, STM32H7S3I8T6, STM32H7S3L8H6, STM32H7S3L8H6H, STM32H7S3R8V6, STM32H7S3V8H6, STM32H7S3V8T6, STM32H7S3V8Y6TR, STM32H7S3Z8J6, STM32H7S3Z8T6, STM32H7S78-DK, STM32H7S7A8I6, STM32H7S7I8K6, STM32H7S7I8T6, STM32H7S7L8H6, STM32H7S7L8H6H, STM32H7S7Z8J6, STM32L4R5QGI6STR, STM32MP131AAE3, STM32MP131AAF3, STM32MP131AAG3, STM32MP131CAE3, STM32MP131CAF3, STM32MP131CAG3, STM32MP131DAE7, STM32MP131DAF7, STM32MP131DAG7, STM32MP131FAE7, STM32MP131FAF7, STM32MP131FAG7, STM32MP133AAE3, STM32MP133AAF3, STM32MP133AAG3, STM32MP133CAE3, STM32MP133CAF3, STM32MP133CAG3, STM32MP133DAE7, STM32MP133DAF7, STM32MP133DAG7, STM32MP133FAE7, STM32MP133FAF7, STM32MP133FAG7, STM32MP135AAE3, STM32MP135AAF3, STM32MP135AAG3, STM32MP135CAE3, STM32MP135CAF3, STM32MP135CAG3, STM32MP135DAE7, STM32MP135DAF7, STM32MP135DAG7, STM32MP135F-DK, STM32MP135FAE7, STM32MP135FAF7, STM32MP135FAF7T, STM32MP135FAF7U, STM32MP135FAG7, STM32MP211AAL3, STM32MP211AAM3, STM32MP211AAN3, STM32MP211AAO3, STM32MP211CAL3, STM32MP211CAM3, STM32MP211CAN3, STM32MP211CAO3, STM32MP211DAL3, STM32MP211DAM3, STM32MP211DAN3, STM32MP211DAO3, STM32MP211FAL3, STM32MP211FAM3, STM32MP211FAN3, STM32MP211FAO3, STM32MP213AAL3, STM32MP213AAM3, STM32MP213AAN3, STM32MP213AAO3, STM32MP213CAL3, STM32MP213CAM3, STM32MP213CAN3, STM32MP213CAO3, STM32MP213DAL3, STM32MP213DAM3, STM32MP213DAN3, STM32MP213DAO3, STM32MP213FAL3, STM32MP213FAM3, STM32MP213FAN3, STM32MP213FAO3, STM32MP215AAL3, STM32MP215AAM3, STM32MP215AAN3, STM32MP215AAO3, STM32MP215CAL3, STM32MP215CAM3, STM32MP215CAN3, STM32MP215CAO3, STM32MP215DAL3, STM32MP215DAM3, STM32MP215DAN3, STM32MP215DAO3, STM32MP215F-DK, STM32MP215FAL3, STM32MP215FAM3, STM32MP215FAN3, STM32MP215FAO3, STM32MP231AAJ3, STM32MP231AAK3, STM32MP231AAL3, STM32MP231CAJ3, STM32MP231CAK3, STM32MP231CAL3, STM32MP231DAJ3, STM32MP231DAK3, STM32MP231DAL3, STM32MP231FAJ3, STM32MP231FAK3, STM32MP231FAL3, STM32MP233AAJ3, STM32MP233AAK3, STM32MP233AAL3, STM32MP233CAJ3, STM32MP233CAK3, STM32MP233CAL3, STM32MP233DAJ3, STM32MP233DAK3, STM32MP233DAL3, STM32MP233FAJ3, STM32MP233FAK3, STM32MP233FAL3, STM32MP235AAJ3, STM32MP235AAK3, STM32MP235AAL3, STM32MP235CAJ3, STM32MP235CAK3, STM32MP235CAL3, STM32MP235DAJ3, STM32MP235DAK3, STM32MP235DAL3, STM32MP235FAJ3, STM32MP235FAK3, STM32MP235FAL3, STM32MP251AAI3, STM32MP251AAK3, STM32MP251AAL3, STM32MP251CAI3, STM32MP251CAK3, STM32MP251CAL3, STM32MP251DAI3, STM32MP251DAK3, STM32MP251DAL3, STM32MP251FAI3, STM32MP251FAK3, STM32MP251FAL3, STM32MP253AAI3, STM32MP253AAK3, STM32MP253AAL3, STM32MP253CAI3, STM32MP253CAK3, STM32MP253CAL3, STM32MP253DAI3, STM32MP253DAK3, STM32MP253DAL3, STM32MP253FAI3, STM32MP253FAK3, STM32MP253FAL3, STM32MP255AAI3, STM32MP255AAK3, STM32MP255AAL3, STM32MP255CAI3, STM32MP255CAK3, STM32MP255CAL3, STM32MP255DAI3, STM32MP255DAK3, STM32MP255DAL3, STM32MP255FAI3, STM32MP255FAK3, STM32MP255FAL3, STM32MP257AAI3, STM32MP257AAK3, STM32MP257AAL3, STM32MP257CAI3, STM32MP257CAK3, STM32MP257CAL3, STM32MP257DAI3, STM32MP257DAK3, STM32MP257DAL3, STM32MP257F-DK, STM32MP257F-EV1, STM32MP257FAI3, STM32MP257FAK3, STM32MP257FAL3, STM32N645A0H3Q, STM32N645B0H3Q, STM32N645I0H3Q, STM32N645L0H3Q, STM32N645X0H3Q, STM32N645Z0H3Q, STM32N647A0H3Q, STM32N647B0H3Q, STM32N647I0H3Q, STM32N647L0H3Q, STM32N647X0H3Q, STM32N647Z0H3Q, STM32N655A0H3Q, STM32N655B0H3Q, STM32N655I0H3Q, STM32N655L0H3Q, STM32N655X0H3Q, STM32N655Z0H3Q, STM32N6570-DK, STM32N657A0H3Q, STM32N657B0H3Q, STM32N657I0H3Q, STM32N657L0H3Q, STM32N657X0H3Q, STM32N657Z0H3Q, STM32U031C6T6, STM32U031C6U6, STM32U031C8T6, STM32U031C8U6, STM32U031F4P6, STM32U031F6P6, STM32U031F8P6, STM32U031G6Y6TR, STM32U031G8Y6TR, STM32U031K4U6, STM32U031K6U6, STM32U031K8U6, STM32U031R6I6, STM32U031R6T6, STM32U031R8I6, STM32U031R8T6, STM32U073C8T6, STM32U073C8U6, STM32U073CBT6, STM32U073CBU6, STM32U073CCT6, STM32U073CCU6, STM32U073H8Y6TR, STM32U073HBY6TR, STM32U073HCY6TR, STM32U073K8U6, STM32U073KBU6, STM32U073KCU6, STM32U073M8I6, STM32U073M8T6, STM32U073MBI6, STM32U073MBT6, STM32U073MCI6, STM32U073MCT6, STM32U073R8I6, STM32U073R8T6, STM32U073RBI6, STM32U073RBT6, STM32U073RCI6, STM32U073RCT6, STM32U083C-DK, STM32U083CCT6, STM32U083CCU6, STM32U083HCY6TR, STM32U083KCU6, STM32U083MCI6, STM32U083MCT6, STM32U083RCI6, STM32U083RCT6, STM32U375CET6, STM32U375CET6Q, STM32U375CEU6, STM32U375CEU6Q, STM32U375CEY6QTR, STM32U375CGT6, STM32U375CGT6Q, STM32U375CGU6, STM32U375CGU6Q, STM32U375CGY6QTR, STM32U375KEU6, STM32U375KGU6, STM32U375REI6, STM32U375REI6Q, STM32U375RET6, STM32U375RET6Q, STM32U375REY6GTR, STM32U375REY6QTR, STM32U375RGI6, STM32U375RGI6Q, STM32U375RGT6, STM32U375RGT6Q, STM32U375RGY6GTR, STM32U375RGY6QTR, STM32U375VEI6, STM32U375VEI6Q, STM32U375VET6, STM32U375VET6Q, STM32U375VGI6, STM32U375VGI6Q, STM32U375VGT6, STM32U375VGT6Q, STM32U385CGT6, STM32U385CGT6Q, STM32U385CGU6, STM32U385CGU6Q, STM32U385CGY6QTR, STM32U385KGU6, STM32U385RGI6, STM32U385RGI6Q, STM32U385RGT6, STM32U385RGT6Q, STM32U385RGY6GTR, STM32U385RGY6QTR, STM32U385VGI6, STM32U385VGI6Q, STM32U385VGT6, STM32U385VGT6Q, STM32U535CBT6, STM32U535CBT6Q, STM32U535CBU6, STM32U535CBU6Q, STM32U535CCT6, STM32U535CCT6Q, STM32U535CCU6, STM32U535CCU6Q, STM32U535CET6, STM32U535CET6Q, STM32U535CEU6, STM32U535CEU6Q, STM32U535JEY6QTR, STM32U535NCY6QTR, STM32U535NEY6QTR, STM32U535RBI6, STM32U535RBI6Q, STM32U535RBT6, STM32U535RBT6Q, STM32U535RCI6, STM32U535RCI6Q, STM32U535RCT6, STM32U535RCT6Q, STM32U535REI6, STM32U535REI6Q, STM32U535RET6, STM32U535RET6Q, STM32U535VCI6, STM32U535VCI6Q, STM32U535VCT6, STM32U535VCT6Q, STM32U535VEI6, STM32U535VEI6Q, STM32U535VET6, STM32U535VET6Q, STM32U545CET6, STM32U545CET6Q, STM32U545CEU6, STM32U545CEU6Q, STM32U545JEY6QTR, STM32U545NEY6QTR, STM32U545REI6, STM32U545REI6Q, STM32U545RET6, STM32U545RET6Q, STM32U545VEI6, STM32U545VEI6Q, STM32U545VET6, STM32U545VET6Q, STM32U595AIH6, STM32U595AIH6Q, STM32U595AJH6, STM32U595AJH6Q, STM32U595QII6, STM32U595QII6Q, STM32U595QJI6, STM32U595QJI6Q, STM32U595RIT6, STM32U595RIT6Q, STM32U595RJT6, STM32U595RJT6Q, STM32U595VIT6, STM32U595VIT6Q, STM32U595VJT6, STM32U595VJT6Q, STM32U595ZIT6, STM32U595ZIT6Q, STM32U595ZIY6QTR, STM32U595ZJT6, STM32U595ZJT6Q, STM32U595ZJY6QTR, STM32U599BJY6QTR, STM32U599NIH6Q, STM32U599NJH6Q, STM32U599VIT6Q, STM32U599VJT6, STM32U599VJT6Q, STM32U599ZIT6Q, STM32U599ZIY6QTR, STM32U599ZJT6Q, STM32U599ZJY6QTR, STM32U5A5AJH6, STM32U5A5AJH6Q, STM32U5A5QII3Q , STM32U5A5QJI6, STM32U5A5QJI6Q, STM32U5A5RJT6, STM32U5A5RJT6Q, STM32U5A5VJT6, STM32U5A5VJT6Q, STM32U5A5ZJT6, STM32U5A5ZJT6Q, STM32U5A5ZJY6QTR, STM32U5A9BJY6QTR, STM32U5A9J-DK, STM32U5A9NJH6Q, STM32U5A9VJT6Q, STM32U5A9ZJT6Q, STM32U5A9ZJY6QTR, STM32U5F7VIT6, STM32U5F7VIT6Q, STM32U5F7VJT6, STM32U5F7VJT6Q, STM32U5F9BJY6QTR, STM32U5F9NJH6Q, STM32U5F9VIT6Q, STM32U5F9VJT6Q, STM32U5F9ZIJ6QTR, STM32U5F9ZIT6Q, STM32U5F9ZJJ6QTR, STM32U5F9ZJT6Q, STM32U5G7VJT6, STM32U5G7VJT6Q, STM32U5G9BJY6QTR, STM32U5G9J-DK1, STM32U5G9J-DK2, STM32U5G9NJH6Q, STM32U5G9VJT6Q, STM32U5G9ZJJ6QTR, STM32U5G9ZJT6Q, STM32WB05KZV6TR, STM32WB05KZV7TR, STM32WB05TZF6TR, STM32WB05TZF7TR, STM32WB06CCF6TR, STM32WB06CCF7TR, STM32WB06CCV6TR, STM32WB06CCV7TR, STM32WB06KCV6TR, STM32WB06KCV7TR, STM32WB07CCF6TR, STM32WB07CCF7TR, STM32WB07CCV6TR, STM32WB07CCV7TR, STM32WB07KCV6TR, STM32WB07KCV7TR, STM32WB09KEV6TR, STM32WB09KEV7TR, STM32WB09TEF6TR, STM32WB09TEF7TR, STM32WB1MMCH6, STM32WBA50KGU6, STM32WBA50KGU6TR, STM32WBA52CEU6, STM32WBA52CEU6TR, STM32WBA52CEU7, STM32WBA52CEU7TR, STM32WBA52CGU6, STM32WBA52CGU6TR, STM32WBA52CGU6U, STM32WBA52CGU7, STM32WBA52CGU7TR, STM32WBA52KEU6, STM32WBA52KEU6TR, STM32WBA52KGU6, STM32WBA52KGU6TR, STM32WBA54CEU6, STM32WBA54CEU6TR, STM32WBA54CEU7, STM32WBA54CEU7TR, STM32WBA54CGU6, STM32WBA54CGU6TR, STM32WBA54CGU7, STM32WBA54CGU7TR, STM32WBA54KEU6, STM32WBA54KEU6TR, STM32WBA54KEU7, STM32WBA54KEU7TR, STM32WBA54KGU6, STM32WBA54KGU6TR, STM32WBA54KGU7, STM32WBA54KGU7TR, STM32WBA55CEU6, STM32WBA55CEU6TR, STM32WBA55CEU7, STM32WBA55CEU7TR, STM32WBA55CGU6, STM32WBA55CGU6TR, STM32WBA55CGU6U, STM32WBA55CGU7, STM32WBA55CGU7TR, STM32WBA55G-DK1, STM32WBA55HEF6, STM32WBA55HEF7, STM32WBA55HGF6, STM32WBA55HGF7, STM32WBA55UEI6, STM32WBA55UEI6TR, STM32WBA55UEI7, STM32WBA55UEI7TR, STM32WBA55UGI6, STM32WBA55UGI6TR, STM32WBA55UGI7, STM32WBA55UGI7TR, STM32WBA5MMGH6TR, STM32WBA62MGF6, STM32WBA62MIF6, STM32WBA65MGF7, STM32WBA65MIF6, STM32WBA65MIF7, STM32WL30K8V6, STM32WL30KBV6, STM32WL31C8V6, STM32WL31CBV6, STM32WL31K8V6, STM32WL31KBV6, STM32WL33C8V6, STM32WL33C8V6X, STM32WL33CBV6, STM32WL33CBV6X, STM32WL33CCV6, STM32WL33CCV6A, STM32WL33CCV6X, STM32WL33K8V7, STM32WL33K8V7X, STM32WL33KBV7 , STM32WL33KBV7X, STM32WL33KCV7, STM32WL33KCV7X, STM32WL5MOCH6, STM32WL5MOCH6TR]
2026-05-19 17:42:34,238 [INFO] ApiDb:668 - CubeFinder database Data Model version=2.1
2026-05-19 17:42:34,240 [INFO] ApiDb:669 - CubeFinder database Configuration version=3.0.42
2026-05-19 17:42:34,240 [INFO] ApiDb:670 - CubeFinder database generation date=2026-03-11 (1773229989)
2026-05-19 17:42:34,240 [INFO] ApiDb:671 - CubeFinder database FW Pack versions=[FP-ATR-ASTRA1_V2.0.0, FP-SNS-FLIGHT1_V5.1.0, FP-SNS-MOTENV1_V5.1.0, FP-SNS-MOTENVWB1_V1.5.0, FP-SNS-SMARTAG2_V1.2.0, FP-SNS-STBOX1_V2.1.0, STM32Cube_FW_C0_V1.4.0, STM32Cube_FW_F4_V1.28.3, STM32Cube_FW_F7_V1.17.4, STM32Cube_FW_G0_V1.6.3, STM32Cube_FW_G4_V1.6.2, STM32Cube_FW_H5_V1.6.0, STM32Cube_FW_H7RS_V1.3.0, STM32Cube_FW_H7_V1.13.0, STM32Cube_FW_L0_V1.12.2, STM32Cube_FW_L4_V1.18.2, STM32Cube_FW_L5_V1.6.0, STM32Cube_FW_N6_V1.3.0, STM32Cube_FW_U0_V1.3.0, STM32Cube_FW_U3_V1.3.0, STM32Cube_FW_U5_V1.8.0, STM32Cube_FW_WB0_V1.4.0, STM32Cube_FW_WBA_V1.9.0, STM32Cube_FW_WB_V1.24.0, STM32Cube_FW_WL3_V1.4.0, STM32Cube_FW_WL_V1.5.0, X-CUBE-ALGOBUILD_V1.4.0, X-CUBE-ALS_V1.0.2, X-CUBE-AZRTOS-F4_V1.1.0, X-CUBE-AZRTOS-F7_V1.1.0, X-CUBE-AZRTOS-G0_V1.1.0, X-CUBE-AZRTOS-G4_V2.0.0, X-CUBE-AZRTOS-H7RS_V1.1.0, X-CUBE-AZRTOS-H7_V3.4.0, X-CUBE-AZRTOS-L4_V2.0.0, X-CUBE-AZRTOS-L5_V2.0.0, X-CUBE-AZRTOS-WB_V2.0.0, X-CUBE-AZRTOS-WL_V2.0.0, X-CUBE-BLE1_V7.1.0, X-CUBE-BLE2_V3.3.0, X-CUBE-BLEMGR_V4.1.0, X-CUBE-EEPRMA1_V5.2.0, X-CUBE-FREERTOS_V1.5.0, X-CUBE-GNSS1_V6.0.0, X-CUBE-MEMS1_V12.0.0, X-CUBE-NFC4_V3.0.0, X-CUBE-NFC7_V2.0.0, X-CUBE-SFXS2LP1_V4.0.0, X-CUBE-ST67W61_V1.2.0, X-CUBE-SUBG2_V5.0.0, X-CUBE-TOF1_V3.4.3]
2026-05-19 17:42:38,787 [INFO] ApiDb:240 - Found 880 in-development CPN: [B-G473E-ZEST1S, B-WB1M-WPAN1, B-WBA5M-WPAN, B-WL5M-SUBG1, NUCLEO-C031C6, NUCLEO-C051C8, NUCLEO-C071RB, NUCLEO-C092RC, NUCLEO-H503RB, NUCLEO-H533RE, NUCLEO-H563ZI, NUCLEO-H7S3L8, NUCLEO-N657X0-Q, NUCLEO-U031R8, NUCLEO-U083RC, NUCLEO-U385RG-Q, NUCLEO-U545RE-Q, NUCLEO-U5A5ZJ-Q, NUCLEO-WB05KZ, NUCLEO-WB07CC, NUCLEO-WB09KE, NUCLEO-WBA52CG, NUCLEO-WBA55CG, NUCLEO-WL33CC1, NUCLEO-WL33CC2, STEVAL-PROTEUS1, STEVAL-SMARTAG2, STEVAL-STWINBX1, STM320518-EVAL, STM32C0116-DK, STM32C011D6Y3TR, STM32C011D6Y6TR, STM32C011F4P3, STM32C011F4P6, STM32C011F4U3, STM32C011F4U6TR, STM32C011F6P3, STM32C011F6P6, STM32C011F6U3, STM32C011F6U6TR, STM32C011J4M3, STM32C011J4M6, STM32C011J6M3, STM32C011J6M6, STM32C0316-DK, STM32C031C4T3, STM32C031C4T6, STM32C031C4U3, STM32C031C4U6, STM32C031C6T3, STM32C031C6T6, STM32C031C6U3, STM32C031C6U6, STM32C031F4P3, STM32C031F4P6, STM32C031F6P3, STM32C031F6P6, STM32C031G4U3, STM32C031G4U6, STM32C031G6U3, STM32C031G6U6, STM32C031K4T3, STM32C031K4T6, STM32C031K4U3, STM32C031K4U6, STM32C031K6T3, STM32C031K6T6, STM32C031K6U3, STM32C031K6U6, STM32C051C6T6, STM32C051C6U6, STM32C051C8T6, STM32C051C8U6, STM32C051D8Y6TR, STM32C051F6P6, STM32C051F8P6, STM32C051G6U6, STM32C051G8U6, STM32C051K6T6, STM32C051K6U6, STM32C051K8T6, STM32C071C8T6, STM32C071C8T6N, STM32C071C8U6, STM32C071C8U6N, STM32C071CBT6, STM32C071CBT6N, STM32C071CBU6, STM32C071CBU6N, STM32C071F8P6, STM32C071F8P6N, STM32C071FBP6, STM32C071FBP6N, STM32C071FBY6TR, STM32C071G8U6, STM32C071G8U6N, STM32C071GBU6, STM32C071GBU6N, STM32C071K8T6, STM32C071K8T6N, STM32C071K8U6, STM32C071K8U6N, STM32C071KBT6, STM32C071KBT6N, STM32C071KBU6, STM32C071KBU6N, STM32C071R8T6, STM32C071R8T6N, STM32C071RBI6N, STM32C071RBT6, STM32C071RBT6N, STM32C091CBT6, STM32C091CBU6, STM32C091CCT6, STM32C091CCU6, STM32C091ECY6TR, STM32C091FBP6, STM32C091FCP6, STM32C091GBU6, STM32C091GCU6, STM32C091KBT6, STM32C091KBU6, STM32C091KCT6, STM32C091KCU6, STM32C091RBT6, STM32C091RCI6, STM32C091RCT6, STM32C092CBT6, STM32C092CBU6, STM32C092CCT6, STM32C092CCU6, STM32C092ECY6TR, STM32C092FBP6, STM32C092FCP6, STM32C092GBU6, STM32C092GCU6, STM32C092KBT6, STM32C092KBU6, STM32C092KCT6, STM32C092KCU6, STM32C092RBT6, STM32C092RCI6, STM32C092RCT6, STM32G071K8TXN, STM32G071K8UXN, STM32G081GBU6N, STM32G081KBT6N, STM32G081KBUXN, STM32G0B1CCT6N, STM32G0B1KCT6, STM32G0B1NEY6TR, STM32G0B1RCT6N, STM32G0C1CCT6, STM32G0C1CCT6N, STM32G0C1CCU6N, STM32G0C1CET6N, STM32G0C1CEU6N, STM32G0C1KCT6, STM32G0C1NEY6TR, STM32G0C1RCI6N, STM32G0C1RCT6N, STM32G0C1REI6N, STM32G0C1RET6N, STM32G0C1VCI6, STM32G0C1VEI6, STM32G411C6T3, STM32G411C6T6, STM32G411C6U3, STM32G411C6U6, STM32G411C8T3, STM32G411C8T6, STM32G411C8U3, STM32G411C8U6, STM32G411CBT3, STM32G411CBT6, STM32G411CBU3, STM32G411CBU6, STM32G411K6T3, STM32G411K6T6, STM32G411K6U3, STM32G411K6U6, STM32G411K8T3, STM32G411K8T6, STM32G411K8U3, STM32G411K8U6, STM32G411KBT3, STM32G411KBT6, STM32G411KBU3, STM32G411KBU6, STM32G411M6T3, STM32G411M6T6, STM32G411M8T3, STM32G411M8T6, STM32G411MBT3, STM32G411MBT6, STM32G411R6T3, STM32G411R6T6, STM32G411R8T3, STM32G411R8T6, STM32G411RBT3, STM32G411RBT6, STM32G414CBT3, STM32G414CBT6, STM32G414CBU3, STM32G414CBU6, STM32G414CCT3, STM32G414CCT6, STM32G414CCU3, STM32G414CCU6, STM32G414MBT3, STM32G414MBT6, STM32G414MCT3, STM32G414MCT6, STM32G414RBT3, STM32G414RBT6, STM32G414RCT3, STM32G414RCT6, STM32G414VBT3, STM32G414VBT6, STM32G414VCT3, STM32G414VCT6, STM32G431CBT3Z, STM32G431RBT3Z, STM32G471CCT6, STM32G471CCU6, STM32G471CET3, STM32G471CET6, STM32G471CEU3, STM32G471CEU6, STM32G471MCT6, STM32G471MET3, STM32G471MET6, STM32G471MEY6TR, STM32G471QCT6, STM32G471QET3, STM32G471RCT6, STM32G471RET3, STM32G471RET6, STM32G471VCH6, STM32G471VCI6, STM32G471VCT6, STM32G471VEH3, STM32G471VEH6, STM32G471VEI3, STM32G471VEI6, STM32G471VET3, STM32G471VET6, STM32G473QET3Z, STM32G473RET3Z, STM32G474CCT6, STM32G491RET3Z, STM32H503CBT6, STM32H503CBU6, STM32H503EBY6TR, STM32H503KBU6, STM32H503RBT6, STM32H523CCT6, STM32H523CCU6, STM32H523CET6, STM32H523CEU6, STM32H523HEY6TR, STM32H523RCT6, STM32H523RET6, STM32H523VCI6, STM32H523VCT6, STM32H523VEI6, STM32H523VET6, STM32H523ZCJ6, STM32H523ZCT6, STM32H523ZEJ6, STM32H523ZET6, STM32H533CET6, STM32H533CEU6, STM32H533HEY6TR, STM32H533RET6, STM32H533VEI6, STM32H533VET6, STM32H533ZEJ6, STM32H533ZET6, STM32H562AGI6, STM32H562AII6, STM32H562IGK6, STM32H562IGT6, STM32H562IIK6, STM32H562IIT6, STM32H562RGT6, STM32H562RGV6, STM32H562RIT6, STM32H562RIV6, STM32H562VGT6, STM32H562VIT6, STM32H562ZGT6, STM32H562ZIT6, STM32H563AGI6, STM32H563AII3Q, STM32H563AII6, STM32H563IGK6, STM32H563IGT6, STM32H563IIK3Q, STM32H563IIK6, STM32H563IIT3Q, STM32H563IIT6, STM32H563MIY3QTR, STM32H563RGT6, STM32H563RGV6, STM32H563RIT6, STM32H563RIV6, STM32H563VGT6, STM32H563VIT3Q, STM32H563VIT6, STM32H563ZGT6, STM32H563ZIT3Q, STM32H563ZIT6, STM32H573AII3Q, STM32H573AII6, STM32H573I-DK, STM32H573IIK3Q, STM32H573IIK6, STM32H573IIT3Q, STM32H573IIT6, STM32H573MIY3QTR, STM32H573RIT6, STM32H573RIV6, STM32H573VIT3Q, STM32H573VIT6, STM32H573ZIT3Q, STM32H573ZIT6, STM32H7R3A8I6, STM32H7R3I8K6, STM32H7R3I8T6, STM32H7R3L8H6, STM32H7R3L8H6H, STM32H7R3R8V6, STM32H7R3V8H6, STM32H7R3V8T6, STM32H7R3V8Y6TR, STM32H7R3Z8J6, STM32H7R3Z8T6, STM32H7R7A8I6, STM32H7R7I8K6, STM32H7R7I8T6, STM32H7R7L8H6, STM32H7R7L8H6H, STM32H7R7Z8J6, STM32H7S3A8I6, STM32H7S3I8K6, STM32H7S3I8T6, STM32H7S3L8H6, STM32H7S3L8H6H, STM32H7S3R8V6, STM32H7S3V8H6, STM32H7S3V8T6, STM32H7S3V8Y6TR, STM32H7S3Z8J6, STM32H7S3Z8T6, STM32H7S78-DK, STM32H7S7A8I6, STM32H7S7I8K6, STM32H7S7I8T6, STM32H7S7L8H6, STM32H7S7L8H6H, STM32H7S7Z8J6, STM32L4R5QGI6STR, STM32MP131AAE3, STM32MP131AAF3, STM32MP131AAG3, STM32MP131CAE3, STM32MP131CAF3, STM32MP131CAG3, STM32MP131DAE7, STM32MP131DAF7, STM32MP131DAG7, STM32MP131FAE7, STM32MP131FAF7, STM32MP131FAG7, STM32MP133AAE3, STM32MP133AAF3, STM32MP133AAG3, STM32MP133CAE3, STM32MP133CAF3, STM32MP133CAG3, STM32MP133DAE7, STM32MP133DAF7, STM32MP133DAG7, STM32MP133FAE7, STM32MP133FAF7, STM32MP133FAG7, STM32MP135AAE3, STM32MP135AAF3, STM32MP135AAG3, STM32MP135CAE3, STM32MP135CAF3, STM32MP135CAG3, STM32MP135DAE7, STM32MP135DAF7, STM32MP135DAG7, STM32MP135F-DK, STM32MP135FAE7, STM32MP135FAF7, STM32MP135FAF7T, STM32MP135FAF7U, STM32MP135FAG7, STM32MP211AAL3, STM32MP211AAM3, STM32MP211AAN3, STM32MP211AAO3, STM32MP211CAL3, STM32MP211CAM3, STM32MP211CAN3, STM32MP211CAO3, STM32MP211DAL3, STM32MP211DAM3, STM32MP211DAN3, STM32MP211DAO3, STM32MP211FAL3, STM32MP211FAM3, STM32MP211FAN3, STM32MP211FAO3, STM32MP213AAL3, STM32MP213AAM3, STM32MP213AAN3, STM32MP213AAO3, STM32MP213CAL3, STM32MP213CAM3, STM32MP213CAN3, STM32MP213CAO3, STM32MP213DAL3, STM32MP213DAM3, STM32MP213DAN3, STM32MP213DAO3, STM32MP213FAL3, STM32MP213FAM3, STM32MP213FAN3, STM32MP213FAO3, STM32MP215AAL3, STM32MP215AAM3, STM32MP215AAN3, STM32MP215AAO3, STM32MP215CAL3, STM32MP215CAM3, STM32MP215CAN3, STM32MP215CAO3, STM32MP215DAL3, STM32MP215DAM3, STM32MP215DAN3, STM32MP215DAO3, STM32MP215F-DK, STM32MP215FAL3, STM32MP215FAM3, STM32MP215FAN3, STM32MP215FAO3, STM32MP231AAJ3, STM32MP231AAK3, STM32MP231AAL3, STM32MP231CAJ3, STM32MP231CAK3, STM32MP231CAL3, STM32MP231DAJ3, STM32MP231DAK3, STM32MP231DAL3, STM32MP231FAJ3, STM32MP231FAK3, STM32MP231FAL3, STM32MP233AAJ3, STM32MP233AAK3, STM32MP233AAL3, STM32MP233CAJ3, STM32MP233CAK3, STM32MP233CAL3, STM32MP233DAJ3, STM32MP233DAK3, STM32MP233DAL3, STM32MP233FAJ3, STM32MP233FAK3, STM32MP233FAL3, STM32MP235AAJ3, STM32MP235AAK3, STM32MP235AAL3, STM32MP235CAJ3, STM32MP235CAK3, STM32MP235CAL3, STM32MP235DAJ3, STM32MP235DAK3, STM32MP235DAL3, STM32MP235FAJ3, STM32MP235FAK3, STM32MP235FAL3, STM32MP251AAI3, STM32MP251AAK3, STM32MP251AAL3, STM32MP251CAI3, STM32MP251CAK3, STM32MP251CAL3, STM32MP251DAI3, STM32MP251DAK3, STM32MP251DAL3, STM32MP251FAI3, STM32MP251FAK3, STM32MP251FAL3, STM32MP253AAI3, STM32MP253AAK3, STM32MP253AAL3, STM32MP253CAI3, STM32MP253CAK3, STM32MP253CAL3, STM32MP253DAI3, STM32MP253DAK3, STM32MP253DAL3, STM32MP253FAI3, STM32MP253FAK3, STM32MP253FAL3, STM32MP255AAI3, STM32MP255AAK3, STM32MP255AAL3, STM32MP255CAI3, STM32MP255CAK3, STM32MP255CAL3, STM32MP255DAI3, STM32MP255DAK3, STM32MP255DAL3, STM32MP255FAI3, STM32MP255FAK3, STM32MP255FAL3, STM32MP257AAI3, STM32MP257AAK3, STM32MP257AAL3, STM32MP257CAI3, STM32MP257CAK3, STM32MP257CAL3, STM32MP257DAI3, STM32MP257DAK3, STM32MP257DAL3, STM32MP257F-DK, STM32MP257F-EV1, STM32MP257FAI3, STM32MP257FAK3, STM32MP257FAL3, STM32N645A0H3Q, STM32N645B0H3Q, STM32N645I0H3Q, STM32N645L0H3Q, STM32N645X0H3Q, STM32N645Z0H3Q, STM32N647A0H3Q, STM32N647B0H3Q, STM32N647I0H3Q, STM32N647L0H3Q, STM32N647X0H3Q, STM32N647Z0H3Q, STM32N655A0H3Q, STM32N655B0H3Q, STM32N655I0H3Q, STM32N655L0H3Q, STM32N655X0H3Q, STM32N655Z0H3Q, STM32N6570-DK, STM32N657A0H3Q, STM32N657B0H3Q, STM32N657I0H3Q, STM32N657L0H3Q, STM32N657X0H3Q, STM32N657Z0H3Q, STM32U031C6T6, STM32U031C6U6, STM32U031C8T6, STM32U031C8U6, STM32U031F4P6, STM32U031F6P6, STM32U031F8P6, STM32U031G6Y6TR, STM32U031G8Y6TR, STM32U031K4U6, STM32U031K6U6, STM32U031K8U6, STM32U031R6I6, STM32U031R6T6, STM32U031R8I6, STM32U031R8T6, STM32U073C8T6, STM32U073C8U6, STM32U073CBT6, STM32U073CBU6, STM32U073CCT6, STM32U073CCU6, STM32U073H8Y6TR, STM32U073HBY6TR, STM32U073HCY6TR, STM32U073K8U6, STM32U073KBU6, STM32U073KCU6, STM32U073M8I6, STM32U073M8T6, STM32U073MBI6, STM32U073MBT6, STM32U073MCI6, STM32U073MCT6, STM32U073R8I6, STM32U073R8T6, STM32U073RBI6, STM32U073RBT6, STM32U073RCI6, STM32U073RCT6, STM32U083C-DK, STM32U083CCT6, STM32U083CCU6, STM32U083HCY6TR, STM32U083KCU6, STM32U083MCI6, STM32U083MCT6, STM32U083RCI6, STM32U083RCT6, STM32U375CET6, STM32U375CET6Q, STM32U375CEU6, STM32U375CEU6Q, STM32U375CEY6QTR, STM32U375CGT6, STM32U375CGT6Q, STM32U375CGU6, STM32U375CGU6Q, STM32U375CGY6QTR, STM32U375KEU6, STM32U375KGU6, STM32U375REI6, STM32U375REI6Q, STM32U375RET6, STM32U375RET6Q, STM32U375REY6GTR, STM32U375REY6QTR, STM32U375RGI6, STM32U375RGI6Q, STM32U375RGT6, STM32U375RGT6Q, STM32U375RGY6GTR, STM32U375RGY6QTR, STM32U375VEI6, STM32U375VEI6Q, STM32U375VET6, STM32U375VET6Q, STM32U375VGI6, STM32U375VGI6Q, STM32U375VGT6, STM32U375VGT6Q, STM32U385CGT6, STM32U385CGT6Q, STM32U385CGU6, STM32U385CGU6Q, STM32U385CGY6QTR, STM32U385KGU6, STM32U385RGI6, STM32U385RGI6Q, STM32U385RGT6, STM32U385RGT6Q, STM32U385RGY6GTR, STM32U385RGY6QTR, STM32U385VGI6, STM32U385VGI6Q, STM32U385VGT6, STM32U385VGT6Q, STM32U535CBT6, STM32U535CBT6Q, STM32U535CBU6, STM32U535CBU6Q, STM32U535CCT6, STM32U535CCT6Q, STM32U535CCU6, STM32U535CCU6Q, STM32U535CET6, STM32U535CET6Q, STM32U535CEU6, STM32U535CEU6Q, STM32U535JEY6QTR, STM32U535NCY6QTR, STM32U535NEY6QTR, STM32U535RBI6, STM32U535RBI6Q, STM32U535RBT6, STM32U535RBT6Q, STM32U535RCI6, STM32U535RCI6Q, STM32U535RCT6, STM32U535RCT6Q, STM32U535REI6, STM32U535REI6Q, STM32U535RET6, STM32U535RET6Q, STM32U535VCI6, STM32U535VCI6Q, STM32U535VCT6, STM32U535VCT6Q, STM32U535VEI6, STM32U535VEI6Q, STM32U535VET6, STM32U535VET6Q, STM32U545CET6, STM32U545CET6Q, STM32U545CEU6, STM32U545CEU6Q, STM32U545JEY6QTR, STM32U545NEY6QTR, STM32U545REI6, STM32U545REI6Q, STM32U545RET6, STM32U545RET6Q, STM32U545VEI6, STM32U545VEI6Q, STM32U545VET6, STM32U545VET6Q, STM32U595AIH6, STM32U595AIH6Q, STM32U595AJH6, STM32U595AJH6Q, STM32U595QII6, STM32U595QII6Q, STM32U595QJI6, STM32U595QJI6Q, STM32U595RIT6, STM32U595RIT6Q, STM32U595RJT6, STM32U595RJT6Q, STM32U595VIT6, STM32U595VIT6Q, STM32U595VJT6, STM32U595VJT6Q, STM32U595ZIT6, STM32U595ZIT6Q, STM32U595ZIY6QTR, STM32U595ZJT6, STM32U595ZJT6Q, STM32U595ZJY6QTR, STM32U599BJY6QTR, STM32U599NIH6Q, STM32U599NJH6Q, STM32U599VIT6Q, STM32U599VJT6, STM32U599VJT6Q, STM32U599ZIT6Q, STM32U599ZIY6QTR, STM32U599ZJT6Q, STM32U599ZJY6QTR, STM32U5A5AJH6, STM32U5A5AJH6Q, STM32U5A5QII3Q , STM32U5A5QJI6, STM32U5A5QJI6Q, STM32U5A5RJT6, STM32U5A5RJT6Q, STM32U5A5VJT6, STM32U5A5VJT6Q, STM32U5A5ZJT6, STM32U5A5ZJT6Q, STM32U5A5ZJY6QTR, STM32U5A9BJY6QTR, STM32U5A9J-DK, STM32U5A9NJH6Q, STM32U5A9VJT6Q, STM32U5A9ZJT6Q, STM32U5A9ZJY6QTR, STM32U5F7VIT6, STM32U5F7VIT6Q, STM32U5F7VJT6, STM32U5F7VJT6Q, STM32U5F9BJY6QTR, STM32U5F9NJH6Q, STM32U5F9VIT6Q, STM32U5F9VJT6Q, STM32U5F9ZIJ6QTR, STM32U5F9ZIT6Q, STM32U5F9ZJJ6QTR, STM32U5F9ZJT6Q, STM32U5G7VJT6, STM32U5G7VJT6Q, STM32U5G9BJY6QTR, STM32U5G9J-DK1, STM32U5G9J-DK2, STM32U5G9NJH6Q, STM32U5G9VJT6Q, STM32U5G9ZJJ6QTR, STM32U5G9ZJT6Q, STM32WB05KZV6TR, STM32WB05KZV7TR, STM32WB05TZF6TR, STM32WB05TZF7TR, STM32WB06CCF6TR, STM32WB06CCF7TR, STM32WB06CCV6TR, STM32WB06CCV7TR, STM32WB06KCV6TR, STM32WB06KCV7TR, STM32WB07CCF6TR, STM32WB07CCF7TR, STM32WB07CCV6TR, STM32WB07CCV7TR, STM32WB07KCV6TR, STM32WB07KCV7TR, STM32WB09KEV6TR, STM32WB09KEV7TR, STM32WB09TEF6TR, STM32WB09TEF7TR, STM32WB1MMCH6, STM32WBA50KGU6, STM32WBA50KGU6TR, STM32WBA52CEU6, STM32WBA52CEU6TR, STM32WBA52CEU7, STM32WBA52CEU7TR, STM32WBA52CGU6, STM32WBA52CGU6TR, STM32WBA52CGU6U, STM32WBA52CGU7, STM32WBA52CGU7TR, STM32WBA52KEU6, STM32WBA52KEU6TR, STM32WBA52KGU6, STM32WBA52KGU6TR, STM32WBA54CEU6, STM32WBA54CEU6TR, STM32WBA54CEU7, STM32WBA54CEU7TR, STM32WBA54CGU6, STM32WBA54CGU6TR, STM32WBA54CGU7, STM32WBA54CGU7TR, STM32WBA54KEU6, STM32WBA54KEU6TR, STM32WBA54KEU7, STM32WBA54KEU7TR, STM32WBA54KGU6, STM32WBA54KGU6TR, STM32WBA54KGU7, STM32WBA54KGU7TR, STM32WBA55CEU6, STM32WBA55CEU6TR, STM32WBA55CEU7, STM32WBA55CEU7TR, STM32WBA55CGU6, STM32WBA55CGU6TR, STM32WBA55CGU6U, STM32WBA55CGU7, STM32WBA55CGU7TR, STM32WBA55G-DK1, STM32WBA55HEF6, STM32WBA55HEF7, STM32WBA55HGF6, STM32WBA55HGF7, STM32WBA55UEI6, STM32WBA55UEI6TR, STM32WBA55UEI7, STM32WBA55UEI7TR, STM32WBA55UGI6, STM32WBA55UGI6TR, STM32WBA55UGI7, STM32WBA55UGI7TR, STM32WBA5MMGH6TR, STM32WBA62MGF6, STM32WBA62MIF6, STM32WBA65MGF7, STM32WBA65MIF6, STM32WBA65MIF7, STM32WL30K8V6, STM32WL30KBV6, STM32WL31C8V6, STM32WL31CBV6, STM32WL31K8V6, STM32WL31KBV6, STM32WL33C8V6, STM32WL33C8V6X, STM32WL33CBV6, STM32WL33CBV6X, STM32WL33CCV6, STM32WL33CCV6A, STM32WL33CCV6X, STM32WL33K8V7, STM32WL33K8V7X, STM32WL33KBV7 , STM32WL33KBV7X, STM32WL33KCV7, STM32WL33KCV7X, STM32WL5MOCH6, STM32WL5MOCH6TR]
2026-05-19 17:42:38,803 [INFO] DbMcus:218 - Found 5055 MCUs, 4968 are supported
2026-05-19 17:42:38,806 [INFO] ApiDb:423 - Load user favorites file C:\Users\Александра/.stm32cubeide/favorites.mcus.txt: 0 item(s)
2026-05-19 17:42:38,808 [INFO] ApiDb:427 - User favorites MCUs=[]
2026-05-19 17:42:38,808 [INFO] DbMcus:224 - Set 0 / 0 favorites MCUs
2026-05-19 17:42:40,933 [INFO] BoardInfo:889 - No configuration file found for board NUCLEO-H5E5ZJ
2026-05-19 17:42:40,935 [INFO] DbBoards:161 - Board is not supported: NUCLEO-H5E5ZJ
2026-05-19 17:42:41,082 [INFO] BoardInfo:889 - No configuration file found for board NUCLEO-U3C5ZI-Q
2026-05-19 17:42:41,084 [INFO] DbBoards:161 - Board is not supported: NUCLEO-U3C5ZI-Q
2026-05-19 17:42:41,122 [INFO] BoardInfo:889 - No configuration file found for board NUCLEO-WBA25CE1
2026-05-19 17:42:41,125 [INFO] DbBoards:161 - Board is not supported: NUCLEO-WBA25CE1
2026-05-19 17:42:41,151 [INFO] BoardInfo:889 - No configuration file found for board NUCLEO-WL3RKB1
2026-05-19 17:42:41,154 [INFO] DbBoards:161 - Board is not supported: NUCLEO-WL3RKB1
2026-05-19 17:42:41,156 [INFO] BoardInfo:889 - No configuration file found for board NUCLEO-WL3RKB2
2026-05-19 17:42:41,159 [INFO] DbBoards:161 - Board is not supported: NUCLEO-WL3RKB2
2026-05-19 17:42:41,186 [INFO] BoardInfo:889 - No configuration file found for board P-NUCLEO-WB55
2026-05-19 17:42:41,189 [INFO] DbBoards:161 - Kit is not supported: P-NUCLEO-WB55
2026-05-19 17:42:41,205 [INFO] BoardInfo:889 - No configuration file found for board STEVAL-BFA001V1B
2026-05-19 17:42:41,207 [INFO] DbBoards:161 - Kit is not supported: STEVAL-BFA001V1B
2026-05-19 17:42:41,210 [INFO] BoardInfo:889 - No configuration file found for board STEVAL-BFA001V2B
2026-05-19 17:42:41,213 [INFO] DbBoards:161 - Kit is not supported: STEVAL-BFA001V2B
2026-05-19 17:42:41,519 [INFO] BoardInfo:889 - No configuration file found for board STM32H5F5J-DK
2026-05-19 17:42:41,521 [INFO] DbBoards:161 - Board is not supported: STM32H5F5J-DK
2026-05-19 17:42:41,753 [INFO] DbBoards:168 - Found 218 boards, 209 are supported
2026-05-19 17:42:41,753 [INFO] DbBoards:169 - Found 218 boards, 43 of them is supported for  Bsp
2026-05-19 17:42:41,761 [INFO] ApiDb:423 - Load user favorites file C:\Users\Александра/.stm32cubeide/favorites.boards.txt: 1 item(s)
2026-05-19 17:42:41,762 [INFO] ApiDb:427 - User favorites Boards=[NUCLEO-G474RE]
2026-05-19 17:42:41,762 [INFO] DbBoards:198 - Set 1 / 1 favorites Boards
2026-05-19 17:42:41,885 [INFO] UtilMem:75 - End LoadConfig() Used Memory: 456811616 Bytes (660602880)
2026-05-19 17:42:42,314 [WARN] ThirdParty:833 - waiting for thirdparty lock release [change project]
2026-05-19 17:42:42,316 [INFO] ThirdParty:835 - entering critical section [change project]
2026-05-19 17:42:42,316 [INFO] ThirdParty:1030 - CMSIS Pack Vendor :STMicroelectronics X-CUBE-AZRTOS-H7 3.5.0
2026-05-19 17:42:42,316 [INFO] ThirdParty:1030 - CMSIS Pack Vendor :STMicroelectronics X-CUBE-PM33A1 1.0.0
2026-05-19 17:42:42,316 [INFO] ThirdParty:1030 - CMSIS Pack Vendor :STMicroelectronics USBPD 4.1
2026-05-19 17:42:42,316 [INFO] ThirdParty:1030 - CMSIS Pack Vendor :STMicroelectronics USB_HOST 2.0.0
2026-05-19 17:42:42,317 [INFO] ThirdParty:1030 - CMSIS Pack Vendor :STMicroelectronics FP-SNS-MOTENVWB1 1.4.0
2026-05-19 17:42:42,317 [INFO] ThirdParty:1030 - CMSIS Pack Vendor :STMicroelectronics X-CUBE-AZRTOS-F4 1.1.0
2026-05-19 17:42:42,317 [INFO] ThirdParty:1030 - CMSIS Pack Vendor :STMicroelectronics LIBJPEG 8.0.0
2026-05-19 17:42:42,317 [INFO] ThirdParty:1030 - CMSIS Pack Vendor :STMicroelectronics FP-ATR-ASTRA1 2.0.2
2026-05-19 17:42:42,317 [INFO] ThirdParty:1030 - CMSIS Pack Vendor :Avnet-IotConnect X-CUBE-IoTC-DA16k-PMOD 1.0.0
2026-05-19 17:42:42,317 [INFO] ThirdParty:1030 - CMSIS Pack Vendor :STMicroelectronics X-CUBE-SMBUS 2.1.0
2026-05-19 17:42:42,317 [INFO] ThirdParty:1030 - CMSIS Pack Vendor :STMicroelectronics X-CUBE-ISPU 2.1.0
2026-05-19 17:42:42,317 [INFO] ThirdParty:1030 - CMSIS Pack Vendor :STMicroelectronics X-CUBE-IPS 3.2.0
2026-05-19 17:42:42,317 [INFO] ThirdParty:1030 - CMSIS Pack Vendor :STMicroelectronics eDS-WB_DPC_TT-BIDIR 2.1.1
2026-05-19 17:42:42,317 [INFO] ThirdParty:1030 - CMSIS Pack Vendor :STMicroelectronics X-CUBE-ST60 1.0.0
2026-05-19 17:42:42,317 [INFO] ThirdParty:1030 - CMSIS Pack Vendor :STMicroelectronics X-CUBE-NFC12 1.0.0
2026-05-19 17:42:42,318 [INFO] ThirdParty:1030 - CMSIS Pack Vendor :STMicroelectronics X-CUBE-AZRTOS-F7 1.1.0
2026-05-19 17:42:42,318 [INFO] ThirdParty:1030 - CMSIS Pack Vendor :STMicroelectronics X-CUBE-AZRTOS-L5 2.0.0
2026-05-19 17:42:42,318 [INFO] ThirdParty:1030 - CMSIS Pack Vendor :STMicroelectronics USB_DEVICE 2.0.0
2026-05-19 17:42:42,318 [INFO] ThirdParty:1030 - CMSIS Pack Vendor :STMicroelectronics X-CUBE-NFC6 3.1.0
2026-05-19 17:42:42,318 [INFO] ThirdParty:1030 - CMSIS Pack Vendor :Cesanta I-CUBE-Mongoose 7.19.0
2026-05-19 17:42:42,318 [INFO] ThirdParty:1030 - CMSIS Pack Vendor :STMicroelectronics FP-SNS-MOTENV1 5.1.0
2026-05-19 17:42:42,318 [INFO] ThirdParty:1030 - CMSIS Pack Vendor :STMicroelectronics FreeRTOS 0.0.1
2026-05-19 17:42:42,318 [INFO] ThirdParty:1030 - CMSIS Pack Vendor :STMicroelectronics eDS-WB_DPC_VIENNA 1.2.0
2026-05-19 17:42:42,318 [INFO] ThirdParty:1030 - CMSIS Pack Vendor :WES I-CUBE-Cesium 1.4.0
2026-05-19 17:42:42,318 [INFO] ThirdParty:1030 - CMSIS Pack Vendor :STMicroelectronics eDS-WB_DPC_3PH2L-BIDIR 1.1.1
2026-05-19 17:42:42,319 [INFO] ThirdParty:1030 - CMSIS Pack Vendor :Infineon AIROC-Wi-Fi-Bluetooth-STM32 1.7.1
2026-05-19 17:42:42,319 [INFO] ThirdParty:1030 - CMSIS Pack Vendor :STMicroelectronics PDM2PCM 3.3.0
2026-05-19 17:42:42,319 [INFO] ThirdParty:1030 - CMSIS Pack Vendor :STMicroelectronics X-CUBE-AZRTOS-H7 3.4.0
2026-05-19 17:42:42,319 [INFO] ThirdParty:1030 - CMSIS Pack Vendor :STMicroelectronics X-CUBE-DISPLAY 3.0.0
2026-05-19 17:42:42,319 [INFO] ThirdParty:1030 - CMSIS Pack Vendor :STMicroelectronics X-CUBE-GNSS1 7.1.1
2026-05-19 17:42:42,319 [INFO] ThirdParty:1030 - CMSIS Pack Vendor :STMicroelectronics FP-SNS-MOTENVWB1 1.5.0
2026-05-19 17:42:42,319 [INFO] ThirdParty:1030 - CMSIS Pack Vendor :STMicroelectronics X-CUBE-NFC10 1.0.0
2026-05-19 17:42:42,319 [INFO] ThirdParty:1030 - CMSIS Pack Vendor :STMicroelectronics X-CUBE-FREERTOS 1.3.1
2026-05-19 17:42:42,319 [INFO] ThirdParty:1030 - CMSIS Pack Vendor :STMicroelectronics HAL Drivers 0.0.0
2026-05-19 17:42:42,320 [INFO] ThirdParty:1030 - CMSIS Pack Vendor :STMicroelectronics X-CUBE-ST60 1.1.0
2026-05-19 17:42:42,320 [INFO] ThirdParty:1030 - CMSIS Pack Vendor :emotas I-CUBE-CANOPEN 1.3.0
2026-05-19 17:42:42,320 [INFO] ThirdParty:1030 - CMSIS Pack Vendor :STMicroelectronics MBEDTLS 2.14.1
2026-05-19 17:42:42,320 [INFO] ThirdParty:1030 - CMSIS Pack Vendor :STMicroelectronics X-CUBE-GNSS1 7.1.0
2026-05-19 17:42:42,320 [INFO] ThirdParty:1030 - CMSIS Pack Vendor :STMicroelectronics X-CUBE-TOUCHGFX 4.26.0
2026-05-19 17:42:42,320 [INFO] ThirdParty:1030 - CMSIS Pack Vendor :STMicroelectronics X-CUBE-TOUCHGFX 4.26.1
2026-05-19 17:42:42,320 [INFO] ThirdParty:1030 - CMSIS Pack Vendor :STMicroelectronics FP-SNS-STBOX1 2.1.0
2026-05-19 17:42:42,320 [INFO] ThirdParty:1030 - CMSIS Pack Vendor :STMicroelectronics FP-SNS-STAIOTCFT 1.0.0
2026-05-19 17:42:42,320 [INFO] ThirdParty:1030 - CMSIS Pack Vendor :STMicroelectronics FP-SNS-SMARTAG2 1.2.0
2026-05-19 17:42:42,320 [INFO] ThirdParty:1030 - CMSIS Pack Vendor :STMicroelectronics FP-SNS-FLIGHT1 5.1.0
2026-05-19 17:42:42,321 [INFO] ThirdParty:1030 - CMSIS Pack Vendor :STMicroelectronics X-CUBE-AZRTOS-WL 2.0.0
2026-05-19 17:42:42,321 [INFO] ThirdParty:1030 - CMSIS Pack Vendor :STMicroelectronics X-CUBE-DPower 1.3.0
2026-05-19 17:42:42,321 [INFO] ThirdParty:1030 - CMSIS Pack Vendor :STMicroelectronics FP-SNS-MOTENV1 5.0.0
2026-05-19 17:42:42,321 [INFO] ThirdParty:1030 - CMSIS Pack Vendor :STMicroelectronics USB_DEVICE 1.0.0
2026-05-19 17:42:42,321 [INFO] ThirdParty:1030 - CMSIS Pack Vendor :STMicroelectronics X-CUBE-AZRTOS-H7RS 1.2.0
2026-05-19 17:42:42,321 [INFO] ThirdParty:1030 - CMSIS Pack Vendor :STMicroelectronics X-CUBE-AZRTOS-L4 2.0.0
2026-05-19 17:42:42,321 [INFO] ThirdParty:1030 - CMSIS Pack Vendor :STMicroelectronics ThreadX 0.0.2
2026-05-19 17:42:42,321 [INFO] ThirdParty:1030 - CMSIS Pack Vendor :STMicroelectronics lwIP 2.1.2
2026-05-19 17:42:42,321 [INFO] ThirdParty:1030 - CMSIS Pack Vendor :STMicroelectronics X-CUBE-SFXS2LP1 4.0.0
2026-05-19 17:42:42,322 [INFO] ThirdParty:1030 - CMSIS Pack Vendor :STMicroelectronics X-CUBE-BLE2 3.3.0
2026-05-19 17:42:42,322 [INFO] ThirdParty:1030 - CMSIS Pack Vendor :Avnet-IOTCONNECT X-CUBE-iotc-st67-sdk 1.0.0
2026-05-19 17:42:42,322 [INFO] ThirdParty:1030 - CMSIS Pack Vendor :STMicroelectronics PDM2PCM 3.2.0
2026-05-19 17:42:42,322 [INFO] ThirdParty:1030 - CMSIS Pack Vendor :STMicroelectronics X-CUBE-WB05N 2.1.0
2026-05-19 17:42:42,322 [INFO] ThirdParty:1030 - CMSIS Pack Vendor :STMicroelectronics X-CUBE-ST67W61 1.2.0
2026-05-19 17:42:42,322 [INFO] ThirdParty:1030 - CMSIS Pack Vendor :STMicroelectronics X-CUBE-NFC9 1.0.0
2026-05-19 17:42:42,322 [INFO] ThirdParty:1030 - CMSIS Pack Vendor :wolfSSL I-CUBE-wolfSSL 5.8.2
2026-05-19 17:42:42,322 [INFO] ThirdParty:1030 - CMSIS Pack Vendor :STMicroelectronics X-CUBE-BLE1 7.1.0
2026-05-19 17:42:42,322 [INFO] ThirdParty:1030 - CMSIS Pack Vendor :wolfSSL I-CUBE-wolfMQTT 1.19.2
2026-05-19 17:42:42,322 [INFO] ThirdParty:1030 - CMSIS Pack Vendor :STMicroelectronics USB_DEVICE 3.0.0
2026-05-19 17:42:42,322 [INFO] ThirdParty:1030 - CMSIS Pack Vendor :STMicroelectronics X-CUBE-FREERTOS 1.4.0
2026-05-19 17:42:42,322 [INFO] ThirdParty:1030 - CMSIS Pack Vendor :STMicroelectronics X-CUBE-EEPRMA1 5.2.0
2026-05-19 17:42:42,322 [INFO] ThirdParty:1030 - CMSIS Pack Vendor :STMicroelectronics X-CUBE-BLEMGR 4.1.0
2026-05-19 17:42:42,322 [INFO] ThirdParty:1030 - CMSIS Pack Vendor :STMicroelectronics X-CUBE-AZRTOS-WB 2.0.0
2026-05-19 17:42:42,323 [INFO] ThirdParty:1030 - CMSIS Pack Vendor :STMicroelectronics X-CUBE-GNSS1 7.0.1
2026-05-19 17:42:42,323 [INFO] ThirdParty:1030 - CMSIS Pack Vendor :STMicroelectronics X-CUBE-TOUCHGFX 4.25.0
2026-05-19 17:42:42,323 [INFO] ThirdParty:1030 - CMSIS Pack Vendor :STMicroelectronics X-CUBE-ST67W61 1.1.0
2026-05-19 17:42:42,323 [INFO] ThirdParty:1030 - CMSIS Pack Vendor :STMicroelectronics FP-SNS-STAIOTCFT 1.1.0
2026-05-19 17:42:42,323 [INFO] ThirdParty:1030 - CMSIS Pack Vendor :quantropi X-CUBE-qispace-sdk-base 2.1.0
2026-05-19 17:42:42,323 [INFO] ThirdParty:1030 - CMSIS Pack Vendor :STMicroelectronics X-CUBE-MEMS1 12.0.0
2026-05-19 17:42:42,323 [INFO] ThirdParty:1030 - CMSIS Pack Vendor :STMicroelectronics X-CUBE-STSE01 2.0.0
2026-05-19 17:42:42,323 [INFO] ThirdParty:1030 - CMSIS Pack Vendor :STMicroelectronics X-CUBE-AZRTOS-G0 1.1.0
2026-05-19 17:42:42,323 [INFO] ThirdParty:1030 - CMSIS Pack Vendor :STMicroelectronics X-CUBE-SAFEA1 1.2.2
2026-05-19 17:42:42,324 [INFO] ThirdParty:1030 - CMSIS Pack Vendor :STMicroelectronics X-CUBE-NFC4 3.0.0
2026-05-19 17:42:42,324 [INFO] ThirdParty:1030 - CMSIS Pack Vendor :STMicroelectronics X-CUBE-SUBG2 5.0.0
2026-05-19 17:42:42,324 [INFO] ThirdParty:1030 - CMSIS Pack Vendor :STMicroelectronics X-CUBE-AZRTOS-H7RS 1.1.0
2026-05-19 17:42:42,324 [INFO] ThirdParty:1030 - CMSIS Pack Vendor :STMicroelectronics STM32_WPAN 1.0.0
2026-05-19 17:42:42,324 [INFO] ThirdParty:1030 - CMSIS Pack Vendor :EmbeddedOffice I-CUBE-FS-RTOS 1.0.1
2026-05-19 17:42:42,324 [INFO] ThirdParty:1030 - CMSIS Pack Vendor :STMicroelectronics lwIP 2.0.3
2026-05-19 17:42:42,324 [INFO] ThirdParty:1030 - CMSIS Pack Vendor :STMicroelectronics USB_HOST 1.0.0
2026-05-19 17:42:42,324 [INFO] ThirdParty:1030 - CMSIS Pack Vendor :STMicroelectronics X-CUBE-AZRTOS-G4 2.0.0
2026-05-19 17:42:42,324 [INFO] ThirdParty:1030 - CMSIS Pack Vendor :STMicroelectronics X-CUBE-WB05N 2.0.0
2026-05-19 17:42:42,324 [INFO] ThirdParty:1030 - CMSIS Pack Vendor :STMicroelectronics PDM2PCM 3.1.0
2026-05-19 17:42:42,325 [INFO] ThirdParty:1030 - CMSIS Pack Vendor :wolfSSL I-CUBE-wolfTPM 3.8.0
2026-05-19 17:42:42,325 [INFO] ThirdParty:1030 - CMSIS Pack Vendor :wolfSSL I-CUBE-wolfSSH 1.4.20
2026-05-19 17:42:42,325 [INFO] ThirdParty:1030 - CMSIS Pack Vendor :STMicroelectronics X-CUBE-NFC7 2.0.0
2026-05-19 17:42:42,325 [INFO] ThirdParty:1030 - CMSIS Pack Vendor :STMicroelectronics X-CUBE-TCPP 4.2.0
2026-05-19 17:42:42,325 [INFO] ThirdParty:1030 - CMSIS Pack Vendor :RealThread X-CUBE-RT-Thread_Nano 4.1.1
2026-05-19 17:42:42,325 [INFO] ThirdParty:1030 - CMSIS Pack Vendor :STMicroelectronics FP-ATR-SIGFOX1 3.2.0
2026-05-19 17:42:42,325 [INFO] ThirdParty:1030 - CMSIS Pack Vendor :STMicroelectronics X-CUBE-FREERTOS 1.5.0
2026-05-19 17:42:42,325 [INFO] ThirdParty:1030 - CMSIS Pack Vendor :STMicroelectronics MBEDTLS 2.16.2
2026-05-19 17:42:42,327 [INFO] ThirdParty:1030 - CMSIS Pack Vendor :STMicroelectronics X-CUBE-IPS 3.1.0
2026-05-19 17:42:42,327 [INFO] ThirdParty:1030 - CMSIS Pack Vendor :STMicroelectronics X-CUBE-ALS 1.0.2
2026-05-19 17:42:42,327 [INFO] ThirdParty:1030 - CMSIS Pack Vendor :ITTIA_DB I-CUBE-ITTIADB 8.9.0
2026-05-19 17:42:42,327 [INFO] ThirdParty:1030 - CMSIS Pack Vendor :STMicroelectronics X-CUBE-STSE01 1.0.0
2026-05-19 17:42:42,327 [INFO] ThirdParty:1030 - CMSIS Pack Vendor :STMicroelectronics X-CUBE-NFC6 3.2.0
2026-05-19 17:42:42,327 [INFO] ThirdParty:1030 - CMSIS Pack Vendor :STMicroelectronics X-CUBE-ST67W61 1.0.0
2026-05-19 17:42:42,327 [INFO] ThirdParty:1030 - CMSIS Pack Vendor :STMicroelectronics X-CUBE-AI 10.2.0
2026-05-19 17:42:42,327 [INFO] ThirdParty:1030 - CMSIS Pack Vendor :STMicroelectronics ThreadX 1.0.0
2026-05-19 17:42:42,327 [INFO] ThirdParty:1030 - CMSIS Pack Vendor :STMicroelectronics X-CUBE-MEMS1 12.1.0
2026-05-19 17:42:42,327 [INFO] ThirdParty:1030 - CMSIS Pack Vendor :SEGGER I-CUBE-embOS 1.3.1
2026-05-19 17:42:42,327 [INFO] ThirdParty:1030 - CMSIS Pack Vendor :STMicroelectronics X-CUBE-ALGOBUILD 1.4.0
2026-05-19 17:42:42,328 [INFO] ThirdParty:1030 - CMSIS Pack Vendor :STMicroelectronics X-CUBE-MEMS1 11.3.0
2026-05-19 17:42:42,328 [INFO] ThirdParty:1030 - CMSIS Pack Vendor :STMicroelectronics X-CUBE-TOF1 3.4.3
2026-05-19 17:42:42,328 [INFO] ThirdParty:841 - exiting critical section [change project]
2026-05-19 17:42:44,513 [INFO] PinOutPanel:1589 - setPackage(No Configuration,No Configuration)
2026-05-19 17:42:44,517 [INFO] PinOutPanel:1589 - setPackage(STM32G474RETx,LQFP64)
2026-05-19 17:42:46,107 [INFO] UtilMem:75 - Before build in PCC Used Memory: 281441768 Bytes (660602880)
2026-05-19 17:42:48,642 [INFO] UtilMem:75 - After build in PCC Used Memory: 428362952 Bytes (660602880)
2026-05-19 17:42:48,836 [INFO] IPUIPlugin:80 - create IPUIPlugin
2026-05-19 17:42:48,836 [INFO] IPUIPlugin:80 - create IPUIPlugin
2026-05-19 17:42:48,837 [INFO] IPUIPlugin:80 - create IPUIPlugin
2026-05-19 17:42:48,837 [INFO] IPUIPlugin:80 - create IPUIPlugin
2026-05-19 17:42:48,838 [INFO] IPUIPlugin:80 - create IPUIPlugin
2026-05-19 17:42:48,839 [INFO] IPUIPlugin:80 - create IPUIPlugin
2026-05-19 17:42:48,839 [INFO] IPUIPlugin:80 - create IPUIPlugin
2026-05-19 17:42:48,840 [INFO] IPUIPlugin:80 - create IPUIPlugin
2026-05-19 17:42:48,840 [INFO] IPUIPlugin:80 - create IPUIPlugin
2026-05-19 17:42:48,840 [INFO] IPUIPlugin:80 - create IPUIPlugin
2026-05-19 17:42:48,841 [INFO] IPUIPlugin:80 - create IPUIPlugin
2026-05-19 17:42:48,841 [INFO] IPUIPlugin:80 - create IPUIPlugin
2026-05-19 17:42:48,842 [INFO] IPUIPlugin:80 - create IPUIPlugin
2026-05-19 17:42:48,844 [INFO] IPUIPlugin:80 - create IPUIPlugin
2026-05-19 17:42:48,845 [INFO] IPUIPlugin:80 - create IPUIPlugin
2026-05-19 17:42:48,845 [INFO] IPUIPlugin:80 - create IPUIPlugin
2026-05-19 17:42:48,847 [INFO] IPUIPlugin:80 - create IPUIPlugin
2026-05-19 17:42:48,847 [INFO] IPUIPlugin:80 - create IPUIPlugin
2026-05-19 17:42:48,848 [INFO] IPUIPlugin:80 - create IPUIPlugin
2026-05-19 17:42:48,849 [INFO] IPUIPlugin:80 - create IPUIPlugin
2026-05-19 17:42:48,850 [INFO] IPUIPlugin:80 - create IPUIPlugin
2026-05-19 17:42:48,850 [INFO] IPUIPlugin:80 - create IPUIPlugin
2026-05-19 17:42:48,850 [INFO] IPUIPlugin:80 - create IPUIPlugin
2026-05-19 17:42:48,851 [INFO] IPUIPlugin:80 - create IPUIPlugin
2026-05-19 17:42:48,851 [INFO] IPUIPlugin:80 - create IPUIPlugin
2026-05-19 17:42:48,852 [INFO] IPUIPlugin:80 - create IPUIPlugin
2026-05-19 17:42:48,853 [INFO] IPUIPlugin:80 - create IPUIPlugin
2026-05-19 17:42:48,854 [INFO] IPUIPlugin:80 - create IPUIPlugin
2026-05-19 17:42:48,856 [INFO] IPUIPlugin:80 - create IPUIPlugin
2026-05-19 17:42:48,857 [INFO] IPUIPlugin:80 - create IPUIPlugin
2026-05-19 17:42:48,857 [INFO] IPUIPlugin:80 - create IPUIPlugin
2026-05-19 17:42:48,858 [INFO] IPUIPlugin:80 - create IPUIPlugin
2026-05-19 17:42:48,858 [INFO] IPUIPlugin:80 - create IPUIPlugin
2026-05-19 17:42:48,858 [INFO] IPUIPlugin:80 - create IPUIPlugin
2026-05-19 17:42:48,860 [INFO] IPUIPlugin:80 - create IPUIPlugin
2026-05-19 17:42:48,861 [INFO] IPUIPlugin:80 - create IPUIPlugin
2026-05-19 17:42:48,862 [INFO] IPUIPlugin:80 - create IPUIPlugin
2026-05-19 17:42:48,863 [INFO] IPUIPlugin:80 - create IPUIPlugin
2026-05-19 17:42:48,864 [INFO] IPUIPlugin:80 - create IPUIPlugin
2026-05-19 17:42:48,865 [INFO] IPUIPlugin:80 - create IPUIPlugin
2026-05-19 17:42:48,865 [INFO] IPUIPlugin:80 - create IPUIPlugin
2026-05-19 17:42:48,866 [INFO] IPUIPlugin:80 - create IPUIPlugin
2026-05-19 17:42:48,866 [INFO] IPUIPlugin:80 - create IPUIPlugin
2026-05-19 17:42:48,867 [INFO] IPUIPlugin:80 - create IPUIPlugin
2026-05-19 17:42:48,867 [INFO] IPUIPlugin:80 - create IPUIPlugin
2026-05-19 17:42:48,868 [INFO] IPUIPlugin:80 - create IPUIPlugin
2026-05-19 17:42:48,869 [INFO] IPUIPlugin:80 - create IPUIPlugin
2026-05-19 17:42:48,871 [INFO] IPUIPlugin:80 - create IPUIPlugin
2026-05-19 17:42:48,872 [INFO] IPUIPlugin:80 - create IPUIPlugin
2026-05-19 17:42:48,874 [INFO] IPUIPlugin:80 - create IPUIPlugin
2026-05-19 17:42:48,875 [INFO] IPUIPlugin:80 - create IPUIPlugin
2026-05-19 17:42:48,876 [INFO] IPUIPlugin:80 - create IPUIPlugin
2026-05-19 17:42:48,877 [INFO] IPUIPlugin:80 - create IPUIPlugin
2026-05-19 17:42:48,878 [INFO] IPUIPlugin:80 - create IPUIPlugin
2026-05-19 17:42:48,879 [INFO] IPUIPlugin:80 - create IPUIPlugin
2026-05-19 17:42:48,880 [INFO] IPUIPlugin:80 - create IPUIPlugin
2026-05-19 17:42:48,881 [INFO] IPUIPlugin:80 - create IPUIPlugin
2026-05-19 17:42:48,881 [INFO] IPUIPlugin:80 - create IPUIPlugin
2026-05-19 17:42:48,882 [INFO] IPUIPlugin:80 - create IPUIPlugin
2026-05-19 17:42:48,883 [INFO] IPUIPlugin:80 - create IPUIPlugin
2026-05-19 17:42:48,884 [INFO] IPUIPlugin:80 - create IPUIPlugin
2026-05-19 17:42:48,884 [INFO] IPUIPlugin:80 - create IPUIPlugin
2026-05-19 17:42:48,885 [INFO] IPUIPlugin:80 - create IPUIPlugin
2026-05-19 17:42:48,886 [INFO] IPUIPlugin:80 - create IPUIPlugin
2026-05-19 17:42:48,888 [INFO] IPUIPlugin:80 - create IPUIPlugin
2026-05-19 17:42:48,888 [INFO] IPUIPlugin:80 - create IPUIPlugin
2026-05-19 17:42:48,890 [INFO] IPUIPlugin:80 - create IPUIPlugin
2026-05-19 17:42:48,891 [INFO] IPUIPlugin:80 - create IPUIPlugin
2026-05-19 17:42:48,892 [INFO] IPUIPlugin:80 - create IPUIPlugin
2026-05-19 17:42:48,894 [INFO] IPUIPlugin:80 - create IPUIPlugin
2026-05-19 17:42:48,895 [INFO] IPUIPlugin:80 - create IPUIPlugin
2026-05-19 17:42:48,895 [INFO] IPUIPlugin:80 - create IPUIPlugin
2026-05-19 17:42:48,896 [INFO] IPUIPlugin:80 - create IPUIPlugin
2026-05-19 17:42:48,897 [INFO] IPUIPlugin:80 - create IPUIPlugin
2026-05-19 17:42:48,898 [INFO] IPUIPlugin:80 - create IPUIPlugin
2026-05-19 17:42:48,899 [INFO] IPUIPlugin:80 - create IPUIPlugin
2026-05-19 17:42:48,900 [INFO] IPUIPlugin:80 - create IPUIPlugin
2026-05-19 17:42:49,718 [INFO] CADModel:165 - CPN selected for project levelSTM32G474RET6
2026-05-19 17:42:49,718 [INFO] CADModel:114 - Register for checkConnection events
2026-05-19 17:42:49,830 [INFO] OpenFileManager:386 - Restore cursor
2026-05-19 17:43:20,452 [INFO] ADCParametersView:116 -                Rank 1 : false
2026-05-19 17:43:20,731 [INFO] ADCParametersView:116 -                Rank 1 : false
2026-05-19 17:43:20,732 [INFO] ADCParametersView:116 -                Rank 1 : false
2026-05-19 17:43:20,733 [INFO] ADCParametersView:116 -                Rank 1 : false
2026-05-19 17:43:20,734 [INFO] ADCParametersView:116 -                Rank 1 : false
2026-05-19 17:43:20,735 [INFO] ADCParametersView:116 -                Rank 1 : false
2026-05-19 17:43:20,736 [INFO] ADCParametersView:116 -                Rank 1 : false
2026-05-19 17:43:20,737 [INFO] ADCParametersView:116 -                Rank 1 : false
2026-05-19 17:43:20,738 [INFO] ADCParametersView:116 -                Rank 1 : false
2026-05-19 17:43:20,738 [INFO] ADCParametersView:116 -                Rank 1 : false
2026-05-19 17:43:20,739 [INFO] ADCParametersView:116 -                Rank 1 : false
2026-05-19 17:43:20,739 [INFO] ADCParametersView:116 -                Rank 1 : false
2026-05-19 17:43:20,739 [INFO] ADCParametersView:116 -                Rank 1 : false
2026-05-19 17:43:20,741 [INFO] ADCParametersView:116 -                Rank 1 : false
2026-05-19 17:43:20,741 [INFO] ADCParametersView:116 -                Rank 1 : false
2026-05-19 17:43:20,742 [INFO] ADCParametersView:116 -                Rank 1 : false
2026-05-19 17:43:20,742 [INFO] ADCParametersView:116 -                Rank 1 : false
2026-05-19 17:43:20,742 [INFO] ADCParametersView:116 -                Rank 1 : false
2026-05-19 17:43:20,742 [INFO] ADCParametersView:116 -                Rank 1 : false
2026-05-19 17:43:20,743 [INFO] ADCParametersView:116 -                Rank 1 : false
2026-05-19 17:43:20,743 [INFO] ADCParametersView:116 -                Rank 1 : false
2026-05-19 17:43:20,743 [INFO] ADCParametersView:116 -                Rank 1 : false
2026-05-19 17:43:20,793 [INFO] ADCParametersView:116 -                Rank 1 : false
2026-05-19 17:43:20,829 [INFO] NvicIntPanel:101 - NVIC parent = com.st.microxplorer.plugins.ip.nvic.MultiNvicIntPanel[,0,0,0x0,invalid,layout=javax.swing.BoxLayout,alignmentX=0.0,alignmentY=0.0,border=,flags=9,maximumSize=,minimumSize=,preferredSize=]
2026-05-19 17:43:24,852 [INFO] ADCParametersView:116 -                Rank 1 : false
2026-05-19 17:43:24,854 [INFO] ADCParametersView:116 -                Rank 1 : false
2026-05-19 17:43:24,854 [INFO] ADCParametersView:116 -                Rank 1 : false
2026-05-19 17:43:24,855 [INFO] ADCParametersView:116 -                Rank 1 : false
2026-05-19 17:43:24,855 [INFO] ADCParametersView:116 -                Rank 1 : false
2026-05-19 17:43:24,855 [INFO] ADCParametersView:116 -                Rank 1 : false
2026-05-19 17:43:24,856 [INFO] ADCParametersView:116 -                Rank 1 : false
2026-05-19 17:43:24,856 [INFO] ADCParametersView:116 -                Rank 1 : false
2026-05-19 17:43:24,857 [INFO] ADCParametersView:116 -                Rank 1 : false
2026-05-19 17:43:24,857 [INFO] ADCParametersView:116 -                Rank 1 : false
2026-05-19 17:43:24,858 [INFO] ADCParametersView:116 -                Rank 1 : false
2026-05-19 17:43:24,858 [INFO] ADCParametersView:116 -                Rank 1 : false
2026-05-19 17:43:24,860 [INFO] ADCParametersView:116 -                Rank 1 : false
2026-05-19 17:43:24,860 [INFO] ADCParametersView:116 -                Rank 1 : false
2026-05-19 17:43:24,860 [INFO] ADCParametersView:116 -                Rank 1 : false
2026-05-19 17:43:24,860 [INFO] ADCParametersView:116 -                Rank 1 : false
2026-05-19 17:43:24,861 [INFO] ADCParametersView:116 -                Rank 1 : false
2026-05-19 17:43:24,861 [INFO] ADCParametersView:116 -                Rank 1 : false
2026-05-19 17:43:24,861 [INFO] ADCParametersView:116 -                Rank 1 : false
2026-05-19 17:43:24,861 [INFO] ADCParametersView:116 -                Rank 1 : false
2026-05-19 17:43:24,862 [INFO] ADCParametersView:116 -                Rank 1 : false
2026-05-19 17:43:24,891 [INFO] ADCParametersView:116 -                Rank 1 : false
2026-05-19 17:44:06,100 [INFO] NvicIntPanel:101 - NVIC parent = com.st.microxplorer.plugins.ip.nvic.MultiNvicIntPanel[,0,0,0x0,invalid,layout=javax.swing.BoxLayout,alignmentX=0.0,alignmentY=0.0,border=,flags=9,maximumSize=,minimumSize=,preferredSize=]
2026-05-19 17:44:13,758 [WARN] Mcu:7025 - HRTIM1 Clean up: some unused parameters were removed
2026-05-19 17:44:13,770 [INFO] UtilMem:75 - End SaveConfig() Used Memory: 314664192 Bytes (670040064)
2026-05-19 17:44:16,760 [WARN] Mcu:7025 - HRTIM1 Clean up: some unused parameters were removed
2026-05-19 17:44:16,763 [INFO] UtilMem:75 - End SaveConfig() Used Memory: 352455592 Bytes (670040064)
2026-05-19 17:44:23,999 [WARN] Mcu:7025 - HRTIM1 Clean up: some unused parameters were removed
2026-05-19 17:44:24,003 [INFO] UtilMem:75 - End SaveConfig() Used Memory: 332233344 Bytes (675282944)
2026-05-19 17:44:24,776 [INFO] BlockDiagram:2775 - set Specific Code input for plugin: SYS
2026-05-19 17:44:24,776 [INFO] BlockDiagram:2775 - set Specific Code input for plugin: ADC
2026-05-19 17:44:24,777 [INFO] BlockDiagram:2775 - set Specific Code input for plugin: RCC
2026-05-19 17:44:24,777 [INFO] BlockDiagram:2775 - set Specific Code input for plugin: HRTIM
2026-05-19 17:44:24,777 [INFO] BlockDiagram:2775 - set Specific Code input for plugin: NVIC
2026-05-19 17:44:24,777 [INFO] BlockDiagram:2775 - set Specific Code input for plugin: GPIO
2026-05-19 17:44:24,779 [INFO] CodeGenerator:892 - code generatio: config db path: C:\ST\STM32CubeIDE_1.19.0\STM32CubeIDE\plugins\com.st.stm32cube.common.mx_6.15.0.202507011659\\db\
2026-05-19 17:44:25,071 [INFO] CodeEngine:265 - oldGeneratedFile, C:\Users\Александра\Documents\hrtim_test_pwm_1_signal\test_hrtim1\MXTmpFiles\license.tmp_save
2026-05-19 17:44:25,545 [INFO] CodeEngine:289 - Generated code: C:\Users\Александра\Documents\hrtim_test_pwm_1_signal\test_hrtim1\MXTmpFiles\license.tmp
2026-05-19 17:44:25,750 [INFO] CodeEngine:265 - oldGeneratedFile, C:\Users\Александра\Documents\hrtim_test_pwm_1_signal\test_hrtim1\MXTmpFiles\gpio.tmp_save
2026-05-19 17:44:25,934 [INFO] CodeEngine:289 - Generated code: C:\Users\Александра\Documents\hrtim_test_pwm_1_signal\test_hrtim1\MXTmpFiles\gpio.tmp
2026-05-19 17:44:27,121 [INFO] CodeEngine:265 - oldGeneratedFile, C:\Users\Александра\Documents\hrtim_test_pwm_1_signal\test_hrtim1\Core\Src\stm32g4xx_it.c_save
2026-05-19 17:44:27,322 [INFO] CodeEngine:289 - Generated code: C:\Users\Александра\Documents\hrtim_test_pwm_1_signal\test_hrtim1\Core\Src\stm32g4xx_it.c
2026-05-19 17:44:27,333 [INFO] CodeEngine:265 - oldGeneratedFile, C:\Users\Александра\Documents\hrtim_test_pwm_1_signal\test_hrtim1\Core\Inc\stm32g4xx_it.h_save
2026-05-19 17:44:27,437 [INFO] CodeEngine:289 - Generated code: C:\Users\Александра\Documents\hrtim_test_pwm_1_signal\test_hrtim1\Core\Inc\stm32g4xx_it.h
2026-05-19 17:44:27,468 [INFO] CodeEngine:265 - oldGeneratedFile, C:\Users\Александра\Documents\hrtim_test_pwm_1_signal\test_hrtim1\Core\Src\stm32g4xx_hal_msp.c_save
2026-05-19 17:44:27,721 [INFO] CodeEngine:289 - Generated code: C:\Users\Александра\Documents\hrtim_test_pwm_1_signal\test_hrtim1\Core\Src\stm32g4xx_hal_msp.c
2026-05-19 17:44:27,732 [INFO] CodeEngine:265 - oldGeneratedFile, C:\Users\Александра\Documents\hrtim_test_pwm_1_signal\test_hrtim1\MXTmpFiles\system.tmp_save
2026-05-19 17:44:27,885 [INFO] CodeEngine:289 - Generated code: C:\Users\Александра\Documents\hrtim_test_pwm_1_signal\test_hrtim1\MXTmpFiles\system.tmp
2026-05-19 17:44:27,926 [INFO] CodeEngine:321 - oldGeneratedFile, C:\Users\Александра\Documents\hrtim_test_pwm_1_signal\test_hrtim1\Core\Inc\stm32g4xx_hal_conf.h_save
2026-05-19 17:44:28,085 [INFO] CodeEngine:345 - Generated code: C:\Users\Александра\Documents\hrtim_test_pwm_1_signal\test_hrtim1\Core\Inc\stm32g4xx_hal_conf.h
2026-05-19 17:44:28,132 [WARN] IPConfigManager:3238 - Warning: the RefConfig RCC_CommonPeriphClockConfig is not available in your config.xml file
2026-05-19 17:44:28,150 [INFO] ApiDbMcu:532 - Load IP Config File for ADC1
2026-05-19 17:44:28,322 [INFO] ApiDbMcu:532 - Load IP Config File for HRTIM1
2026-05-19 17:44:28,332 [INFO] ApiDbMcu:532 - Load IP Config File for RCC
2026-05-19 17:44:28,482 [INFO] CodeEngine:265 - oldGeneratedFile, C:\Users\Александра\Documents\hrtim_test_pwm_1_signal\test_hrtim1\Core\Inc\main.h_save
2026-05-19 17:44:28,695 [INFO] CodeEngine:289 - Generated code: C:\Users\Александра\Documents\hrtim_test_pwm_1_signal\test_hrtim1\Core\Inc\main.h
2026-05-19 17:44:28,732 [INFO] CodeEngine:265 - oldGeneratedFile, C:\Users\Александра\Documents\hrtim_test_pwm_1_signal\test_hrtim1\Core\Src\main.c_save
2026-05-19 17:44:29,155 [INFO] CodeEngine:289 - Generated code: C:\Users\Александра\Documents\hrtim_test_pwm_1_signal\test_hrtim1\Core\Src\main.c
2026-05-19 17:44:30,187 [INFO] ProjectBuilder:3606 - Time for Copy HAL[1] : 445mS.
2026-05-19 17:44:30,196 [INFO] ProjectBuilder:5216 - Project Generator version: 4.7.0-B52
2026-05-19 17:44:30,334 [INFO] ConfigFileManager:1595 - The Die is : DIE469
2026-05-19 17:44:30,345 [INFO] ApiDbMcu:532 - Load IP Config File for FATFS
2026-05-19 17:44:30,354 [INFO] ApiDbMcu:532 - Load IP Config File for FREERTOS
2026-05-19 17:44:30,366 [INFO] ApiDbMcu:532 - Load IP Config File for USBPD
2026-05-19 17:44:30,386 [INFO] ApiDbMcu:532 - Load IP Config File for USB_DEVICE
2026-05-19 17:44:31,017 [INFO] LogOutputStream:77 - [STDOUT_REDIRECT] 
2026-05-19 17:44:32,559 [INFO] ProjectBuilder:5496 - Time for Generating toolchain IDE Files: 2363mS.
2026-05-19 17:44:32,560 [INFO] ProjectBuilder:3463 - Time for Copy CMSIS : 1mS.
2026-05-19 17:44:32,564 [INFO] ProjectBuilder:3463 - Time for Copy CMSIS : 1mS.
2026-05-19 18:53:14,270 [INFO] Activator:176 - 


2026-05-19 18:53:14,272 [INFO] Activator:177 - !SESSION log4j initialized
2026-05-19 18:53:21,736 [INFO] LogOutputStream:77 - [STDOUT_REDIRECT] 
2026-05-19 18:53:23,588 [INFO] ApplicationProperties:184 - Using Application install path: C:\ST\STM32CubeIDE_1.19.0\STM32CubeIDE\plugins\com.st.stm32cube.common.mx_6.15.0.202507011659
2026-05-19 18:53:23,620 [INFO] DbMcusXml:78 - Set database path to: C:\ST\STM32CubeIDE_1.19.0\STM32CubeIDE\plugins\com.st.stm32cube.common.mx_6.15.0.202507011659\\db\/mcu/
2026-05-19 18:53:23,620 [INFO] ApiDb:274 - Set plugin database path to: C:\ST\STM32CubeIDE_1.19.0\STM32CubeIDE\plugins\com.st.stm32cube.common.mx_6.15.0.202507011659\\db\/plugins/boardmanager/
2026-05-19 18:53:23,621 [WARN] ApiDb:259 - Overriding images path with different value:  => C:\ST\STM32CubeIDE_1.19.0\STM32CubeIDE\plugins\com.st.stm32cube.common.mx_6.15.0.202507011659\\db\/plugins/mcufinder/images/
2026-05-19 18:53:23,632 [INFO] ApiDb:250 - Set database path to: C:\Users\Александра\.stmcufinder\plugins\mcufinder//mcu/
2026-05-19 18:53:23,634 [INFO] DbMcusAds:125 - Set database path to: C:\Users\Александра\.stmcufinder\plugins\mcufinder//mcu/
2026-05-19 18:53:23,638 [INFO] CrossReferenceDbSqlite:203 - Set database path to: C:\Users\Александра\.stmcufinder\plugins\mcufinder//mcu/cs/
2026-05-19 18:53:23,843 [INFO] RulesReader:64 - Compatibility file has been processed (317 Rules)
2026-05-19 18:53:23,979 [INFO] DbMcusXml:78 - Set database path to: C:\ST\STM32CubeIDE_1.19.0\STM32CubeIDE\plugins\com.st.stm32cube.common.mx_6.15.0.202507011659\\db\/mcu/
2026-05-19 18:53:23,980 [INFO] ApiDb:274 - Set plugin database path to: C:\ST\STM32CubeIDE_1.19.0\STM32CubeIDE\plugins\com.st.stm32cube.common.mx_6.15.0.202507011659\\db\/plugins/boardmanager/
2026-05-19 18:53:23,980 [INFO] ApiDb:261 - Set plugin images path to: C:\ST\STM32CubeIDE_1.19.0\STM32CubeIDE\plugins\com.st.stm32cube.common.mx_6.15.0.202507011659\\db\/plugins/mcufinder/images/
2026-05-19 18:53:23,980 [WARN] DbFile:41 - Overriding database path with different value: C:\Users\Александра\.stmcufinder\plugins\mcufinder/ => C:\Users\Александра\.stmcufinder\plugins\mcufinder
2026-05-19 18:53:23,980 [INFO] ApiDb:250 - Set database path to: C:\Users\Александра\.stmcufinder\plugins\mcufinder//mcu/
2026-05-19 18:53:23,980 [WARN] DbFile:41 - Overriding database path with different value: C:\Users\Александра\.stmcufinder\plugins\mcufinder/ => C:\Users\Александра\.stmcufinder\plugins\mcufinder
2026-05-19 18:53:23,980 [INFO] DbMcusAds:125 - Set database path to: C:\Users\Александра\.stmcufinder\plugins\mcufinder//mcu/
2026-05-19 18:53:23,981 [WARN] DbFile:41 - Overriding database path with different value: C:\Users\Александра\.stmcufinder\plugins\mcufinder/ => C:\Users\Александра\.stmcufinder\plugins\mcufinder
2026-05-19 18:53:23,981 [WARN] DbFile:41 - Overriding database path with different value: C:\Users\Александра\.stmcufinder\plugins\mcufinder/ => C:\Users\Александра\.stmcufinder\plugins\mcufinder
2026-05-19 18:53:23,981 [INFO] CrossReferenceDbSqlite:203 - Set database path to: C:\Users\Александра\.stmcufinder\plugins\mcufinder//mcu/cs/
2026-05-19 18:53:24,096 [INFO] MainPanel:274 - HeapMemory: 268435456
2026-05-19 18:53:24,260 [INFO] DbMcusXml:78 - Set database path to: C:\ST\STM32CubeIDE_1.19.0\STM32CubeIDE\plugins\com.st.stm32cube.common.mx_6.15.0.202507011659\\db\/mcu/
2026-05-19 18:53:24,261 [INFO] ApiDb:274 - Set plugin database path to: C:\ST\STM32CubeIDE_1.19.0\STM32CubeIDE\plugins\com.st.stm32cube.common.mx_6.15.0.202507011659\\db\/plugins/boardmanager/
2026-05-19 18:53:24,261 [INFO] ApiDb:261 - Set plugin images path to: C:\ST\STM32CubeIDE_1.19.0\STM32CubeIDE\plugins\com.st.stm32cube.common.mx_6.15.0.202507011659\\db\/plugins/mcufinder/images/
2026-05-19 18:53:24,261 [WARN] DbFile:41 - Overriding database path with different value: C:\Users\Александра\.stmcufinder\plugins\mcufinder/ => C:\Users\Александра\.stmcufinder\plugins\mcufinder
2026-05-19 18:53:24,261 [INFO] ApiDb:250 - Set database path to: C:\Users\Александра\.stmcufinder\plugins\mcufinder//mcu/
2026-05-19 18:53:24,262 [WARN] DbFile:41 - Overriding database path with different value: C:\Users\Александра\.stmcufinder\plugins\mcufinder/ => C:\Users\Александра\.stmcufinder\plugins\mcufinder
2026-05-19 18:53:24,262 [INFO] DbMcusAds:125 - Set database path to: C:\Users\Александра\.stmcufinder\plugins\mcufinder//mcu/
2026-05-19 18:53:24,262 [WARN] DbFile:41 - Overriding database path with different value: C:\Users\Александра\.stmcufinder\plugins\mcufinder/ => C:\Users\Александра\.stmcufinder\plugins\mcufinder
2026-05-19 18:53:24,262 [WARN] DbFile:41 - Overriding database path with different value: C:\Users\Александра\.stmcufinder\plugins\mcufinder/ => C:\Users\Александра\.stmcufinder\plugins\mcufinder
2026-05-19 18:53:24,262 [INFO] CrossReferenceDbSqlite:203 - Set database path to: C:\Users\Александра\.stmcufinder\plugins\mcufinder//mcu/cs/
2026-05-19 18:53:24,286 [INFO] ApplicationProperties:184 - Using Application install path: C:\ST\STM32CubeIDE_1.19.0\STM32CubeIDE\plugins\com.st.stm32cube.common.mx_6.15.0.202507011659
2026-05-19 18:53:24,288 [INFO] PluginManage:196 - Search for loadable plugins [exclusion list=, ]
2026-05-19 18:53:24,290 [INFO] PluginManage:310 - Check plugin analytics
2026-05-19 18:53:24,609 [INFO] AnalyticsPlugin:253 - Accepted Software Licenses: STM32CubeMX.6.15.0,STM32CubeMX.6.13.0,STM32CubeMX.6.12.0
2026-05-19 18:53:24,610 [INFO] AnalyticsPlugin:255 - Accepted CMSIS Pack Licenses: 
2026-05-19 18:53:24,610 [INFO] AnalyticsPlugin:257 - Accepted Firmware Licenses: FW.F4.1.28.0,FW.F7.1.17.0,FW.G0.1.6.0,FW.G4.1.6.0,FW.H5.1.3.0,FW.H7.1.11.0,FW.L4.1.18.0,FW.L5.1.5.0,FW.U5.1.6.0,FW.WB.1.20.0
2026-05-19 18:53:24,615 [INFO] PluginManage:359 - Loaded plugin analytics (category:tool,tabindex:-1)
2026-05-19 18:53:24,616 [INFO] PluginManage:310 - Check plugin cadmodel
2026-05-19 18:53:24,623 [INFO] CADModel:105 - Init CAD model plugin
2026-05-19 18:53:24,623 [INFO] PluginManage:359 - Loaded plugin cadmodel (category:power,tabindex:5)
2026-05-19 18:53:24,624 [INFO] PluginManage:310 - Check plugin clock
2026-05-19 18:53:24,637 [INFO] PluginManage:359 - Loaded plugin clock (category:base,tabindex:2)
2026-05-19 18:53:24,638 [INFO] PluginManage:310 - Check plugin ddr
2026-05-19 18:53:24,641 [INFO] PluginManage:359 - Loaded plugin ddr (category:tool,tabindex:6)
2026-05-19 18:53:24,642 [INFO] PluginManage:310 - Check plugin filemanager
2026-05-19 18:53:24,862 [INFO] PluginManage:359 - Loaded plugin filemanager (category:base,tabindex:10)
2026-05-19 18:53:24,862 [INFO] PluginManage:310 - Check plugin ipmanager
2026-05-19 18:53:24,870 [INFO] PluginManage:359 - Loaded plugin ipmanager (category:base,tabindex:5)
2026-05-19 18:53:24,870 [INFO] PluginManage:310 - Check plugin lpbam
2026-05-19 18:53:24,882 [INFO] PluginManage:359 - Loaded plugin lpbam (category:base,tabindex:0)
2026-05-19 18:53:24,883 [INFO] PluginManage:310 - Check plugin memorymap
2026-05-19 18:53:24,901 [INFO] PluginManage:359 - Loaded plugin memorymap (category:base,tabindex:4)
2026-05-19 18:53:24,901 [INFO] PluginManage:310 - Check plugin pinoutandconfiguration
2026-05-19 18:53:24,914 [INFO] PluginManage:359 - Loaded plugin pinoutandconfiguration (category:base,tabindex:1)
2026-05-19 18:53:24,914 [INFO] PluginManage:310 - Check plugin pinoutconfig
2026-05-19 18:53:25,051 [WARN] SupportedApi:132 - Cannot load RTOS API schema: s4s-elt-must-match.1: The content of 'definitions' must match (annotation?, (simpleType | complexType)?, (unique | key | keyref)*)). A problem was found starting at: attribute.
2026-05-19 18:53:25,264 [INFO] PluginManage:359 - Loaded plugin pinoutconfig (category:base,tabindex:0)
2026-05-19 18:53:25,265 [INFO] PluginManage:310 - Check plugin power
2026-05-19 18:53:25,281 [INFO] PluginManage:359 - Loaded plugin power (category:power,tabindex:4)
2026-05-19 18:53:25,281 [INFO] PluginManage:310 - Check plugin projectmanager
2026-05-19 18:53:25,309 [INFO] PluginManage:359 - Loaded plugin projectmanager (category:projectmanager,tabindex:4)
2026-05-19 18:53:25,309 [INFO] PluginManage:310 - Check plugin rif
2026-05-19 18:53:25,322 [INFO] PluginManage:359 - Loaded plugin rif (category:base,tabindex:3)
2026-05-19 18:53:25,322 [INFO] PluginManage:310 - Check plugin thirdparty
2026-05-19 18:53:25,508 [INFO] PluginManage:359 - Loaded plugin thirdparty (category:base,tabindex:-1)
2026-05-19 18:53:25,508 [WARN] IntegrityCheckThread:84 - waiting for thirdparty lock release [integrity check]
2026-05-19 18:53:25,508 [INFO] PluginManage:310 - Check plugin tools
2026-05-19 18:53:25,508 [INFO] IntegrityCheckThread:86 - entering critical section [integrity check]
2026-05-19 18:53:25,508 [INFO] ThirdPartyUpdaterWithRetryManager:70 - Updater plugin not ready yet. [1/15]
2026-05-19 18:53:25,512 [INFO] PluginManage:359 - Loaded plugin tools (category:base,tabindex:7)
2026-05-19 18:53:25,512 [INFO] PluginManage:310 - Check plugin tutovideos
2026-05-19 18:53:25,793 [INFO] PluginManage:359 - Loaded plugin tutovideos (category:base,tabindex:-1)
2026-05-19 18:53:25,793 [INFO] PluginManage:310 - Check plugin updater
2026-05-19 18:53:25,819 [INFO] PluginManage:359 - Loaded plugin updater (category:base,tabindex:12)
2026-05-19 18:53:25,819 [INFO] PluginManage:310 - Check plugin userauth
2026-05-19 18:53:25,826 [INFO] UserAuth:118 - Init User Auth plugin
2026-05-19 18:53:25,827 [INFO] PluginManage:359 - Loaded plugin userauth (category:base,tabindex:14)
2026-05-19 18:53:25,828 [INFO] PluginManage:283 - PluginManage : Loaded plugins [18]
2026-05-19 18:53:26,110 [INFO] PinOutPanel:1589 - setPackage(No Configuration,No Configuration)
2026-05-19 18:53:26,233 [INFO] CADModel:165 - CPN selected for project level
2026-05-19 18:53:26,233 [INFO] CADModel:114 - Register for checkConnection events
2026-05-19 18:53:26,255 [INFO] IPUIPlugin:80 - create IPUIPlugin
2026-05-19 18:53:26,255 [INFO] PluginManager:220 - loadIPPluginJar : add adc
2026-05-19 18:53:26,259 [INFO] IPUIPlugin:80 - create IPUIPlugin
2026-05-19 18:53:26,260 [INFO] PluginManager:220 - loadIPPluginJar : add aes
2026-05-19 18:53:26,262 [INFO] IPUIPlugin:80 - create IPUIPlugin
2026-05-19 18:53:26,263 [INFO] PluginManager:220 - loadIPPluginJar : add can
2026-05-19 18:53:26,265 [INFO] IPUIPlugin:80 - create IPUIPlugin
2026-05-19 18:53:26,265 [INFO] PluginManager:220 - loadIPPluginJar : add comp
2026-05-19 18:53:26,268 [INFO] IPUIPlugin:80 - create IPUIPlugin
2026-05-19 18:53:26,268 [INFO] PluginManager:220 - loadIPPluginJar : add cryp
2026-05-19 18:53:26,272 [INFO] IPUIPlugin:80 - create IPUIPlugin
2026-05-19 18:53:26,272 [INFO] PluginManager:220 - loadIPPluginJar : add ddr_ctrl_phy
2026-05-19 18:53:26,275 [INFO] IPUIPlugin:80 - create IPUIPlugin
2026-05-19 18:53:26,276 [INFO] PluginManager:220 - loadIPPluginJar : add dfsdm
2026-05-19 18:53:26,281 [INFO] IPUIPlugin:80 - create IPUIPlugin
2026-05-19 18:53:26,281 [INFO] PluginManager:220 - loadIPPluginJar : add dma
2026-05-19 18:53:26,284 [INFO] IPUIPlugin:80 - create IPUIPlugin
2026-05-19 18:53:26,284 [INFO] PluginManager:220 - loadIPPluginJar : add dma3
2026-05-19 18:53:26,287 [INFO] IPUIPlugin:80 - create IPUIPlugin
2026-05-19 18:53:26,287 [INFO] PluginManager:220 - loadIPPluginJar : add extmemmanager
2026-05-19 18:53:26,290 [INFO] IPUIPlugin:80 - create IPUIPlugin
2026-05-19 18:53:26,290 [INFO] PluginManager:220 - loadIPPluginJar : add fatfs
2026-05-19 18:53:26,295 [INFO] IPUIPlugin:80 - create IPUIPlugin
2026-05-19 18:53:26,295 [INFO] PluginManager:220 - loadIPPluginJar : add fmc
2026-05-19 18:53:26,303 [INFO] IPUIPlugin:80 - create IPUIPlugin
2026-05-19 18:53:26,303 [INFO] PluginManager:220 - loadIPPluginJar : add freertos
2026-05-19 18:53:26,305 [INFO] IPUIPlugin:80 - create IPUIPlugin
2026-05-19 18:53:26,305 [INFO] PluginManager:220 - loadIPPluginJar : add genericplugin
2026-05-19 18:53:26,310 [INFO] IPUIPlugin:80 - create IPUIPlugin
2026-05-19 18:53:26,310 [INFO] PluginManager:220 - loadIPPluginJar : add gfxmmu
2026-05-19 18:53:26,315 [INFO] IPUIPlugin:80 - create IPUIPlugin
2026-05-19 18:53:26,316 [INFO] PluginManager:220 - loadIPPluginJar : add gic
2026-05-19 18:53:26,320 [INFO] IPUIPlugin:80 - create IPUIPlugin
2026-05-19 18:53:26,320 [INFO] PluginManager:220 - loadIPPluginJar : add gpio
2026-05-19 18:53:26,324 [INFO] IPUIPlugin:80 - create IPUIPlugin
2026-05-19 18:53:26,324 [INFO] PluginManager:220 - loadIPPluginJar : add gtzc
2026-05-19 18:53:26,328 [INFO] IPUIPlugin:80 - create IPUIPlugin
2026-05-19 18:53:26,329 [INFO] PluginManager:220 - loadIPPluginJar : add hash
2026-05-19 18:53:26,331 [INFO] IPUIPlugin:80 - create IPUIPlugin
2026-05-19 18:53:26,331 [INFO] PluginManager:220 - loadIPPluginJar : add i2c
2026-05-19 18:53:26,336 [INFO] IPUIPlugin:80 - create IPUIPlugin
2026-05-19 18:53:26,336 [INFO] PluginManager:220 - loadIPPluginJar : add i2s
2026-05-19 18:53:26,340 [INFO] IPUIPlugin:80 - create IPUIPlugin
2026-05-19 18:53:26,340 [INFO] PluginManager:220 - loadIPPluginJar : add i3c
2026-05-19 18:53:26,345 [INFO] IPUIPlugin:80 - create IPUIPlugin
2026-05-19 18:53:26,345 [INFO] PluginManager:220 - loadIPPluginJar : add ipddr
2026-05-19 18:53:26,356 [INFO] IPUIPlugin:80 - create IPUIPlugin
2026-05-19 18:53:26,356 [INFO] PluginManager:220 - loadIPPluginJar : add linkedlist
2026-05-19 18:53:26,360 [INFO] IPUIPlugin:80 - create IPUIPlugin
2026-05-19 18:53:26,360 [INFO] PluginManager:220 - loadIPPluginJar : add lorawan
2026-05-19 18:53:26,362 [INFO] IPUIPlugin:80 - create IPUIPlugin
2026-05-19 18:53:26,362 [INFO] PluginManager:220 - loadIPPluginJar : add ltdc
2026-05-19 18:53:26,370 [INFO] IPUIPlugin:80 - create IPUIPlugin
2026-05-19 18:53:26,370 [INFO] PluginManager:220 - loadIPPluginJar : add mdma
2026-05-19 18:53:26,376 [INFO] IPUIPlugin:80 - create IPUIPlugin
2026-05-19 18:53:26,376 [INFO] PluginManager:220 - loadIPPluginJar : add nvic
2026-05-19 18:53:26,380 [INFO] IPUIPlugin:80 - create IPUIPlugin
2026-05-19 18:53:26,380 [INFO] PluginManager:220 - loadIPPluginJar : add opamp
2026-05-19 18:53:26,387 [INFO] IPUIPlugin:80 - create IPUIPlugin
2026-05-19 18:53:26,387 [INFO] PluginManager:220 - loadIPPluginJar : add openamp
2026-05-19 18:53:26,391 [INFO] IPUIPlugin:80 - create IPUIPlugin
2026-05-19 18:53:26,392 [INFO] PluginManager:220 - loadIPPluginJar : add pdm2pcm
2026-05-19 18:53:26,399 [INFO] IPUIPlugin:80 - create IPUIPlugin
2026-05-19 18:53:26,403 [INFO] PluginManager:220 - loadIPPluginJar : add plateformsettings
2026-05-19 18:53:26,405 [INFO] IPUIPlugin:80 - create IPUIPlugin
2026-05-19 18:53:26,405 [INFO] PluginManager:220 - loadIPPluginJar : add quadspi
2026-05-19 18:53:26,408 [INFO] IPUIPlugin:80 - create IPUIPlugin
2026-05-19 18:53:26,409 [INFO] PluginManager:220 - loadIPPluginJar : add radio
2026-05-19 18:53:26,415 [INFO] IPUIPlugin:80 - create IPUIPlugin
2026-05-19 18:53:26,415 [INFO] PluginManager:220 - loadIPPluginJar : add resmgrutility
2026-05-19 18:53:26,421 [INFO] IPUIPlugin:80 - create IPUIPlugin
2026-05-19 18:53:26,421 [INFO] PluginManager:220 - loadIPPluginJar : add sai
2026-05-19 18:53:26,423 [INFO] IPUIPlugin:80 - create IPUIPlugin
2026-05-19 18:53:26,424 [INFO] PluginManager:220 - loadIPPluginJar : add spi
2026-05-19 18:53:26,434 [INFO] IPUIPlugin:80 - create IPUIPlugin
2026-05-19 18:53:26,434 [INFO] PluginManager:220 - loadIPPluginJar : add stm32_wpan
2026-05-19 18:53:26,438 [INFO] IPUIPlugin:80 - create IPUIPlugin
2026-05-19 18:53:26,438 [INFO] PluginManager:220 - loadIPPluginJar : add tim
2026-05-19 18:53:26,441 [INFO] IPUIPlugin:80 - create IPUIPlugin
2026-05-19 18:53:26,442 [INFO] PluginManager:220 - loadIPPluginJar : add touchsensing
2026-05-19 18:53:26,444 [INFO] IPUIPlugin:80 - create IPUIPlugin
2026-05-19 18:53:26,444 [INFO] PluginManager:220 - loadIPPluginJar : add tracer_emb
2026-05-19 18:53:26,447 [INFO] IPUIPlugin:80 - create IPUIPlugin
2026-05-19 18:53:26,447 [INFO] PluginManager:220 - loadIPPluginJar : add ts
2026-05-19 18:53:26,451 [INFO] IPUIPlugin:80 - create IPUIPlugin
2026-05-19 18:53:26,451 [INFO] PluginManager:220 - loadIPPluginJar : add tsc
2026-05-19 18:53:26,453 [INFO] IPUIPlugin:80 - create IPUIPlugin
2026-05-19 18:53:26,454 [INFO] PluginManager:220 - loadIPPluginJar : add ucpd
2026-05-19 18:53:26,458 [INFO] IPUIPlugin:80 - create IPUIPlugin
2026-05-19 18:53:26,458 [INFO] PluginManager:220 - loadIPPluginJar : add usart
2026-05-19 18:53:26,462 [INFO] IPUIPlugin:80 - create IPUIPlugin
2026-05-19 18:53:26,462 [INFO] PluginManager:220 - loadIPPluginJar : add usbx
2026-05-19 18:53:26,606 [FATAL] Updater:351 - Updater called before beeing initialized
2026-05-19 18:53:26,686 [INFO] RulesReader:64 - Compatibility file has been processed (317 Rules)
2026-05-19 18:53:26,702 [INFO] RulesReader:64 - Compatibility file has been processed (317 Rules)
2026-05-19 18:53:26,718 [INFO] CADModel:165 - CPN selected for project level
2026-05-19 18:53:26,718 [INFO] CADModel:114 - Register for checkConnection events
2026-05-19 18:53:26,718 [FATAL] Updater:351 - Updater called before beeing initialized
2026-05-19 18:53:26,718 [ERROR] CADModel:125 - Updater not yet initialized, retry later 
2026-05-19 18:53:26,929 [FATAL] Updater:351 - Updater called before beeing initialized
2026-05-19 18:53:26,931 [INFO] CADModel:165 - CPN selected for project level
2026-05-19 18:53:26,932 [INFO] CADModel:114 - Register for checkConnection events
2026-05-19 18:53:26,932 [FATAL] Updater:351 - Updater called before beeing initialized
2026-05-19 18:53:26,932 [ERROR] CADModel:125 - Updater not yet initialized, retry later 
2026-05-19 18:53:26,937 [FATAL] Updater:351 - Updater called before beeing initialized
2026-05-19 18:53:27,116 [FATAL] Updater:351 - Updater called before beeing initialized
2026-05-19 18:53:27,122 [INFO] DbMcusAds:53 - JSON generation date=Mon Apr 27 11:14:29 MSK 2026 (1777277669577)
2026-05-19 18:53:27,122 [FATAL] Updater:351 - Updater called before beeing initialized
2026-05-19 18:53:27,170 [WARN] DetailPanel:346 - Failed to get advertising image, set to default
2026-05-19 18:53:27,268 [FATAL] Updater:351 - Updater called before beeing initialized
2026-05-19 18:53:27,269 [FATAL] Updater:351 - Updater called before beeing initialized
2026-05-19 18:53:27,269 [FATAL] Updater:351 - Updater called before beeing initialized
2026-05-19 18:53:27,269 [WARN] DetailPanel:346 - Failed to get advertising image, set to default
2026-05-19 18:53:27,271 [FATAL] Updater:351 - Updater called before beeing initialized
2026-05-19 18:53:27,330 [ERROR] Updater:1198 - MainUpdater not yet initialized. External WinMGr cannot be set.
2026-05-19 18:53:27,335 [INFO] Updater:1134 - Updater Version found : 6.15.0
2026-05-19 18:53:27,351 [INFO] ApplicationProperties:184 - Using Application install path: C:\ST\STM32CubeIDE_1.19.0\STM32CubeIDE\plugins\com.st.stm32cube.common.mx_6.15.0.202507011659
2026-05-19 18:53:28,106 [ERROR] CheckConnectionManager:249 - Problem, Http access forbiden
2026-05-19 18:53:28,113 [INFO] MainUpdater:2872 - connection check result : 22
2026-05-19 18:53:28,114 [INFO] MainUpdater:289 - Updater Check For Update Now.
2026-05-19 18:53:28,114 [INFO] MicroXplorer:498 - Change Database Version : DB.6.0.150
2026-05-19 18:53:28,133 [INFO] McuFinderGlobals:63 - Set McuFinder mode to 2 (CubeIDE integrated)
2026-05-19 18:53:28,134 [INFO] UserAuth:487 - Internet connection configuration mode: 2
2026-05-19 18:53:28,138 [INFO] UserAuth:487 - Internet connection configuration mode: 2
2026-05-19 18:53:28,372 [INFO] CheckServerUpdateThread:120 - End of CheckServer Thread
2026-05-19 18:53:28,877 [WARN] PackLoader:240 - Cannot read IP mode file for STMicroelectronics.X-CUBE-AZRTOS-H7.3.5.0
2026-05-19 18:53:28,896 [WARN] PackLoader:240 - Cannot read IP mode file for STMicroelectronics.FP-SNS-MOTENVWB1.1.4.0
2026-05-19 18:53:28,906 [WARN] PackLoader:240 - Cannot read IP mode file for STMicroelectronics.FP-ATR-ASTRA1.2.0.2
2026-05-19 18:53:28,917 [WARN] PackLoader:240 - Cannot read IP mode file for STMicroelectronics.X-CUBE-SMBUS.2.1.0
2026-05-19 18:53:28,924 [WARN] PackLoader:240 - Cannot read IP mode file for STMicroelectronics.X-CUBE-ST60.1.0.0
2026-05-19 18:53:28,968 [WARN] PackLoader:240 - Cannot read IP mode file for STMicroelectronics.X-CUBE-AZRTOS-F7.1.1.0
2026-05-19 18:53:28,980 [WARN] PackLoader:240 - Cannot read IP mode file for Cesanta.I-CUBE-Mongoose.7.19.0
2026-05-19 18:53:28,987 [WARN] PackLoader:240 - Cannot read IP mode file for STMicroelectronics.FP-SNS-MOTENV1.5.1.0
2026-05-19 18:53:29,002 [WARN] PackLoader:240 - Cannot read IP mode file for WES.I-CUBE-Cesium.1.4.0
2026-05-19 18:53:29,032 [WARN] PackLoader:240 - Cannot read IP mode file for Infineon.AIROC-Wi-Fi-Bluetooth-STM32.1.7.1
2026-05-19 18:53:29,071 [WARN] PackLoader:240 - Cannot read IP mode file for STMicroelectronics.X-CUBE-AZRTOS-H7.3.4.0
2026-05-19 18:53:29,088 [WARN] PackLoader:240 - Cannot read IP mode file for STMicroelectronics.X-CUBE-DISPLAY.3.0.0
2026-05-19 18:53:29,105 [WARN] PackLoader:240 - Cannot read IP mode file for STMicroelectronics.X-CUBE-GNSS1.7.1.1
2026-05-19 18:53:29,112 [WARN] PackLoader:240 - Cannot read IP mode file for STMicroelectronics.FP-SNS-MOTENVWB1.1.5.0
2026-05-19 18:53:29,120 [WARN] PackLoader:240 - Cannot read IP mode file for STMicroelectronics.X-CUBE-NFC10.1.0.0
2026-05-19 18:53:29,127 [WARN] PackLoader:240 - Cannot read IP mode file for STMicroelectronics.X-CUBE-ST60.1.1.0
2026-05-19 18:53:29,137 [WARN] PackLoader:240 - Cannot read IP mode file for emotas.I-CUBE-CANOPEN.1.3.0
2026-05-19 18:53:29,143 [WARN] PackLoader:240 - Cannot read IP mode file for STMicroelectronics.X-CUBE-GNSS1.7.1.0
2026-05-19 18:53:29,154 [WARN] PackLoader:240 - Cannot read IP mode file for STMicroelectronics.FP-SNS-STBOX1.2.1.0
2026-05-19 18:53:29,161 [WARN] PackLoader:240 - Cannot read IP mode file for STMicroelectronics.FP-SNS-SMARTAG2.1.2.0
2026-05-19 18:53:29,168 [WARN] PackLoader:240 - Cannot read IP mode file for STMicroelectronics.FP-SNS-FLIGHT1.5.1.0
2026-05-19 18:53:29,179 [INFO] LogOutputStream:77 - [STDOUT_REDIRECT] 1 : Invalid condition id : UX_CORESTACK_Condition cause : null
2026-05-19 18:53:29,180 [INFO] LogOutputStream:77 - [STDOUT_REDIRECT] 1 : Invalid condition id : UX_CORESTACK_Condition cause : null
2026-05-19 18:53:29,181 [INFO] LogOutputStream:77 - [STDOUT_REDIRECT] 1 : Invalid condition id : UX_CORESTACK_Condition cause : null
2026-05-19 18:53:29,183 [INFO] LogOutputStream:77 - [STDOUT_REDIRECT] 1 : Invalid condition id : UX_CORESTACK_Condition cause : null
2026-05-19 18:53:29,185 [INFO] LogOutputStream:77 - [STDOUT_REDIRECT] 1 : Invalid condition id : UX_CORESTACK_Condition cause : null
2026-05-19 18:53:29,188 [WARN] PackLoader:240 - Cannot read IP mode file for STMicroelectronics.X-CUBE-AZRTOS-WL.2.0.0
2026-05-19 18:53:29,194 [WARN] PackLoader:240 - Cannot read IP mode file for STMicroelectronics.FP-SNS-MOTENV1.5.0.0
2026-05-19 18:53:29,217 [WARN] PackLoader:240 - Cannot read IP mode file for STMicroelectronics.X-CUBE-AZRTOS-H7RS.1.2.0
2026-05-19 18:53:29,227 [WARN] PackLoader:240 - Cannot read IP mode file for STMicroelectronics.X-CUBE-BLE2.3.3.0
2026-05-19 18:53:29,249 [INFO] LogOutputStream:77 - [STDOUT_REDIRECT] [ThirdParty] unknown protocol: c
2026-05-19 18:53:29,249 [WARN] PackLoader:240 - Cannot read IP mode file for Avnet-IOTCONNECT.X-CUBE-iotc-st67-sdk.1.0.0
2026-05-19 18:53:29,256 [WARN] PackLoader:240 - Cannot read IP mode file for STMicroelectronics.X-CUBE-NFC9.1.0.0
2026-05-19 18:53:29,263 [WARN] PackLoader:240 - Cannot read IP mode file for wolfSSL.I-CUBE-wolfSSL.5.8.2
2026-05-19 18:53:29,269 [WARN] PackLoader:240 - Cannot read IP mode file for STMicroelectronics.X-CUBE-BLE1.7.1.0
2026-05-19 18:53:29,284 [WARN] PackLoader:240 - Cannot read IP mode file for wolfSSL.I-CUBE-wolfMQTT.1.19.2
2026-05-19 18:53:29,292 [WARN] PackLoader:240 - Cannot read IP mode file for STMicroelectronics.X-CUBE-FREERTOS.1.4.0
2026-05-19 18:53:29,302 [WARN] PackLoader:240 - Cannot read IP mode file for STMicroelectronics.X-CUBE-EEPRMA1.5.2.0
2026-05-19 18:53:29,313 [WARN] PackLoader:240 - Cannot read IP mode file for STMicroelectronics.X-CUBE-ST67W61.1.1.0
2026-05-19 18:53:29,321 [WARN] PackLoader:240 - Cannot read IP mode file for STMicroelectronics.FP-SNS-STAIOTCFT.1.1.0
2026-05-19 18:53:29,370 [WARN] PackLoader:240 - Cannot read IP mode file for STMicroelectronics.X-CUBE-MEMS1.12.0.0
2026-05-19 18:53:29,498 [WARN] PackLoader:240 - Cannot read IP mode file for STMicroelectronics.X-CUBE-AZRTOS-G0.1.1.0
2026-05-19 18:53:29,518 [WARN] PackLoader:240 - Cannot read IP mode file for STMicroelectronics.X-CUBE-SAFEA1.1.2.2
2026-05-19 18:53:29,526 [WARN] PackLoader:240 - Cannot read IP mode file for STMicroelectronics.X-CUBE-NFC4.3.0.0
2026-05-19 18:53:29,539 [WARN] PackLoader:240 - Cannot read IP mode file for EmbeddedOffice.I-CUBE-FS-RTOS.1.0.1
2026-05-19 18:53:29,549 [WARN] PackLoader:240 - Cannot read IP mode file for STMicroelectronics.X-CUBE-WB05N.2.0.0
2026-05-19 18:53:29,556 [WARN] PackLoader:240 - Cannot read IP mode file for wolfSSL.I-CUBE-wolfTPM.3.8.0
2026-05-19 18:53:29,565 [WARN] PackLoader:240 - Cannot read IP mode file for STMicroelectronics.X-CUBE-TCPP.4.2.0
2026-05-19 18:53:29,576 [WARN] PackLoader:240 - Cannot read IP mode file for RealThread.X-CUBE-RT-Thread_Nano.4.1.1
2026-05-19 18:53:29,582 [WARN] PackLoader:240 - Cannot read IP mode file for STMicroelectronics.FP-ATR-SIGFOX1.3.2.0
2026-05-19 18:53:29,589 [WARN] PackLoader:240 - Cannot read IP mode file for STMicroelectronics.X-CUBE-FREERTOS.1.5.0
2026-05-19 18:53:29,599 [WARN] PackLoader:240 - Cannot read IP mode file for ITTIA_DB.I-CUBE-ITTIADB.8.9.0
2026-05-19 18:53:29,610 [WARN] PackLoader:240 - Cannot read IP mode file for STMicroelectronics.X-CUBE-NFC6.3.2.0
2026-05-19 18:53:29,623 [WARN] PackLoader:240 - Cannot read IP mode file for STMicroelectronics.X-CUBE-ST67W61.1.0.0
2026-05-19 18:53:29,630 [WARN] PackLoader:240 - Cannot read IP mode file for STMicroelectronics.X-CUBE-AI.10.2.0
2026-05-19 18:53:29,721 [WARN] PackLoader:240 - Cannot read IP mode file for STMicroelectronics.X-CUBE-MEMS1.12.1.0
2026-05-19 18:53:29,852 [WARN] PackLoader:240 - Cannot read IP mode file for SEGGER.I-CUBE-embOS.1.3.1
2026-05-19 18:53:29,903 [WARN] PackLoader:240 - Cannot read IP mode file for STMicroelectronics.X-CUBE-ALGOBUILD.1.4.0
2026-05-19 18:53:29,946 [WARN] PackLoader:240 - Cannot read IP mode file for STMicroelectronics.X-CUBE-MEMS1.11.3.0
2026-05-19 18:53:30,085 [WARN] PackLoader:240 - Cannot read IP mode file for STMicroelectronics.X-CUBE-PM33A1.1.0.0
2026-05-19 18:53:30,104 [WARN] PackLoader:240 - Cannot read IP mode file for STMicroelectronics.X-CUBE-AZRTOS-F4.1.1.0
2026-05-19 18:53:30,111 [WARN] PackLoader:240 - Cannot read IP mode file for Avnet-IotConnect.X-CUBE-IoTC-DA16k-PMOD.1.0.0
2026-05-19 18:53:30,115 [WARN] PackLoader:240 - Cannot read IP mode file for STMicroelectronics.X-CUBE-ISPU.2.1.0
2026-05-19 18:53:30,126 [WARN] PackLoader:240 - Cannot read IP mode file for STMicroelectronics.X-CUBE-IPS.3.2.0
2026-05-19 18:53:30,137 [WARN] PackLoader:240 - Cannot read IP mode file for STMicroelectronics.eDS-WB_DPC_TT-BIDIR.2.1.1
2026-05-19 18:53:30,143 [WARN] PackLoader:240 - Cannot read IP mode file for STMicroelectronics.X-CUBE-NFC12.1.0.0
2026-05-19 18:53:30,161 [WARN] PackLoader:240 - Cannot read IP mode file for STMicroelectronics.X-CUBE-AZRTOS-L5.2.0.0
2026-05-19 18:53:30,169 [WARN] PackLoader:240 - Cannot read IP mode file for STMicroelectronics.X-CUBE-NFC6.3.1.0
2026-05-19 18:53:30,175 [WARN] PackLoader:240 - Cannot read IP mode file for STMicroelectronics.eDS-WB_DPC_VIENNA.1.2.0
2026-05-19 18:53:30,180 [WARN] PackLoader:240 - Cannot read IP mode file for STMicroelectronics.eDS-WB_DPC_3PH2L-BIDIR.1.1.1
2026-05-19 18:53:30,186 [ERROR] Engine:466 - C:\Users\Александра\.stm32cubemx\thirdparties\pdsc\STMicroelectronics.X-CUBE-ST67W61.1.3.0.pdsc: PDSC version is not supported
2026-05-19 18:53:30,193 [WARN] PackLoader:240 - Cannot read IP mode file for STMicroelectronics.X-CUBE-FREERTOS.1.3.1
2026-05-19 18:53:30,199 [WARN] PackLoader:240 - Cannot read IP mode file for STMicroelectronics.X-CUBE-TOUCHGFX.4.26.0
2026-05-19 18:53:30,203 [WARN] PackLoader:240 - Cannot read IP mode file for STMicroelectronics.X-CUBE-TOUCHGFX.4.26.1
2026-05-19 18:53:30,209 [WARN] PackLoader:240 - Cannot read IP mode file for STMicroelectronics.FP-SNS-STAIOTCFT.1.0.0
2026-05-19 18:53:30,216 [WARN] PackLoader:240 - Cannot read IP mode file for STMicroelectronics.X-CUBE-DPower.1.3.0
2026-05-19 18:53:30,242 [WARN] ConditionMgr:438 - getConditionDescription Invalid condition id : LAN8742 Phy interface Condition cause : null
2026-05-19 18:53:30,243 [WARN] PackLoader:240 - Cannot read IP mode file for STMicroelectronics.X-CUBE-AZRTOS-L4.2.0.0
2026-05-19 18:53:30,245 [WARN] ConditionMgr:1044 - genDependencies : Invalid condition id : LAN8742 Phy interface Condition cause : null
2026-05-19 18:53:30,246 [WARN] ConditionMgr:1044 - genDependencies : Invalid condition id : LAN8742 Phy interface Condition cause : null
2026-05-19 18:53:30,247 [WARN] ConditionMgr:1044 - genDependencies : Invalid condition id : LAN8742 Phy interface Condition cause : null
2026-05-19 18:53:30,261 [WARN] PackLoader:240 - Cannot read IP mode file for STMicroelectronics.X-CUBE-SFXS2LP1.4.0.0
2026-05-19 18:53:30,272 [WARN] PackLoader:240 - Cannot read IP mode file for STMicroelectronics.X-CUBE-WB05N.2.1.0
2026-05-19 18:53:30,282 [WARN] PackLoader:240 - Cannot read IP mode file for STMicroelectronics.X-CUBE-ST67W61.1.2.0
2026-05-19 18:53:30,300 [WARN] PackLoader:240 - Cannot read IP mode file for STMicroelectronics.X-CUBE-BLEMGR.4.1.0
2026-05-19 18:53:30,323 [WARN] ConditionMgr:438 - getConditionDescription Invalid condition id : UX DEVICE CLASS RTOS Condition cause : null
2026-05-19 18:53:30,323 [WARN] ConditionMgr:438 - getConditionDescription Invalid condition id : UX DEVICE CLASS RTOS Condition cause : null
2026-05-19 18:53:30,326 [WARN] PackLoader:240 - Cannot read IP mode file for STMicroelectronics.X-CUBE-AZRTOS-WB.2.0.0
2026-05-19 18:53:30,326 [WARN] ConditionMgr:1044 - genDependencies : Invalid condition id : UX DEVICE CLASS RTOS Condition cause : null
2026-05-19 18:53:30,326 [WARN] ConditionMgr:1044 - genDependencies : Invalid condition id : UX DEVICE CLASS RTOS Condition cause : null
2026-05-19 18:53:30,327 [WARN] ConditionMgr:1044 - genDependencies : Invalid condition id : UX DEVICE CLASS RTOS Condition cause : null
2026-05-19 18:53:30,327 [WARN] ConditionMgr:1044 - genDependencies : Invalid condition id : UX DEVICE CLASS RTOS Condition cause : null
2026-05-19 18:53:30,327 [WARN] ConditionMgr:1044 - genDependencies : Invalid condition id : UX DEVICE CLASS RTOS Condition cause : null
2026-05-19 18:53:30,334 [WARN] PackLoader:240 - Cannot read IP mode file for STMicroelectronics.X-CUBE-GNSS1.7.0.1
2026-05-19 18:53:30,339 [WARN] PackLoader:240 - Cannot read IP mode file for STMicroelectronics.X-CUBE-TOUCHGFX.4.25.0
2026-05-19 18:53:30,346 [WARN] ConditionMgr:438 - getConditionDescription Invalid condition id : Cortex-A Device cause : null
2026-05-19 18:53:30,357 [INFO] LogOutputStream:77 - [STDOUT_REDIRECT] [ThirdParty] unknown protocol: c
2026-05-19 18:53:30,357 [WARN] PackLoader:240 - Cannot read IP mode file for quantropi.X-CUBE-qispace-sdk-base.2.1.0
2026-05-19 18:53:30,357 [WARN] ConditionMgr:1044 - genDependencies : Invalid condition id : Cortex-A Device cause : null
2026-05-19 18:53:30,357 [WARN] ConditionMgr:1044 - genDependencies : Invalid condition id : Cortex-A Device cause : null
2026-05-19 18:53:30,357 [WARN] ConditionMgr:1044 - genDependencies : Invalid condition id : Cortex-A Device cause : null
2026-05-19 18:53:30,366 [WARN] PackLoader:240 - Cannot read IP mode file for STMicroelectronics.X-CUBE-STSE01.2.0.0
2026-05-19 18:53:30,384 [WARN] PackLoader:240 - Cannot read IP mode file for STMicroelectronics.X-CUBE-SUBG2.5.0.0
2026-05-19 18:53:30,435 [WARN] PackLoader:240 - Cannot read IP mode file for STMicroelectronics.X-CUBE-AZRTOS-H7RS.1.1.0
2026-05-19 18:53:30,463 [WARN] PackLoader:240 - Cannot read IP mode file for STMicroelectronics.X-CUBE-AZRTOS-G4.2.0.0
2026-05-19 18:53:30,472 [WARN] PackLoader:240 - Cannot read IP mode file for wolfSSL.I-CUBE-wolfSSH.1.4.20
2026-05-19 18:53:30,479 [WARN] PackLoader:240 - Cannot read IP mode file for STMicroelectronics.X-CUBE-NFC7.2.0.0
2026-05-19 18:53:30,496 [WARN] PackLoader:240 - Cannot read IP mode file for STMicroelectronics.X-CUBE-IPS.3.1.0
2026-05-19 18:53:30,514 [WARN] PackLoader:240 - Cannot read IP mode file for STMicroelectronics.X-CUBE-ALS.1.0.2
2026-05-19 18:53:30,523 [WARN] PackLoader:240 - Cannot read IP mode file for STMicroelectronics.X-CUBE-STSE01.1.0.0
2026-05-19 18:53:30,539 [WARN] PackLoader:240 - Cannot read IP mode file for STMicroelectronics.X-CUBE-TOF1.3.4.3
2026-05-19 18:53:30,551 [INFO] ThirdParty:978 - Integrity check success = true
2026-05-19 18:53:30,551 [INFO] IntegrityCheckThread:100 - exiting critical section [integrity check]
2026-05-19 18:53:30,551 [INFO] IntegrityCheckThread:103 - End integrity checks thread
2026-05-19 18:55:29,515 [ERROR] ConfigurationRetriever:142 - IOException on connection: Connect timed out
2026-05-19 19:23:21,884 [INFO] McuFinderGlobals:63 - Set McuFinder mode to 2 (CubeIDE integrated)
2026-05-19 19:23:22,278 [ERROR] CheckConnectionManager:249 - Problem, Http access forbiden
2026-05-19 19:23:22,286 [INFO] MainUpdater:2872 - connection check result : 22
2026-05-19 19:23:22,379 [ERROR] CheckConnectionManager:249 - Problem, Http access forbiden
2026-05-19 19:23:22,380 [INFO] MainUpdater:2872 - connection check result : 22
2026-05-19 19:23:25,048 [INFO] MicroXplorer:468 - Change Database Path : 
2026-05-19 19:23:25,049 [INFO] MicroXplorer:498 - Change Database Version : DB.6.0.150
2026-05-19 19:23:25,084 [WARN] ThirdParty:871 - waiting for thirdparty lock release [close project]
2026-05-19 19:23:25,084 [INFO] ThirdParty:873 - entering critical section [close project]
2026-05-19 19:23:25,096 [INFO] ThirdParty:883 - exiting critical section [close project]
2026-05-19 19:23:25,106 [INFO] PinOutPanel:1589 - setPackage(No Configuration,No Configuration)
2026-05-19 19:23:25,126 [INFO] UtilMem:75 - Begin LoadConfig() Used Memory: 391342744 Bytes (513802240)
2026-05-19 19:23:25,139 [INFO] MicroXplorer:468 - Change Database Path : 
2026-05-19 19:23:25,139 [INFO] MicroXplorer:498 - Change Database Version : DB.6.0.150
2026-05-19 19:23:25,141 [INFO] OpenFileManager:355 - Change cursor
2026-05-19 19:23:25,269 [INFO] Mcu:2029 - Initializing MCU STM32G474R(B-C-E)Tx STM32G474RETx STM32G474RET6
2026-05-19 19:23:34,611 [INFO] Context:786 - Trying to add GPIOservice into a context  which must be forbidden
2026-05-19 19:23:37,186 [INFO] ImportTextPane:234 - (OptionalMessage_ERROR) Pin11 (VP_RIF_VS_RIF1) cannot be retrieved for this MCU
2026-05-19 19:23:37,361 [INFO] RtosManager:558 - Registered RTOS mode: class=CMSIS, group=RTOS, mode=CMSIS_V1, owner=FREERTOS
2026-05-19 19:23:37,361 [INFO] RtosManager:558 - Registered RTOS mode: class=CMSIS, group=RTOS2, mode=CMSIS_V2, owner=FREERTOS
2026-05-19 19:23:37,361 [INFO] RtosManager:558 - Registered RTOS mode: class=RTOS, group=Core, mode=CMSIS_V1, owner=FREERTOS
2026-05-19 19:23:37,361 [INFO] RtosManager:558 - Registered RTOS mode: class=RTOS, group=Core, mode=CMSIS_V2, owner=FREERTOS
2026-05-19 19:23:37,361 [WARN] ModelIntegratedComponent:184 - Missing modes for component STMicroelectronics:FreeRTOS:0.0.1:STMicroelectronics:RTOS:FreeRTOS:Core:::10.2.0:
2026-05-19 19:23:37,376 [WARN] ModelIntegratedComponent:63 - No mode defined for component null
2026-05-19 19:23:37,377 [WARN] ModelIntegratedComponent:63 - No mode defined for component null
2026-05-19 19:23:37,377 [WARN] ModelIntegratedComponent:63 - No mode defined for component null
2026-05-19 19:23:37,377 [WARN] ModelIntegratedComponent:63 - No mode defined for component null
2026-05-19 19:23:37,377 [WARN] ModelIntegratedComponent:63 - No mode defined for component null
2026-05-19 19:23:37,377 [WARN] ModelIntegratedComponent:63 - No mode defined for component null
2026-05-19 19:23:37,377 [WARN] ModelIntegratedComponent:63 - No mode defined for component null
2026-05-19 19:23:37,377 [WARN] ModelIntegratedComponent:63 - No mode defined for component null
2026-05-19 19:23:37,377 [WARN] ModelIntegratedComponent:63 - No mode defined for component null
2026-05-19 19:23:37,377 [WARN] ModelIntegratedComponent:63 - No mode defined for component null
2026-05-19 19:23:37,377 [WARN] ModelIntegratedComponent:63 - No mode defined for component null
2026-05-19 19:23:37,377 [WARN] ModelIntegratedComponent:63 - No mode defined for component null
2026-05-19 19:23:37,377 [WARN] ModelIntegratedComponent:63 - No mode defined for component null
2026-05-19 19:23:37,378 [WARN] ModelIntegratedComponent:63 - No mode defined for component null
2026-05-19 19:23:37,378 [WARN] ModelIntegratedComponent:63 - No mode defined for component null
2026-05-19 19:23:37,378 [WARN] ModelIntegratedComponent:63 - No mode defined for component null
2026-05-19 19:23:37,378 [WARN] ModelIntegratedComponent:63 - No mode defined for component null
2026-05-19 19:23:37,378 [WARN] ModelIntegratedComponent:63 - No mode defined for component null
2026-05-19 19:23:37,378 [WARN] ModelIntegratedComponent:63 - No mode defined for component null
2026-05-19 19:23:37,378 [WARN] ModelIntegratedComponent:63 - No mode defined for component null
2026-05-19 19:23:37,378 [WARN] ModelIntegratedComponent:63 - No mode defined for component null
2026-05-19 19:23:37,378 [WARN] ModelIntegratedComponent:63 - No mode defined for component null
2026-05-19 19:23:37,378 [WARN] ModelIntegratedComponent:63 - No mode defined for component null
2026-05-19 19:23:37,378 [WARN] ModelIntegratedComponent:63 - No mode defined for component null
2026-05-19 19:23:37,378 [WARN] ModelIntegratedComponent:63 - No mode defined for component null
2026-05-19 19:23:37,378 [WARN] ModelIntegratedComponent:63 - No mode defined for component null
2026-05-19 19:23:37,378 [WARN] ModelIntegratedComponent:63 - No mode defined for component null
2026-05-19 19:23:37,379 [WARN] ModelIntegratedComponent:63 - No mode defined for component null
2026-05-19 19:23:37,379 [WARN] ModelIntegratedComponent:63 - No mode defined for component null
2026-05-19 19:23:37,379 [WARN] ModelIntegratedComponent:63 - No mode defined for component null
2026-05-19 19:23:37,379 [WARN] ModelIntegratedComponent:63 - No mode defined for component null
2026-05-19 19:23:37,379 [WARN] ModelIntegratedComponent:63 - No mode defined for component null
2026-05-19 19:23:37,379 [WARN] ModelIntegratedComponent:63 - No mode defined for component null
2026-05-19 19:23:37,379 [WARN] ModelIntegratedComponent:63 - No mode defined for component null
2026-05-19 19:23:37,379 [WARN] ModelIntegratedComponent:63 - No mode defined for component null
2026-05-19 19:23:37,379 [WARN] ModelPack:524 - Component already loaded: STMicroelectronics:HAL Drivers:0.0.0:STMicroelectronics:Device:STMicro_Driver:XSPI:HAL::0.0.1:HAL_XSPI
2026-05-19 19:23:37,747 [INFO] ThirdPartyModel:298 - Start build external matchings
2026-05-19 19:23:38,909 [INFO] ThirdPartyModel:316 - End build external matchings
2026-05-19 19:23:38,976 [INFO] ImportTextPane:234 - (OptionalMessage_ERROR) IP (ADC1) : Parameter (CommonPathInternal) has invalid value (null|null|null|null)
2026-05-19 19:23:40,243 [INFO] ApiDb:581 - Connected to CubeFinder SQLite database (C:\Users\Александра\.stmcufinder\plugins\mcufinder\mcu\cube-finder-db.db)
2026-05-19 19:23:40,383 [INFO] ApiDb:668 - CubeFinder database Data Model version=2.1
2026-05-19 19:23:40,383 [INFO] ApiDb:669 - CubeFinder database Configuration version=3.0.42
2026-05-19 19:23:40,385 [INFO] ApiDb:670 - CubeFinder database generation date=2026-03-11 (1773229989)
2026-05-19 19:23:40,385 [INFO] ApiDb:671 - CubeFinder database FW Pack versions=[FP-ATR-ASTRA1_V2.0.0, FP-SNS-FLIGHT1_V5.1.0, FP-SNS-MOTENV1_V5.1.0, FP-SNS-MOTENVWB1_V1.5.0, FP-SNS-SMARTAG2_V1.2.0, FP-SNS-STBOX1_V2.1.0, STM32Cube_FW_C0_V1.4.0, STM32Cube_FW_F4_V1.28.3, STM32Cube_FW_F7_V1.17.4, STM32Cube_FW_G0_V1.6.3, STM32Cube_FW_G4_V1.6.2, STM32Cube_FW_H5_V1.6.0, STM32Cube_FW_H7RS_V1.3.0, STM32Cube_FW_H7_V1.13.0, STM32Cube_FW_L0_V1.12.2, STM32Cube_FW_L4_V1.18.2, STM32Cube_FW_L5_V1.6.0, STM32Cube_FW_N6_V1.3.0, STM32Cube_FW_U0_V1.3.0, STM32Cube_FW_U3_V1.3.0, STM32Cube_FW_U5_V1.8.0, STM32Cube_FW_WB0_V1.4.0, STM32Cube_FW_WBA_V1.9.0, STM32Cube_FW_WB_V1.24.0, STM32Cube_FW_WL3_V1.4.0, STM32Cube_FW_WL_V1.5.0, X-CUBE-ALGOBUILD_V1.4.0, X-CUBE-ALS_V1.0.2, X-CUBE-AZRTOS-F4_V1.1.0, X-CUBE-AZRTOS-F7_V1.1.0, X-CUBE-AZRTOS-G0_V1.1.0, X-CUBE-AZRTOS-G4_V2.0.0, X-CUBE-AZRTOS-H7RS_V1.1.0, X-CUBE-AZRTOS-H7_V3.4.0, X-CUBE-AZRTOS-L4_V2.0.0, X-CUBE-AZRTOS-L5_V2.0.0, X-CUBE-AZRTOS-WB_V2.0.0, X-CUBE-AZRTOS-WL_V2.0.0, X-CUBE-BLE1_V7.1.0, X-CUBE-BLE2_V3.3.0, X-CUBE-BLEMGR_V4.1.0, X-CUBE-EEPRMA1_V5.2.0, X-CUBE-FREERTOS_V1.5.0, X-CUBE-GNSS1_V6.0.0, X-CUBE-MEMS1_V12.0.0, X-CUBE-NFC4_V3.0.0, X-CUBE-NFC7_V2.0.0, X-CUBE-SFXS2LP1_V4.0.0, X-CUBE-ST67W61_V1.2.0, X-CUBE-SUBG2_V5.0.0, X-CUBE-TOF1_V3.4.3]
2026-05-19 19:23:40,578 [INFO] DbBoardsSqlite:226 - include board P-NUCLEO-WB55-NUCLEO as a kit item of type 'Nucleo-64'
2026-05-19 19:23:40,578 [INFO] DbBoardsSqlite:226 - include board P-NUCLEO-WB55-USBDONGLE as a kit item of type 'Nucleo USB Dongle'
2026-05-19 19:23:40,579 [INFO] DbBoardsSqlite:226 - include board STEVAL-IDP005V1 as a kit item of type 'Evaluation Board'
2026-05-19 19:23:40,580 [INFO] DbBoardsSqlite:226 - include board STEVAL-IDP005V2 as a kit item of type 'Evaluation Board'
2026-05-19 19:23:41,285 [INFO] ApiDb:240 - Found 880 in-development CPN: [B-G473E-ZEST1S, B-WB1M-WPAN1, B-WBA5M-WPAN, B-WL5M-SUBG1, NUCLEO-C031C6, NUCLEO-C051C8, NUCLEO-C071RB, NUCLEO-C092RC, NUCLEO-H503RB, NUCLEO-H533RE, NUCLEO-H563ZI, NUCLEO-H7S3L8, NUCLEO-N657X0-Q, NUCLEO-U031R8, NUCLEO-U083RC, NUCLEO-U385RG-Q, NUCLEO-U545RE-Q, NUCLEO-U5A5ZJ-Q, NUCLEO-WB05KZ, NUCLEO-WB07CC, NUCLEO-WB09KE, NUCLEO-WBA52CG, NUCLEO-WBA55CG, NUCLEO-WL33CC1, NUCLEO-WL33CC2, STEVAL-PROTEUS1, STEVAL-SMARTAG2, STEVAL-STWINBX1, STM320518-EVAL, STM32C0116-DK, STM32C011D6Y3TR, STM32C011D6Y6TR, STM32C011F4P3, STM32C011F4P6, STM32C011F4U3, STM32C011F4U6TR, STM32C011F6P3, STM32C011F6P6, STM32C011F6U3, STM32C011F6U6TR, STM32C011J4M3, STM32C011J4M6, STM32C011J6M3, STM32C011J6M6, STM32C0316-DK, STM32C031C4T3, STM32C031C4T6, STM32C031C4U3, STM32C031C4U6, STM32C031C6T3, STM32C031C6T6, STM32C031C6U3, STM32C031C6U6, STM32C031F4P3, STM32C031F4P6, STM32C031F6P3, STM32C031F6P6, STM32C031G4U3, STM32C031G4U6, STM32C031G6U3, STM32C031G6U6, STM32C031K4T3, STM32C031K4T6, STM32C031K4U3, STM32C031K4U6, STM32C031K6T3, STM32C031K6T6, STM32C031K6U3, STM32C031K6U6, STM32C051C6T6, STM32C051C6U6, STM32C051C8T6, STM32C051C8U6, STM32C051D8Y6TR, STM32C051F6P6, STM32C051F8P6, STM32C051G6U6, STM32C051G8U6, STM32C051K6T6, STM32C051K6U6, STM32C051K8T6, STM32C071C8T6, STM32C071C8T6N, STM32C071C8U6, STM32C071C8U6N, STM32C071CBT6, STM32C071CBT6N, STM32C071CBU6, STM32C071CBU6N, STM32C071F8P6, STM32C071F8P6N, STM32C071FBP6, STM32C071FBP6N, STM32C071FBY6TR, STM32C071G8U6, STM32C071G8U6N, STM32C071GBU6, STM32C071GBU6N, STM32C071K8T6, STM32C071K8T6N, STM32C071K8U6, STM32C071K8U6N, STM32C071KBT6, STM32C071KBT6N, STM32C071KBU6, STM32C071KBU6N, STM32C071R8T6, STM32C071R8T6N, STM32C071RBI6N, STM32C071RBT6, STM32C071RBT6N, STM32C091CBT6, STM32C091CBU6, STM32C091CCT6, STM32C091CCU6, STM32C091ECY6TR, STM32C091FBP6, STM32C091FCP6, STM32C091GBU6, STM32C091GCU6, STM32C091KBT6, STM32C091KBU6, STM32C091KCT6, STM32C091KCU6, STM32C091RBT6, STM32C091RCI6, STM32C091RCT6, STM32C092CBT6, STM32C092CBU6, STM32C092CCT6, STM32C092CCU6, STM32C092ECY6TR, STM32C092FBP6, STM32C092FCP6, STM32C092GBU6, STM32C092GCU6, STM32C092KBT6, STM32C092KBU6, STM32C092KCT6, STM32C092KCU6, STM32C092RBT6, STM32C092RCI6, STM32C092RCT6, STM32G071K8TXN, STM32G071K8UXN, STM32G081GBU6N, STM32G081KBT6N, STM32G081KBUXN, STM32G0B1CCT6N, STM32G0B1KCT6, STM32G0B1NEY6TR, STM32G0B1RCT6N, STM32G0C1CCT6, STM32G0C1CCT6N, STM32G0C1CCU6N, STM32G0C1CET6N, STM32G0C1CEU6N, STM32G0C1KCT6, STM32G0C1NEY6TR, STM32G0C1RCI6N, STM32G0C1RCT6N, STM32G0C1REI6N, STM32G0C1RET6N, STM32G0C1VCI6, STM32G0C1VEI6, STM32G411C6T3, STM32G411C6T6, STM32G411C6U3, STM32G411C6U6, STM32G411C8T3, STM32G411C8T6, STM32G411C8U3, STM32G411C8U6, STM32G411CBT3, STM32G411CBT6, STM32G411CBU3, STM32G411CBU6, STM32G411K6T3, STM32G411K6T6, STM32G411K6U3, STM32G411K6U6, STM32G411K8T3, STM32G411K8T6, STM32G411K8U3, STM32G411K8U6, STM32G411KBT3, STM32G411KBT6, STM32G411KBU3, STM32G411KBU6, STM32G411M6T3, STM32G411M6T6, STM32G411M8T3, STM32G411M8T6, STM32G411MBT3, STM32G411MBT6, STM32G411R6T3, STM32G411R6T6, STM32G411R8T3, STM32G411R8T6, STM32G411RBT3, STM32G411RBT6, STM32G414CBT3, STM32G414CBT6, STM32G414CBU3, STM32G414CBU6, STM32G414CCT3, STM32G414CCT6, STM32G414CCU3, STM32G414CCU6, STM32G414MBT3, STM32G414MBT6, STM32G414MCT3, STM32G414MCT6, STM32G414RBT3, STM32G414RBT6, STM32G414RCT3, STM32G414RCT6, STM32G414VBT3, STM32G414VBT6, STM32G414VCT3, STM32G414VCT6, STM32G431CBT3Z, STM32G431RBT3Z, STM32G471CCT6, STM32G471CCU6, STM32G471CET3, STM32G471CET6, STM32G471CEU3, STM32G471CEU6, STM32G471MCT6, STM32G471MET3, STM32G471MET6, STM32G471MEY6TR, STM32G471QCT6, STM32G471QET3, STM32G471RCT6, STM32G471RET3, STM32G471RET6, STM32G471VCH6, STM32G471VCI6, STM32G471VCT6, STM32G471VEH3, STM32G471VEH6, STM32G471VEI3, STM32G471VEI6, STM32G471VET3, STM32G471VET6, STM32G473QET3Z, STM32G473RET3Z, STM32G474CCT6, STM32G491RET3Z, STM32H503CBT6, STM32H503CBU6, STM32H503EBY6TR, STM32H503KBU6, STM32H503RBT6, STM32H523CCT6, STM32H523CCU6, STM32H523CET6, STM32H523CEU6, STM32H523HEY6TR, STM32H523RCT6, STM32H523RET6, STM32H523VCI6, STM32H523VCT6, STM32H523VEI6, STM32H523VET6, STM32H523ZCJ6, STM32H523ZCT6, STM32H523ZEJ6, STM32H523ZET6, STM32H533CET6, STM32H533CEU6, STM32H533HEY6TR, STM32H533RET6, STM32H533VEI6, STM32H533VET6, STM32H533ZEJ6, STM32H533ZET6, STM32H562AGI6, STM32H562AII6, STM32H562IGK6, STM32H562IGT6, STM32H562IIK6, STM32H562IIT6, STM32H562RGT6, STM32H562RGV6, STM32H562RIT6, STM32H562RIV6, STM32H562VGT6, STM32H562VIT6, STM32H562ZGT6, STM32H562ZIT6, STM32H563AGI6, STM32H563AII3Q, STM32H563AII6, STM32H563IGK6, STM32H563IGT6, STM32H563IIK3Q, STM32H563IIK6, STM32H563IIT3Q, STM32H563IIT6, STM32H563MIY3QTR, STM32H563RGT6, STM32H563RGV6, STM32H563RIT6, STM32H563RIV6, STM32H563VGT6, STM32H563VIT3Q, STM32H563VIT6, STM32H563ZGT6, STM32H563ZIT3Q, STM32H563ZIT6, STM32H573AII3Q, STM32H573AII6, STM32H573I-DK, STM32H573IIK3Q, STM32H573IIK6, STM32H573IIT3Q, STM32H573IIT6, STM32H573MIY3QTR, STM32H573RIT6, STM32H573RIV6, STM32H573VIT3Q, STM32H573VIT6, STM32H573ZIT3Q, STM32H573ZIT6, STM32H7R3A8I6, STM32H7R3I8K6, STM32H7R3I8T6, STM32H7R3L8H6, STM32H7R3L8H6H, STM32H7R3R8V6, STM32H7R3V8H6, STM32H7R3V8T6, STM32H7R3V8Y6TR, STM32H7R3Z8J6, STM32H7R3Z8T6, STM32H7R7A8I6, STM32H7R7I8K6, STM32H7R7I8T6, STM32H7R7L8H6, STM32H7R7L8H6H, STM32H7R7Z8J6, STM32H7S3A8I6, STM32H7S3I8K6, STM32H7S3I8T6, STM32H7S3L8H6, STM32H7S3L8H6H, STM32H7S3R8V6, STM32H7S3V8H6, STM32H7S3V8T6, STM32H7S3V8Y6TR, STM32H7S3Z8J6, STM32H7S3Z8T6, STM32H7S78-DK, STM32H7S7A8I6, STM32H7S7I8K6, STM32H7S7I8T6, STM32H7S7L8H6, STM32H7S7L8H6H, STM32H7S7Z8J6, STM32L4R5QGI6STR, STM32MP131AAE3, STM32MP131AAF3, STM32MP131AAG3, STM32MP131CAE3, STM32MP131CAF3, STM32MP131CAG3, STM32MP131DAE7, STM32MP131DAF7, STM32MP131DAG7, STM32MP131FAE7, STM32MP131FAF7, STM32MP131FAG7, STM32MP133AAE3, STM32MP133AAF3, STM32MP133AAG3, STM32MP133CAE3, STM32MP133CAF3, STM32MP133CAG3, STM32MP133DAE7, STM32MP133DAF7, STM32MP133DAG7, STM32MP133FAE7, STM32MP133FAF7, STM32MP133FAG7, STM32MP135AAE3, STM32MP135AAF3, STM32MP135AAG3, STM32MP135CAE3, STM32MP135CAF3, STM32MP135CAG3, STM32MP135DAE7, STM32MP135DAF7, STM32MP135DAG7, STM32MP135F-DK, STM32MP135FAE7, STM32MP135FAF7, STM32MP135FAF7T, STM32MP135FAF7U, STM32MP135FAG7, STM32MP211AAL3, STM32MP211AAM3, STM32MP211AAN3, STM32MP211AAO3, STM32MP211CAL3, STM32MP211CAM3, STM32MP211CAN3, STM32MP211CAO3, STM32MP211DAL3, STM32MP211DAM3, STM32MP211DAN3, STM32MP211DAO3, STM32MP211FAL3, STM32MP211FAM3, STM32MP211FAN3, STM32MP211FAO3, STM32MP213AAL3, STM32MP213AAM3, STM32MP213AAN3, STM32MP213AAO3, STM32MP213CAL3, STM32MP213CAM3, STM32MP213CAN3, STM32MP213CAO3, STM32MP213DAL3, STM32MP213DAM3, STM32MP213DAN3, STM32MP213DAO3, STM32MP213FAL3, STM32MP213FAM3, STM32MP213FAN3, STM32MP213FAO3, STM32MP215AAL3, STM32MP215AAM3, STM32MP215AAN3, STM32MP215AAO3, STM32MP215CAL3, STM32MP215CAM3, STM32MP215CAN3, STM32MP215CAO3, STM32MP215DAL3, STM32MP215DAM3, STM32MP215DAN3, STM32MP215DAO3, STM32MP215F-DK, STM32MP215FAL3, STM32MP215FAM3, STM32MP215FAN3, STM32MP215FAO3, STM32MP231AAJ3, STM32MP231AAK3, STM32MP231AAL3, STM32MP231CAJ3, STM32MP231CAK3, STM32MP231CAL3, STM32MP231DAJ3, STM32MP231DAK3, STM32MP231DAL3, STM32MP231FAJ3, STM32MP231FAK3, STM32MP231FAL3, STM32MP233AAJ3, STM32MP233AAK3, STM32MP233AAL3, STM32MP233CAJ3, STM32MP233CAK3, STM32MP233CAL3, STM32MP233DAJ3, STM32MP233DAK3, STM32MP233DAL3, STM32MP233FAJ3, STM32MP233FAK3, STM32MP233FAL3, STM32MP235AAJ3, STM32MP235AAK3, STM32MP235AAL3, STM32MP235CAJ3, STM32MP235CAK3, STM32MP235CAL3, STM32MP235DAJ3, STM32MP235DAK3, STM32MP235DAL3, STM32MP235FAJ3, STM32MP235FAK3, STM32MP235FAL3, STM32MP251AAI3, STM32MP251AAK3, STM32MP251AAL3, STM32MP251CAI3, STM32MP251CAK3, STM32MP251CAL3, STM32MP251DAI3, STM32MP251DAK3, STM32MP251DAL3, STM32MP251FAI3, STM32MP251FAK3, STM32MP251FAL3, STM32MP253AAI3, STM32MP253AAK3, STM32MP253AAL3, STM32MP253CAI3, STM32MP253CAK3, STM32MP253CAL3, STM32MP253DAI3, STM32MP253DAK3, STM32MP253DAL3, STM32MP253FAI3, STM32MP253FAK3, STM32MP253FAL3, STM32MP255AAI3, STM32MP255AAK3, STM32MP255AAL3, STM32MP255CAI3, STM32MP255CAK3, STM32MP255CAL3, STM32MP255DAI3, STM32MP255DAK3, STM32MP255DAL3, STM32MP255FAI3, STM32MP255FAK3, STM32MP255FAL3, STM32MP257AAI3, STM32MP257AAK3, STM32MP257AAL3, STM32MP257CAI3, STM32MP257CAK3, STM32MP257CAL3, STM32MP257DAI3, STM32MP257DAK3, STM32MP257DAL3, STM32MP257F-DK, STM32MP257F-EV1, STM32MP257FAI3, STM32MP257FAK3, STM32MP257FAL3, STM32N645A0H3Q, STM32N645B0H3Q, STM32N645I0H3Q, STM32N645L0H3Q, STM32N645X0H3Q, STM32N645Z0H3Q, STM32N647A0H3Q, STM32N647B0H3Q, STM32N647I0H3Q, STM32N647L0H3Q, STM32N647X0H3Q, STM32N647Z0H3Q, STM32N655A0H3Q, STM32N655B0H3Q, STM32N655I0H3Q, STM32N655L0H3Q, STM32N655X0H3Q, STM32N655Z0H3Q, STM32N6570-DK, STM32N657A0H3Q, STM32N657B0H3Q, STM32N657I0H3Q, STM32N657L0H3Q, STM32N657X0H3Q, STM32N657Z0H3Q, STM32U031C6T6, STM32U031C6U6, STM32U031C8T6, STM32U031C8U6, STM32U031F4P6, STM32U031F6P6, STM32U031F8P6, STM32U031G6Y6TR, STM32U031G8Y6TR, STM32U031K4U6, STM32U031K6U6, STM32U031K8U6, STM32U031R6I6, STM32U031R6T6, STM32U031R8I6, STM32U031R8T6, STM32U073C8T6, STM32U073C8U6, STM32U073CBT6, STM32U073CBU6, STM32U073CCT6, STM32U073CCU6, STM32U073H8Y6TR, STM32U073HBY6TR, STM32U073HCY6TR, STM32U073K8U6, STM32U073KBU6, STM32U073KCU6, STM32U073M8I6, STM32U073M8T6, STM32U073MBI6, STM32U073MBT6, STM32U073MCI6, STM32U073MCT6, STM32U073R8I6, STM32U073R8T6, STM32U073RBI6, STM32U073RBT6, STM32U073RCI6, STM32U073RCT6, STM32U083C-DK, STM32U083CCT6, STM32U083CCU6, STM32U083HCY6TR, STM32U083KCU6, STM32U083MCI6, STM32U083MCT6, STM32U083RCI6, STM32U083RCT6, STM32U375CET6, STM32U375CET6Q, STM32U375CEU6, STM32U375CEU6Q, STM32U375CEY6QTR, STM32U375CGT6, STM32U375CGT6Q, STM32U375CGU6, STM32U375CGU6Q, STM32U375CGY6QTR, STM32U375KEU6, STM32U375KGU6, STM32U375REI6, STM32U375REI6Q, STM32U375RET6, STM32U375RET6Q, STM32U375REY6GTR, STM32U375REY6QTR, STM32U375RGI6, STM32U375RGI6Q, STM32U375RGT6, STM32U375RGT6Q, STM32U375RGY6GTR, STM32U375RGY6QTR, STM32U375VEI6, STM32U375VEI6Q, STM32U375VET6, STM32U375VET6Q, STM32U375VGI6, STM32U375VGI6Q, STM32U375VGT6, STM32U375VGT6Q, STM32U385CGT6, STM32U385CGT6Q, STM32U385CGU6, STM32U385CGU6Q, STM32U385CGY6QTR, STM32U385KGU6, STM32U385RGI6, STM32U385RGI6Q, STM32U385RGT6, STM32U385RGT6Q, STM32U385RGY6GTR, STM32U385RGY6QTR, STM32U385VGI6, STM32U385VGI6Q, STM32U385VGT6, STM32U385VGT6Q, STM32U535CBT6, STM32U535CBT6Q, STM32U535CBU6, STM32U535CBU6Q, STM32U535CCT6, STM32U535CCT6Q, STM32U535CCU6, STM32U535CCU6Q, STM32U535CET6, STM32U535CET6Q, STM32U535CEU6, STM32U535CEU6Q, STM32U535JEY6QTR, STM32U535NCY6QTR, STM32U535NEY6QTR, STM32U535RBI6, STM32U535RBI6Q, STM32U535RBT6, STM32U535RBT6Q, STM32U535RCI6, STM32U535RCI6Q, STM32U535RCT6, STM32U535RCT6Q, STM32U535REI6, STM32U535REI6Q, STM32U535RET6, STM32U535RET6Q, STM32U535VCI6, STM32U535VCI6Q, STM32U535VCT6, STM32U535VCT6Q, STM32U535VEI6, STM32U535VEI6Q, STM32U535VET6, STM32U535VET6Q, STM32U545CET6, STM32U545CET6Q, STM32U545CEU6, STM32U545CEU6Q, STM32U545JEY6QTR, STM32U545NEY6QTR, STM32U545REI6, STM32U545REI6Q, STM32U545RET6, STM32U545RET6Q, STM32U545VEI6, STM32U545VEI6Q, STM32U545VET6, STM32U545VET6Q, STM32U595AIH6, STM32U595AIH6Q, STM32U595AJH6, STM32U595AJH6Q, STM32U595QII6, STM32U595QII6Q, STM32U595QJI6, STM32U595QJI6Q, STM32U595RIT6, STM32U595RIT6Q, STM32U595RJT6, STM32U595RJT6Q, STM32U595VIT6, STM32U595VIT6Q, STM32U595VJT6, STM32U595VJT6Q, STM32U595ZIT6, STM32U595ZIT6Q, STM32U595ZIY6QTR, STM32U595ZJT6, STM32U595ZJT6Q, STM32U595ZJY6QTR, STM32U599BJY6QTR, STM32U599NIH6Q, STM32U599NJH6Q, STM32U599VIT6Q, STM32U599VJT6, STM32U599VJT6Q, STM32U599ZIT6Q, STM32U599ZIY6QTR, STM32U599ZJT6Q, STM32U599ZJY6QTR, STM32U5A5AJH6, STM32U5A5AJH6Q, STM32U5A5QII3Q , STM32U5A5QJI6, STM32U5A5QJI6Q, STM32U5A5RJT6, STM32U5A5RJT6Q, STM32U5A5VJT6, STM32U5A5VJT6Q, STM32U5A5ZJT6, STM32U5A5ZJT6Q, STM32U5A5ZJY6QTR, STM32U5A9BJY6QTR, STM32U5A9J-DK, STM32U5A9NJH6Q, STM32U5A9VJT6Q, STM32U5A9ZJT6Q, STM32U5A9ZJY6QTR, STM32U5F7VIT6, STM32U5F7VIT6Q, STM32U5F7VJT6, STM32U5F7VJT6Q, STM32U5F9BJY6QTR, STM32U5F9NJH6Q, STM32U5F9VIT6Q, STM32U5F9VJT6Q, STM32U5F9ZIJ6QTR, STM32U5F9ZIT6Q, STM32U5F9ZJJ6QTR, STM32U5F9ZJT6Q, STM32U5G7VJT6, STM32U5G7VJT6Q, STM32U5G9BJY6QTR, STM32U5G9J-DK1, STM32U5G9J-DK2, STM32U5G9NJH6Q, STM32U5G9VJT6Q, STM32U5G9ZJJ6QTR, STM32U5G9ZJT6Q, STM32WB05KZV6TR, STM32WB05KZV7TR, STM32WB05TZF6TR, STM32WB05TZF7TR, STM32WB06CCF6TR, STM32WB06CCF7TR, STM32WB06CCV6TR, STM32WB06CCV7TR, STM32WB06KCV6TR, STM32WB06KCV7TR, STM32WB07CCF6TR, STM32WB07CCF7TR, STM32WB07CCV6TR, STM32WB07CCV7TR, STM32WB07KCV6TR, STM32WB07KCV7TR, STM32WB09KEV6TR, STM32WB09KEV7TR, STM32WB09TEF6TR, STM32WB09TEF7TR, STM32WB1MMCH6, STM32WBA50KGU6, STM32WBA50KGU6TR, STM32WBA52CEU6, STM32WBA52CEU6TR, STM32WBA52CEU7, STM32WBA52CEU7TR, STM32WBA52CGU6, STM32WBA52CGU6TR, STM32WBA52CGU6U, STM32WBA52CGU7, STM32WBA52CGU7TR, STM32WBA52KEU6, STM32WBA52KEU6TR, STM32WBA52KGU6, STM32WBA52KGU6TR, STM32WBA54CEU6, STM32WBA54CEU6TR, STM32WBA54CEU7, STM32WBA54CEU7TR, STM32WBA54CGU6, STM32WBA54CGU6TR, STM32WBA54CGU7, STM32WBA54CGU7TR, STM32WBA54KEU6, STM32WBA54KEU6TR, STM32WBA54KEU7, STM32WBA54KEU7TR, STM32WBA54KGU6, STM32WBA54KGU6TR, STM32WBA54KGU7, STM32WBA54KGU7TR, STM32WBA55CEU6, STM32WBA55CEU6TR, STM32WBA55CEU7, STM32WBA55CEU7TR, STM32WBA55CGU6, STM32WBA55CGU6TR, STM32WBA55CGU6U, STM32WBA55CGU7, STM32WBA55CGU7TR, STM32WBA55G-DK1, STM32WBA55HEF6, STM32WBA55HEF7, STM32WBA55HGF6, STM32WBA55HGF7, STM32WBA55UEI6, STM32WBA55UEI6TR, STM32WBA55UEI7, STM32WBA55UEI7TR, STM32WBA55UGI6, STM32WBA55UGI6TR, STM32WBA55UGI7, STM32WBA55UGI7TR, STM32WBA5MMGH6TR, STM32WBA62MGF6, STM32WBA62MIF6, STM32WBA65MGF7, STM32WBA65MIF6, STM32WBA65MIF7, STM32WL30K8V6, STM32WL30KBV6, STM32WL31C8V6, STM32WL31CBV6, STM32WL31K8V6, STM32WL31KBV6, STM32WL33C8V6, STM32WL33C8V6X, STM32WL33CBV6, STM32WL33CBV6X, STM32WL33CCV6, STM32WL33CCV6A, STM32WL33CCV6X, STM32WL33K8V7, STM32WL33K8V7X, STM32WL33KBV7 , STM32WL33KBV7X, STM32WL33KCV7, STM32WL33KCV7X, STM32WL5MOCH6, STM32WL5MOCH6TR]
2026-05-19 19:23:41,292 [INFO] ApiDb:668 - CubeFinder database Data Model version=2.1
2026-05-19 19:23:41,292 [INFO] ApiDb:669 - CubeFinder database Configuration version=3.0.42
2026-05-19 19:23:41,293 [INFO] ApiDb:670 - CubeFinder database generation date=2026-03-11 (1773229989)
2026-05-19 19:23:41,293 [INFO] ApiDb:671 - CubeFinder database FW Pack versions=[FP-ATR-ASTRA1_V2.0.0, FP-SNS-FLIGHT1_V5.1.0, FP-SNS-MOTENV1_V5.1.0, FP-SNS-MOTENVWB1_V1.5.0, FP-SNS-SMARTAG2_V1.2.0, FP-SNS-STBOX1_V2.1.0, STM32Cube_FW_C0_V1.4.0, STM32Cube_FW_F4_V1.28.3, STM32Cube_FW_F7_V1.17.4, STM32Cube_FW_G0_V1.6.3, STM32Cube_FW_G4_V1.6.2, STM32Cube_FW_H5_V1.6.0, STM32Cube_FW_H7RS_V1.3.0, STM32Cube_FW_H7_V1.13.0, STM32Cube_FW_L0_V1.12.2, STM32Cube_FW_L4_V1.18.2, STM32Cube_FW_L5_V1.6.0, STM32Cube_FW_N6_V1.3.0, STM32Cube_FW_U0_V1.3.0, STM32Cube_FW_U3_V1.3.0, STM32Cube_FW_U5_V1.8.0, STM32Cube_FW_WB0_V1.4.0, STM32Cube_FW_WBA_V1.9.0, STM32Cube_FW_WB_V1.24.0, STM32Cube_FW_WL3_V1.4.0, STM32Cube_FW_WL_V1.5.0, X-CUBE-ALGOBUILD_V1.4.0, X-CUBE-ALS_V1.0.2, X-CUBE-AZRTOS-F4_V1.1.0, X-CUBE-AZRTOS-F7_V1.1.0, X-CUBE-AZRTOS-G0_V1.1.0, X-CUBE-AZRTOS-G4_V2.0.0, X-CUBE-AZRTOS-H7RS_V1.1.0, X-CUBE-AZRTOS-H7_V3.4.0, X-CUBE-AZRTOS-L4_V2.0.0, X-CUBE-AZRTOS-L5_V2.0.0, X-CUBE-AZRTOS-WB_V2.0.0, X-CUBE-AZRTOS-WL_V2.0.0, X-CUBE-BLE1_V7.1.0, X-CUBE-BLE2_V3.3.0, X-CUBE-BLEMGR_V4.1.0, X-CUBE-EEPRMA1_V5.2.0, X-CUBE-FREERTOS_V1.5.0, X-CUBE-GNSS1_V6.0.0, X-CUBE-MEMS1_V12.0.0, X-CUBE-NFC4_V3.0.0, X-CUBE-NFC7_V2.0.0, X-CUBE-SFXS2LP1_V4.0.0, X-CUBE-ST67W61_V1.2.0, X-CUBE-SUBG2_V5.0.0, X-CUBE-TOF1_V3.4.3]
2026-05-19 19:23:44,098 [INFO] ApiDb:240 - Found 880 in-development CPN: [B-G473E-ZEST1S, B-WB1M-WPAN1, B-WBA5M-WPAN, B-WL5M-SUBG1, NUCLEO-C031C6, NUCLEO-C051C8, NUCLEO-C071RB, NUCLEO-C092RC, NUCLEO-H503RB, NUCLEO-H533RE, NUCLEO-H563ZI, NUCLEO-H7S3L8, NUCLEO-N657X0-Q, NUCLEO-U031R8, NUCLEO-U083RC, NUCLEO-U385RG-Q, NUCLEO-U545RE-Q, NUCLEO-U5A5ZJ-Q, NUCLEO-WB05KZ, NUCLEO-WB07CC, NUCLEO-WB09KE, NUCLEO-WBA52CG, NUCLEO-WBA55CG, NUCLEO-WL33CC1, NUCLEO-WL33CC2, STEVAL-PROTEUS1, STEVAL-SMARTAG2, STEVAL-STWINBX1, STM320518-EVAL, STM32C0116-DK, STM32C011D6Y3TR, STM32C011D6Y6TR, STM32C011F4P3, STM32C011F4P6, STM32C011F4U3, STM32C011F4U6TR, STM32C011F6P3, STM32C011F6P6, STM32C011F6U3, STM32C011F6U6TR, STM32C011J4M3, STM32C011J4M6, STM32C011J6M3, STM32C011J6M6, STM32C0316-DK, STM32C031C4T3, STM32C031C4T6, STM32C031C4U3, STM32C031C4U6, STM32C031C6T3, STM32C031C6T6, STM32C031C6U3, STM32C031C6U6, STM32C031F4P3, STM32C031F4P6, STM32C031F6P3, STM32C031F6P6, STM32C031G4U3, STM32C031G4U6, STM32C031G6U3, STM32C031G6U6, STM32C031K4T3, STM32C031K4T6, STM32C031K4U3, STM32C031K4U6, STM32C031K6T3, STM32C031K6T6, STM32C031K6U3, STM32C031K6U6, STM32C051C6T6, STM32C051C6U6, STM32C051C8T6, STM32C051C8U6, STM32C051D8Y6TR, STM32C051F6P6, STM32C051F8P6, STM32C051G6U6, STM32C051G8U6, STM32C051K6T6, STM32C051K6U6, STM32C051K8T6, STM32C071C8T6, STM32C071C8T6N, STM32C071C8U6, STM32C071C8U6N, STM32C071CBT6, STM32C071CBT6N, STM32C071CBU6, STM32C071CBU6N, STM32C071F8P6, STM32C071F8P6N, STM32C071FBP6, STM32C071FBP6N, STM32C071FBY6TR, STM32C071G8U6, STM32C071G8U6N, STM32C071GBU6, STM32C071GBU6N, STM32C071K8T6, STM32C071K8T6N, STM32C071K8U6, STM32C071K8U6N, STM32C071KBT6, STM32C071KBT6N, STM32C071KBU6, STM32C071KBU6N, STM32C071R8T6, STM32C071R8T6N, STM32C071RBI6N, STM32C071RBT6, STM32C071RBT6N, STM32C091CBT6, STM32C091CBU6, STM32C091CCT6, STM32C091CCU6, STM32C091ECY6TR, STM32C091FBP6, STM32C091FCP6, STM32C091GBU6, STM32C091GCU6, STM32C091KBT6, STM32C091KBU6, STM32C091KCT6, STM32C091KCU6, STM32C091RBT6, STM32C091RCI6, STM32C091RCT6, STM32C092CBT6, STM32C092CBU6, STM32C092CCT6, STM32C092CCU6, STM32C092ECY6TR, STM32C092FBP6, STM32C092FCP6, STM32C092GBU6, STM32C092GCU6, STM32C092KBT6, STM32C092KBU6, STM32C092KCT6, STM32C092KCU6, STM32C092RBT6, STM32C092RCI6, STM32C092RCT6, STM32G071K8TXN, STM32G071K8UXN, STM32G081GBU6N, STM32G081KBT6N, STM32G081KBUXN, STM32G0B1CCT6N, STM32G0B1KCT6, STM32G0B1NEY6TR, STM32G0B1RCT6N, STM32G0C1CCT6, STM32G0C1CCT6N, STM32G0C1CCU6N, STM32G0C1CET6N, STM32G0C1CEU6N, STM32G0C1KCT6, STM32G0C1NEY6TR, STM32G0C1RCI6N, STM32G0C1RCT6N, STM32G0C1REI6N, STM32G0C1RET6N, STM32G0C1VCI6, STM32G0C1VEI6, STM32G411C6T3, STM32G411C6T6, STM32G411C6U3, STM32G411C6U6, STM32G411C8T3, STM32G411C8T6, STM32G411C8U3, STM32G411C8U6, STM32G411CBT3, STM32G411CBT6, STM32G411CBU3, STM32G411CBU6, STM32G411K6T3, STM32G411K6T6, STM32G411K6U3, STM32G411K6U6, STM32G411K8T3, STM32G411K8T6, STM32G411K8U3, STM32G411K8U6, STM32G411KBT3, STM32G411KBT6, STM32G411KBU3, STM32G411KBU6, STM32G411M6T3, STM32G411M6T6, STM32G411M8T3, STM32G411M8T6, STM32G411MBT3, STM32G411MBT6, STM32G411R6T3, STM32G411R6T6, STM32G411R8T3, STM32G411R8T6, STM32G411RBT3, STM32G411RBT6, STM32G414CBT3, STM32G414CBT6, STM32G414CBU3, STM32G414CBU6, STM32G414CCT3, STM32G414CCT6, STM32G414CCU3, STM32G414CCU6, STM32G414MBT3, STM32G414MBT6, STM32G414MCT3, STM32G414MCT6, STM32G414RBT3, STM32G414RBT6, STM32G414RCT3, STM32G414RCT6, STM32G414VBT3, STM32G414VBT6, STM32G414VCT3, STM32G414VCT6, STM32G431CBT3Z, STM32G431RBT3Z, STM32G471CCT6, STM32G471CCU6, STM32G471CET3, STM32G471CET6, STM32G471CEU3, STM32G471CEU6, STM32G471MCT6, STM32G471MET3, STM32G471MET6, STM32G471MEY6TR, STM32G471QCT6, STM32G471QET3, STM32G471RCT6, STM32G471RET3, STM32G471RET6, STM32G471VCH6, STM32G471VCI6, STM32G471VCT6, STM32G471VEH3, STM32G471VEH6, STM32G471VEI3, STM32G471VEI6, STM32G471VET3, STM32G471VET6, STM32G473QET3Z, STM32G473RET3Z, STM32G474CCT6, STM32G491RET3Z, STM32H503CBT6, STM32H503CBU6, STM32H503EBY6TR, STM32H503KBU6, STM32H503RBT6, STM32H523CCT6, STM32H523CCU6, STM32H523CET6, STM32H523CEU6, STM32H523HEY6TR, STM32H523RCT6, STM32H523RET6, STM32H523VCI6, STM32H523VCT6, STM32H523VEI6, STM32H523VET6, STM32H523ZCJ6, STM32H523ZCT6, STM32H523ZEJ6, STM32H523ZET6, STM32H533CET6, STM32H533CEU6, STM32H533HEY6TR, STM32H533RET6, STM32H533VEI6, STM32H533VET6, STM32H533ZEJ6, STM32H533ZET6, STM32H562AGI6, STM32H562AII6, STM32H562IGK6, STM32H562IGT6, STM32H562IIK6, STM32H562IIT6, STM32H562RGT6, STM32H562RGV6, STM32H562RIT6, STM32H562RIV6, STM32H562VGT6, STM32H562VIT6, STM32H562ZGT6, STM32H562ZIT6, STM32H563AGI6, STM32H563AII3Q, STM32H563AII6, STM32H563IGK6, STM32H563IGT6, STM32H563IIK3Q, STM32H563IIK6, STM32H563IIT3Q, STM32H563IIT6, STM32H563MIY3QTR, STM32H563RGT6, STM32H563RGV6, STM32H563RIT6, STM32H563RIV6, STM32H563VGT6, STM32H563VIT3Q, STM32H563VIT6, STM32H563ZGT6, STM32H563ZIT3Q, STM32H563ZIT6, STM32H573AII3Q, STM32H573AII6, STM32H573I-DK, STM32H573IIK3Q, STM32H573IIK6, STM32H573IIT3Q, STM32H573IIT6, STM32H573MIY3QTR, STM32H573RIT6, STM32H573RIV6, STM32H573VIT3Q, STM32H573VIT6, STM32H573ZIT3Q, STM32H573ZIT6, STM32H7R3A8I6, STM32H7R3I8K6, STM32H7R3I8T6, STM32H7R3L8H6, STM32H7R3L8H6H, STM32H7R3R8V6, STM32H7R3V8H6, STM32H7R3V8T6, STM32H7R3V8Y6TR, STM32H7R3Z8J6, STM32H7R3Z8T6, STM32H7R7A8I6, STM32H7R7I8K6, STM32H7R7I8T6, STM32H7R7L8H6, STM32H7R7L8H6H, STM32H7R7Z8J6, STM32H7S3A8I6, STM32H7S3I8K6, STM32H7S3I8T6, STM32H7S3L8H6, STM32H7S3L8H6H, STM32H7S3R8V6, STM32H7S3V8H6, STM32H7S3V8T6, STM32H7S3V8Y6TR, STM32H7S3Z8J6, STM32H7S3Z8T6, STM32H7S78-DK, STM32H7S7A8I6, STM32H7S7I8K6, STM32H7S7I8T6, STM32H7S7L8H6, STM32H7S7L8H6H, STM32H7S7Z8J6, STM32L4R5QGI6STR, STM32MP131AAE3, STM32MP131AAF3, STM32MP131AAG3, STM32MP131CAE3, STM32MP131CAF3, STM32MP131CAG3, STM32MP131DAE7, STM32MP131DAF7, STM32MP131DAG7, STM32MP131FAE7, STM32MP131FAF7, STM32MP131FAG7, STM32MP133AAE3, STM32MP133AAF3, STM32MP133AAG3, STM32MP133CAE3, STM32MP133CAF3, STM32MP133CAG3, STM32MP133DAE7, STM32MP133DAF7, STM32MP133DAG7, STM32MP133FAE7, STM32MP133FAF7, STM32MP133FAG7, STM32MP135AAE3, STM32MP135AAF3, STM32MP135AAG3, STM32MP135CAE3, STM32MP135CAF3, STM32MP135CAG3, STM32MP135DAE7, STM32MP135DAF7, STM32MP135DAG7, STM32MP135F-DK, STM32MP135FAE7, STM32MP135FAF7, STM32MP135FAF7T, STM32MP135FAF7U, STM32MP135FAG7, STM32MP211AAL3, STM32MP211AAM3, STM32MP211AAN3, STM32MP211AAO3, STM32MP211CAL3, STM32MP211CAM3, STM32MP211CAN3, STM32MP211CAO3, STM32MP211DAL3, STM32MP211DAM3, STM32MP211DAN3, STM32MP211DAO3, STM32MP211FAL3, STM32MP211FAM3, STM32MP211FAN3, STM32MP211FAO3, STM32MP213AAL3, STM32MP213AAM3, STM32MP213AAN3, STM32MP213AAO3, STM32MP213CAL3, STM32MP213CAM3, STM32MP213CAN3, STM32MP213CAO3, STM32MP213DAL3, STM32MP213DAM3, STM32MP213DAN3, STM32MP213DAO3, STM32MP213FAL3, STM32MP213FAM3, STM32MP213FAN3, STM32MP213FAO3, STM32MP215AAL3, STM32MP215AAM3, STM32MP215AAN3, STM32MP215AAO3, STM32MP215CAL3, STM32MP215CAM3, STM32MP215CAN3, STM32MP215CAO3, STM32MP215DAL3, STM32MP215DAM3, STM32MP215DAN3, STM32MP215DAO3, STM32MP215F-DK, STM32MP215FAL3, STM32MP215FAM3, STM32MP215FAN3, STM32MP215FAO3, STM32MP231AAJ3, STM32MP231AAK3, STM32MP231AAL3, STM32MP231CAJ3, STM32MP231CAK3, STM32MP231CAL3, STM32MP231DAJ3, STM32MP231DAK3, STM32MP231DAL3, STM32MP231FAJ3, STM32MP231FAK3, STM32MP231FAL3, STM32MP233AAJ3, STM32MP233AAK3, STM32MP233AAL3, STM32MP233CAJ3, STM32MP233CAK3, STM32MP233CAL3, STM32MP233DAJ3, STM32MP233DAK3, STM32MP233DAL3, STM32MP233FAJ3, STM32MP233FAK3, STM32MP233FAL3, STM32MP235AAJ3, STM32MP235AAK3, STM32MP235AAL3, STM32MP235CAJ3, STM32MP235CAK3, STM32MP235CAL3, STM32MP235DAJ3, STM32MP235DAK3, STM32MP235DAL3, STM32MP235FAJ3, STM32MP235FAK3, STM32MP235FAL3, STM32MP251AAI3, STM32MP251AAK3, STM32MP251AAL3, STM32MP251CAI3, STM32MP251CAK3, STM32MP251CAL3, STM32MP251DAI3, STM32MP251DAK3, STM32MP251DAL3, STM32MP251FAI3, STM32MP251FAK3, STM32MP251FAL3, STM32MP253AAI3, STM32MP253AAK3, STM32MP253AAL3, STM32MP253CAI3, STM32MP253CAK3, STM32MP253CAL3, STM32MP253DAI3, STM32MP253DAK3, STM32MP253DAL3, STM32MP253FAI3, STM32MP253FAK3, STM32MP253FAL3, STM32MP255AAI3, STM32MP255AAK3, STM32MP255AAL3, STM32MP255CAI3, STM32MP255CAK3, STM32MP255CAL3, STM32MP255DAI3, STM32MP255DAK3, STM32MP255DAL3, STM32MP255FAI3, STM32MP255FAK3, STM32MP255FAL3, STM32MP257AAI3, STM32MP257AAK3, STM32MP257AAL3, STM32MP257CAI3, STM32MP257CAK3, STM32MP257CAL3, STM32MP257DAI3, STM32MP257DAK3, STM32MP257DAL3, STM32MP257F-DK, STM32MP257F-EV1, STM32MP257FAI3, STM32MP257FAK3, STM32MP257FAL3, STM32N645A0H3Q, STM32N645B0H3Q, STM32N645I0H3Q, STM32N645L0H3Q, STM32N645X0H3Q, STM32N645Z0H3Q, STM32N647A0H3Q, STM32N647B0H3Q, STM32N647I0H3Q, STM32N647L0H3Q, STM32N647X0H3Q, STM32N647Z0H3Q, STM32N655A0H3Q, STM32N655B0H3Q, STM32N655I0H3Q, STM32N655L0H3Q, STM32N655X0H3Q, STM32N655Z0H3Q, STM32N6570-DK, STM32N657A0H3Q, STM32N657B0H3Q, STM32N657I0H3Q, STM32N657L0H3Q, STM32N657X0H3Q, STM32N657Z0H3Q, STM32U031C6T6, STM32U031C6U6, STM32U031C8T6, STM32U031C8U6, STM32U031F4P6, STM32U031F6P6, STM32U031F8P6, STM32U031G6Y6TR, STM32U031G8Y6TR, STM32U031K4U6, STM32U031K6U6, STM32U031K8U6, STM32U031R6I6, STM32U031R6T6, STM32U031R8I6, STM32U031R8T6, STM32U073C8T6, STM32U073C8U6, STM32U073CBT6, STM32U073CBU6, STM32U073CCT6, STM32U073CCU6, STM32U073H8Y6TR, STM32U073HBY6TR, STM32U073HCY6TR, STM32U073K8U6, STM32U073KBU6, STM32U073KCU6, STM32U073M8I6, STM32U073M8T6, STM32U073MBI6, STM32U073MBT6, STM32U073MCI6, STM32U073MCT6, STM32U073R8I6, STM32U073R8T6, STM32U073RBI6, STM32U073RBT6, STM32U073RCI6, STM32U073RCT6, STM32U083C-DK, STM32U083CCT6, STM32U083CCU6, STM32U083HCY6TR, STM32U083KCU6, STM32U083MCI6, STM32U083MCT6, STM32U083RCI6, STM32U083RCT6, STM32U375CET6, STM32U375CET6Q, STM32U375CEU6, STM32U375CEU6Q, STM32U375CEY6QTR, STM32U375CGT6, STM32U375CGT6Q, STM32U375CGU6, STM32U375CGU6Q, STM32U375CGY6QTR, STM32U375KEU6, STM32U375KGU6, STM32U375REI6, STM32U375REI6Q, STM32U375RET6, STM32U375RET6Q, STM32U375REY6GTR, STM32U375REY6QTR, STM32U375RGI6, STM32U375RGI6Q, STM32U375RGT6, STM32U375RGT6Q, STM32U375RGY6GTR, STM32U375RGY6QTR, STM32U375VEI6, STM32U375VEI6Q, STM32U375VET6, STM32U375VET6Q, STM32U375VGI6, STM32U375VGI6Q, STM32U375VGT6, STM32U375VGT6Q, STM32U385CGT6, STM32U385CGT6Q, STM32U385CGU6, STM32U385CGU6Q, STM32U385CGY6QTR, STM32U385KGU6, STM32U385RGI6, STM32U385RGI6Q, STM32U385RGT6, STM32U385RGT6Q, STM32U385RGY6GTR, STM32U385RGY6QTR, STM32U385VGI6, STM32U385VGI6Q, STM32U385VGT6, STM32U385VGT6Q, STM32U535CBT6, STM32U535CBT6Q, STM32U535CBU6, STM32U535CBU6Q, STM32U535CCT6, STM32U535CCT6Q, STM32U535CCU6, STM32U535CCU6Q, STM32U535CET6, STM32U535CET6Q, STM32U535CEU6, STM32U535CEU6Q, STM32U535JEY6QTR, STM32U535NCY6QTR, STM32U535NEY6QTR, STM32U535RBI6, STM32U535RBI6Q, STM32U535RBT6, STM32U535RBT6Q, STM32U535RCI6, STM32U535RCI6Q, STM32U535RCT6, STM32U535RCT6Q, STM32U535REI6, STM32U535REI6Q, STM32U535RET6, STM32U535RET6Q, STM32U535VCI6, STM32U535VCI6Q, STM32U535VCT6, STM32U535VCT6Q, STM32U535VEI6, STM32U535VEI6Q, STM32U535VET6, STM32U535VET6Q, STM32U545CET6, STM32U545CET6Q, STM32U545CEU6, STM32U545CEU6Q, STM32U545JEY6QTR, STM32U545NEY6QTR, STM32U545REI6, STM32U545REI6Q, STM32U545RET6, STM32U545RET6Q, STM32U545VEI6, STM32U545VEI6Q, STM32U545VET6, STM32U545VET6Q, STM32U595AIH6, STM32U595AIH6Q, STM32U595AJH6, STM32U595AJH6Q, STM32U595QII6, STM32U595QII6Q, STM32U595QJI6, STM32U595QJI6Q, STM32U595RIT6, STM32U595RIT6Q, STM32U595RJT6, STM32U595RJT6Q, STM32U595VIT6, STM32U595VIT6Q, STM32U595VJT6, STM32U595VJT6Q, STM32U595ZIT6, STM32U595ZIT6Q, STM32U595ZIY6QTR, STM32U595ZJT6, STM32U595ZJT6Q, STM32U595ZJY6QTR, STM32U599BJY6QTR, STM32U599NIH6Q, STM32U599NJH6Q, STM32U599VIT6Q, STM32U599VJT6, STM32U599VJT6Q, STM32U599ZIT6Q, STM32U599ZIY6QTR, STM32U599ZJT6Q, STM32U599ZJY6QTR, STM32U5A5AJH6, STM32U5A5AJH6Q, STM32U5A5QII3Q , STM32U5A5QJI6, STM32U5A5QJI6Q, STM32U5A5RJT6, STM32U5A5RJT6Q, STM32U5A5VJT6, STM32U5A5VJT6Q, STM32U5A5ZJT6, STM32U5A5ZJT6Q, STM32U5A5ZJY6QTR, STM32U5A9BJY6QTR, STM32U5A9J-DK, STM32U5A9NJH6Q, STM32U5A9VJT6Q, STM32U5A9ZJT6Q, STM32U5A9ZJY6QTR, STM32U5F7VIT6, STM32U5F7VIT6Q, STM32U5F7VJT6, STM32U5F7VJT6Q, STM32U5F9BJY6QTR, STM32U5F9NJH6Q, STM32U5F9VIT6Q, STM32U5F9VJT6Q, STM32U5F9ZIJ6QTR, STM32U5F9ZIT6Q, STM32U5F9ZJJ6QTR, STM32U5F9ZJT6Q, STM32U5G7VJT6, STM32U5G7VJT6Q, STM32U5G9BJY6QTR, STM32U5G9J-DK1, STM32U5G9J-DK2, STM32U5G9NJH6Q, STM32U5G9VJT6Q, STM32U5G9ZJJ6QTR, STM32U5G9ZJT6Q, STM32WB05KZV6TR, STM32WB05KZV7TR, STM32WB05TZF6TR, STM32WB05TZF7TR, STM32WB06CCF6TR, STM32WB06CCF7TR, STM32WB06CCV6TR, STM32WB06CCV7TR, STM32WB06KCV6TR, STM32WB06KCV7TR, STM32WB07CCF6TR, STM32WB07CCF7TR, STM32WB07CCV6TR, STM32WB07CCV7TR, STM32WB07KCV6TR, STM32WB07KCV7TR, STM32WB09KEV6TR, STM32WB09KEV7TR, STM32WB09TEF6TR, STM32WB09TEF7TR, STM32WB1MMCH6, STM32WBA50KGU6, STM32WBA50KGU6TR, STM32WBA52CEU6, STM32WBA52CEU6TR, STM32WBA52CEU7, STM32WBA52CEU7TR, STM32WBA52CGU6, STM32WBA52CGU6TR, STM32WBA52CGU6U, STM32WBA52CGU7, STM32WBA52CGU7TR, STM32WBA52KEU6, STM32WBA52KEU6TR, STM32WBA52KGU6, STM32WBA52KGU6TR, STM32WBA54CEU6, STM32WBA54CEU6TR, STM32WBA54CEU7, STM32WBA54CEU7TR, STM32WBA54CGU6, STM32WBA54CGU6TR, STM32WBA54CGU7, STM32WBA54CGU7TR, STM32WBA54KEU6, STM32WBA54KEU6TR, STM32WBA54KEU7, STM32WBA54KEU7TR, STM32WBA54KGU6, STM32WBA54KGU6TR, STM32WBA54KGU7, STM32WBA54KGU7TR, STM32WBA55CEU6, STM32WBA55CEU6TR, STM32WBA55CEU7, STM32WBA55CEU7TR, STM32WBA55CGU6, STM32WBA55CGU6TR, STM32WBA55CGU6U, STM32WBA55CGU7, STM32WBA55CGU7TR, STM32WBA55G-DK1, STM32WBA55HEF6, STM32WBA55HEF7, STM32WBA55HGF6, STM32WBA55HGF7, STM32WBA55UEI6, STM32WBA55UEI6TR, STM32WBA55UEI7, STM32WBA55UEI7TR, STM32WBA55UGI6, STM32WBA55UGI6TR, STM32WBA55UGI7, STM32WBA55UGI7TR, STM32WBA5MMGH6TR, STM32WBA62MGF6, STM32WBA62MIF6, STM32WBA65MGF7, STM32WBA65MIF6, STM32WBA65MIF7, STM32WL30K8V6, STM32WL30KBV6, STM32WL31C8V6, STM32WL31CBV6, STM32WL31K8V6, STM32WL31KBV6, STM32WL33C8V6, STM32WL33C8V6X, STM32WL33CBV6, STM32WL33CBV6X, STM32WL33CCV6, STM32WL33CCV6A, STM32WL33CCV6X, STM32WL33K8V7, STM32WL33K8V7X, STM32WL33KBV7 , STM32WL33KBV7X, STM32WL33KCV7, STM32WL33KCV7X, STM32WL5MOCH6, STM32WL5MOCH6TR]
2026-05-19 19:23:44,107 [INFO] DbMcus:218 - Found 5055 MCUs, 4968 are supported
2026-05-19 19:23:44,109 [INFO] ApiDb:423 - Load user favorites file C:\Users\Александра/.stm32cubeide/favorites.mcus.txt: 0 item(s)
2026-05-19 19:23:44,109 [INFO] ApiDb:427 - User favorites MCUs=[]
2026-05-19 19:23:44,110 [INFO] DbMcus:224 - Set 0 / 0 favorites MCUs
2026-05-19 19:23:45,088 [INFO] BoardInfo:889 - No configuration file found for board NUCLEO-H5E5ZJ
2026-05-19 19:23:45,090 [INFO] DbBoards:161 - Board is not supported: NUCLEO-H5E5ZJ
2026-05-19 19:23:45,199 [INFO] BoardInfo:889 - No configuration file found for board NUCLEO-U3C5ZI-Q
2026-05-19 19:23:45,201 [INFO] DbBoards:161 - Board is not supported: NUCLEO-U3C5ZI-Q
2026-05-19 19:23:45,226 [INFO] BoardInfo:889 - No configuration file found for board NUCLEO-WBA25CE1
2026-05-19 19:23:45,228 [INFO] DbBoards:161 - Board is not supported: NUCLEO-WBA25CE1
2026-05-19 19:23:45,246 [INFO] BoardInfo:889 - No configuration file found for board NUCLEO-WL3RKB1
2026-05-19 19:23:45,248 [INFO] DbBoards:161 - Board is not supported: NUCLEO-WL3RKB1
2026-05-19 19:23:45,249 [INFO] BoardInfo:889 - No configuration file found for board NUCLEO-WL3RKB2
2026-05-19 19:23:45,251 [INFO] DbBoards:161 - Board is not supported: NUCLEO-WL3RKB2
2026-05-19 19:23:45,263 [INFO] BoardInfo:889 - No configuration file found for board P-NUCLEO-WB55
2026-05-19 19:23:45,265 [INFO] DbBoards:161 - Kit is not supported: P-NUCLEO-WB55
2026-05-19 19:23:45,274 [INFO] BoardInfo:889 - No configuration file found for board STEVAL-BFA001V1B
2026-05-19 19:23:45,275 [INFO] DbBoards:161 - Kit is not supported: STEVAL-BFA001V1B
2026-05-19 19:23:45,277 [INFO] BoardInfo:889 - No configuration file found for board STEVAL-BFA001V2B
2026-05-19 19:23:45,278 [INFO] DbBoards:161 - Kit is not supported: STEVAL-BFA001V2B
2026-05-19 19:23:45,445 [INFO] BoardInfo:889 - No configuration file found for board STM32H5F5J-DK
2026-05-19 19:23:45,447 [INFO] DbBoards:161 - Board is not supported: STM32H5F5J-DK
2026-05-19 19:23:45,574 [INFO] DbBoards:168 - Found 218 boards, 209 are supported
2026-05-19 19:23:45,574 [INFO] DbBoards:169 - Found 218 boards, 43 of them is supported for  Bsp
2026-05-19 19:23:45,587 [INFO] ApiDb:423 - Load user favorites file C:\Users\Александра/.stm32cubeide/favorites.boards.txt: 1 item(s)
2026-05-19 19:23:45,587 [INFO] ApiDb:427 - User favorites Boards=[NUCLEO-G474RE]
2026-05-19 19:23:45,588 [INFO] DbBoards:198 - Set 1 / 1 favorites Boards
2026-05-19 19:23:45,696 [INFO] UtilMem:75 - End LoadConfig() Used Memory: 424622944 Bytes (618659840)
2026-05-19 19:23:45,937 [WARN] ThirdParty:833 - waiting for thirdparty lock release [change project]
2026-05-19 19:23:45,937 [INFO] ThirdParty:835 - entering critical section [change project]
2026-05-19 19:23:45,937 [INFO] ThirdParty:1030 - CMSIS Pack Vendor :STMicroelectronics X-CUBE-AZRTOS-H7 3.5.0
2026-05-19 19:23:45,937 [INFO] ThirdParty:1030 - CMSIS Pack Vendor :STMicroelectronics X-CUBE-PM33A1 1.0.0
2026-05-19 19:23:45,938 [INFO] ThirdParty:1030 - CMSIS Pack Vendor :STMicroelectronics USBPD 4.1
2026-05-19 19:23:45,938 [INFO] ThirdParty:1030 - CMSIS Pack Vendor :STMicroelectronics USB_HOST 2.0.0
2026-05-19 19:23:45,938 [INFO] ThirdParty:1030 - CMSIS Pack Vendor :STMicroelectronics FP-SNS-MOTENVWB1 1.4.0
2026-05-19 19:23:45,938 [INFO] ThirdParty:1030 - CMSIS Pack Vendor :STMicroelectronics X-CUBE-AZRTOS-F4 1.1.0
2026-05-19 19:23:45,938 [INFO] ThirdParty:1030 - CMSIS Pack Vendor :STMicroelectronics LIBJPEG 8.0.0
2026-05-19 19:23:45,938 [INFO] ThirdParty:1030 - CMSIS Pack Vendor :STMicroelectronics FP-ATR-ASTRA1 2.0.2
2026-05-19 19:23:45,938 [INFO] ThirdParty:1030 - CMSIS Pack Vendor :Avnet-IotConnect X-CUBE-IoTC-DA16k-PMOD 1.0.0
2026-05-19 19:23:45,938 [INFO] ThirdParty:1030 - CMSIS Pack Vendor :STMicroelectronics X-CUBE-SMBUS 2.1.0
2026-05-19 19:23:45,938 [INFO] ThirdParty:1030 - CMSIS Pack Vendor :STMicroelectronics X-CUBE-ISPU 2.1.0
2026-05-19 19:23:45,938 [INFO] ThirdParty:1030 - CMSIS Pack Vendor :STMicroelectronics X-CUBE-IPS 3.2.0
2026-05-19 19:23:45,938 [INFO] ThirdParty:1030 - CMSIS Pack Vendor :STMicroelectronics eDS-WB_DPC_TT-BIDIR 2.1.1
2026-05-19 19:23:45,938 [INFO] ThirdParty:1030 - CMSIS Pack Vendor :STMicroelectronics X-CUBE-ST60 1.0.0
2026-05-19 19:23:45,938 [INFO] ThirdParty:1030 - CMSIS Pack Vendor :STMicroelectronics X-CUBE-NFC12 1.0.0
2026-05-19 19:23:45,938 [INFO] ThirdParty:1030 - CMSIS Pack Vendor :STMicroelectronics X-CUBE-AZRTOS-F7 1.1.0
2026-05-19 19:23:45,938 [INFO] ThirdParty:1030 - CMSIS Pack Vendor :STMicroelectronics X-CUBE-AZRTOS-L5 2.0.0
2026-05-19 19:23:45,938 [INFO] ThirdParty:1030 - CMSIS Pack Vendor :STMicroelectronics USB_DEVICE 2.0.0
2026-05-19 19:23:45,938 [INFO] ThirdParty:1030 - CMSIS Pack Vendor :STMicroelectronics X-CUBE-NFC6 3.1.0
2026-05-19 19:23:45,938 [INFO] ThirdParty:1030 - CMSIS Pack Vendor :Cesanta I-CUBE-Mongoose 7.19.0
2026-05-19 19:23:45,938 [INFO] ThirdParty:1030 - CMSIS Pack Vendor :STMicroelectronics FP-SNS-MOTENV1 5.1.0
2026-05-19 19:23:45,939 [INFO] ThirdParty:1030 - CMSIS Pack Vendor :STMicroelectronics FreeRTOS 0.0.1
2026-05-19 19:23:45,939 [INFO] ThirdParty:1030 - CMSIS Pack Vendor :STMicroelectronics eDS-WB_DPC_VIENNA 1.2.0
2026-05-19 19:23:45,939 [INFO] ThirdParty:1030 - CMSIS Pack Vendor :WES I-CUBE-Cesium 1.4.0
2026-05-19 19:23:45,939 [INFO] ThirdParty:1030 - CMSIS Pack Vendor :STMicroelectronics eDS-WB_DPC_3PH2L-BIDIR 1.1.1
2026-05-19 19:23:45,939 [INFO] ThirdParty:1030 - CMSIS Pack Vendor :Infineon AIROC-Wi-Fi-Bluetooth-STM32 1.7.1
2026-05-19 19:23:45,939 [INFO] ThirdParty:1030 - CMSIS Pack Vendor :STMicroelectronics PDM2PCM 3.3.0
2026-05-19 19:23:45,939 [INFO] ThirdParty:1030 - CMSIS Pack Vendor :STMicroelectronics X-CUBE-AZRTOS-H7 3.4.0
2026-05-19 19:23:45,939 [INFO] ThirdParty:1030 - CMSIS Pack Vendor :STMicroelectronics X-CUBE-DISPLAY 3.0.0
2026-05-19 19:23:45,939 [INFO] ThirdParty:1030 - CMSIS Pack Vendor :STMicroelectronics X-CUBE-GNSS1 7.1.1
2026-05-19 19:23:45,939 [INFO] ThirdParty:1030 - CMSIS Pack Vendor :STMicroelectronics FP-SNS-MOTENVWB1 1.5.0
2026-05-19 19:23:45,939 [INFO] ThirdParty:1030 - CMSIS Pack Vendor :STMicroelectronics X-CUBE-NFC10 1.0.0
2026-05-19 19:23:45,939 [INFO] ThirdParty:1030 - CMSIS Pack Vendor :STMicroelectronics X-CUBE-FREERTOS 1.3.1
2026-05-19 19:23:45,939 [INFO] ThirdParty:1030 - CMSIS Pack Vendor :STMicroelectronics HAL Drivers 0.0.0
2026-05-19 19:23:45,939 [INFO] ThirdParty:1030 - CMSIS Pack Vendor :STMicroelectronics X-CUBE-ST60 1.1.0
2026-05-19 19:23:45,939 [INFO] ThirdParty:1030 - CMSIS Pack Vendor :emotas I-CUBE-CANOPEN 1.3.0
2026-05-19 19:23:45,939 [INFO] ThirdParty:1030 - CMSIS Pack Vendor :STMicroelectronics MBEDTLS 2.14.1
2026-05-19 19:23:45,939 [INFO] ThirdParty:1030 - CMSIS Pack Vendor :STMicroelectronics X-CUBE-GNSS1 7.1.0
2026-05-19 19:23:45,939 [INFO] ThirdParty:1030 - CMSIS Pack Vendor :STMicroelectronics X-CUBE-TOUCHGFX 4.26.0
2026-05-19 19:23:45,939 [INFO] ThirdParty:1030 - CMSIS Pack Vendor :STMicroelectronics X-CUBE-TOUCHGFX 4.26.1
2026-05-19 19:23:45,939 [INFO] ThirdParty:1030 - CMSIS Pack Vendor :STMicroelectronics FP-SNS-STBOX1 2.1.0
2026-05-19 19:23:45,940 [INFO] ThirdParty:1030 - CMSIS Pack Vendor :STMicroelectronics FP-SNS-STAIOTCFT 1.0.0
2026-05-19 19:23:45,940 [INFO] ThirdParty:1030 - CMSIS Pack Vendor :STMicroelectronics FP-SNS-SMARTAG2 1.2.0
2026-05-19 19:23:45,940 [INFO] ThirdParty:1030 - CMSIS Pack Vendor :STMicroelectronics FP-SNS-FLIGHT1 5.1.0
2026-05-19 19:23:45,940 [INFO] ThirdParty:1030 - CMSIS Pack Vendor :STMicroelectronics X-CUBE-AZRTOS-WL 2.0.0
2026-05-19 19:23:45,940 [INFO] ThirdParty:1030 - CMSIS Pack Vendor :STMicroelectronics X-CUBE-DPower 1.3.0
2026-05-19 19:23:45,940 [INFO] ThirdParty:1030 - CMSIS Pack Vendor :STMicroelectronics FP-SNS-MOTENV1 5.0.0
2026-05-19 19:23:45,940 [INFO] ThirdParty:1030 - CMSIS Pack Vendor :STMicroelectronics USB_DEVICE 1.0.0
2026-05-19 19:23:45,940 [INFO] ThirdParty:1030 - CMSIS Pack Vendor :STMicroelectronics X-CUBE-AZRTOS-H7RS 1.2.0
2026-05-19 19:23:45,940 [INFO] ThirdParty:1030 - CMSIS Pack Vendor :STMicroelectronics X-CUBE-AZRTOS-L4 2.0.0
2026-05-19 19:23:45,940 [INFO] ThirdParty:1030 - CMSIS Pack Vendor :STMicroelectronics ThreadX 0.0.2
2026-05-19 19:23:45,940 [INFO] ThirdParty:1030 - CMSIS Pack Vendor :STMicroelectronics lwIP 2.1.2
2026-05-19 19:23:45,940 [INFO] ThirdParty:1030 - CMSIS Pack Vendor :STMicroelectronics X-CUBE-SFXS2LP1 4.0.0
2026-05-19 19:23:45,940 [INFO] ThirdParty:1030 - CMSIS Pack Vendor :STMicroelectronics X-CUBE-BLE2 3.3.0
2026-05-19 19:23:45,940 [INFO] ThirdParty:1030 - CMSIS Pack Vendor :Avnet-IOTCONNECT X-CUBE-iotc-st67-sdk 1.0.0
2026-05-19 19:23:45,940 [INFO] ThirdParty:1030 - CMSIS Pack Vendor :STMicroelectronics PDM2PCM 3.2.0
2026-05-19 19:23:45,940 [INFO] ThirdParty:1030 - CMSIS Pack Vendor :STMicroelectronics X-CUBE-WB05N 2.1.0
2026-05-19 19:23:45,940 [INFO] ThirdParty:1030 - CMSIS Pack Vendor :STMicroelectronics X-CUBE-ST67W61 1.2.0
2026-05-19 19:23:45,940 [INFO] ThirdParty:1030 - CMSIS Pack Vendor :STMicroelectronics X-CUBE-NFC9 1.0.0
2026-05-19 19:23:45,940 [INFO] ThirdParty:1030 - CMSIS Pack Vendor :wolfSSL I-CUBE-wolfSSL 5.8.2
2026-05-19 19:23:45,940 [INFO] ThirdParty:1030 - CMSIS Pack Vendor :STMicroelectronics X-CUBE-BLE1 7.1.0
2026-05-19 19:23:45,941 [INFO] ThirdParty:1030 - CMSIS Pack Vendor :wolfSSL I-CUBE-wolfMQTT 1.19.2
2026-05-19 19:23:45,941 [INFO] ThirdParty:1030 - CMSIS Pack Vendor :STMicroelectronics USB_DEVICE 3.0.0
2026-05-19 19:23:45,941 [INFO] ThirdParty:1030 - CMSIS Pack Vendor :STMicroelectronics X-CUBE-FREERTOS 1.4.0
2026-05-19 19:23:45,941 [INFO] ThirdParty:1030 - CMSIS Pack Vendor :STMicroelectronics X-CUBE-EEPRMA1 5.2.0
2026-05-19 19:23:45,941 [INFO] ThirdParty:1030 - CMSIS Pack Vendor :STMicroelectronics X-CUBE-BLEMGR 4.1.0
2026-05-19 19:23:45,941 [INFO] ThirdParty:1030 - CMSIS Pack Vendor :STMicroelectronics X-CUBE-AZRTOS-WB 2.0.0
2026-05-19 19:23:45,941 [INFO] ThirdParty:1030 - CMSIS Pack Vendor :STMicroelectronics X-CUBE-GNSS1 7.0.1
2026-05-19 19:23:45,941 [INFO] ThirdParty:1030 - CMSIS Pack Vendor :STMicroelectronics X-CUBE-TOUCHGFX 4.25.0
2026-05-19 19:23:45,941 [INFO] ThirdParty:1030 - CMSIS Pack Vendor :STMicroelectronics X-CUBE-ST67W61 1.1.0
2026-05-19 19:23:45,941 [INFO] ThirdParty:1030 - CMSIS Pack Vendor :STMicroelectronics FP-SNS-STAIOTCFT 1.1.0
2026-05-19 19:23:45,941 [INFO] ThirdParty:1030 - CMSIS Pack Vendor :quantropi X-CUBE-qispace-sdk-base 2.1.0
2026-05-19 19:23:45,941 [INFO] ThirdParty:1030 - CMSIS Pack Vendor :STMicroelectronics X-CUBE-MEMS1 12.0.0
2026-05-19 19:23:45,941 [INFO] ThirdParty:1030 - CMSIS Pack Vendor :STMicroelectronics X-CUBE-STSE01 2.0.0
2026-05-19 19:23:45,941 [INFO] ThirdParty:1030 - CMSIS Pack Vendor :STMicroelectronics X-CUBE-AZRTOS-G0 1.1.0
2026-05-19 19:23:45,941 [INFO] ThirdParty:1030 - CMSIS Pack Vendor :STMicroelectronics X-CUBE-SAFEA1 1.2.2
2026-05-19 19:23:45,941 [INFO] ThirdParty:1030 - CMSIS Pack Vendor :STMicroelectronics X-CUBE-NFC4 3.0.0
2026-05-19 19:23:45,941 [INFO] ThirdParty:1030 - CMSIS Pack Vendor :STMicroelectronics X-CUBE-SUBG2 5.0.0
2026-05-19 19:23:45,941 [INFO] ThirdParty:1030 - CMSIS Pack Vendor :STMicroelectronics X-CUBE-AZRTOS-H7RS 1.1.0
2026-05-19 19:23:45,941 [INFO] ThirdParty:1030 - CMSIS Pack Vendor :STMicroelectronics STM32_WPAN 1.0.0
2026-05-19 19:23:45,941 [INFO] ThirdParty:1030 - CMSIS Pack Vendor :EmbeddedOffice I-CUBE-FS-RTOS 1.0.1
2026-05-19 19:23:45,941 [INFO] ThirdParty:1030 - CMSIS Pack Vendor :STMicroelectronics lwIP 2.0.3
2026-05-19 19:23:45,942 [INFO] ThirdParty:1030 - CMSIS Pack Vendor :STMicroelectronics USB_HOST 1.0.0
2026-05-19 19:23:45,942 [INFO] ThirdParty:1030 - CMSIS Pack Vendor :STMicroelectronics X-CUBE-AZRTOS-G4 2.0.0
2026-05-19 19:23:45,942 [INFO] ThirdParty:1030 - CMSIS Pack Vendor :STMicroelectronics X-CUBE-WB05N 2.0.0
2026-05-19 19:23:45,942 [INFO] ThirdParty:1030 - CMSIS Pack Vendor :STMicroelectronics PDM2PCM 3.1.0
2026-05-19 19:23:45,942 [INFO] ThirdParty:1030 - CMSIS Pack Vendor :wolfSSL I-CUBE-wolfTPM 3.8.0
2026-05-19 19:23:45,942 [INFO] ThirdParty:1030 - CMSIS Pack Vendor :wolfSSL I-CUBE-wolfSSH 1.4.20
2026-05-19 19:23:45,942 [INFO] ThirdParty:1030 - CMSIS Pack Vendor :STMicroelectronics X-CUBE-NFC7 2.0.0
2026-05-19 19:23:45,942 [INFO] ThirdParty:1030 - CMSIS Pack Vendor :STMicroelectronics X-CUBE-TCPP 4.2.0
2026-05-19 19:23:45,942 [INFO] ThirdParty:1030 - CMSIS Pack Vendor :RealThread X-CUBE-RT-Thread_Nano 4.1.1
2026-05-19 19:23:45,942 [INFO] ThirdParty:1030 - CMSIS Pack Vendor :STMicroelectronics FP-ATR-SIGFOX1 3.2.0
2026-05-19 19:23:45,942 [INFO] ThirdParty:1030 - CMSIS Pack Vendor :STMicroelectronics X-CUBE-FREERTOS 1.5.0
2026-05-19 19:23:45,942 [INFO] ThirdParty:1030 - CMSIS Pack Vendor :STMicroelectronics MBEDTLS 2.16.2
2026-05-19 19:23:45,942 [INFO] ThirdParty:1030 - CMSIS Pack Vendor :STMicroelectronics X-CUBE-IPS 3.1.0
2026-05-19 19:23:45,942 [INFO] ThirdParty:1030 - CMSIS Pack Vendor :STMicroelectronics X-CUBE-ALS 1.0.2
2026-05-19 19:23:45,943 [INFO] ThirdParty:1030 - CMSIS Pack Vendor :ITTIA_DB I-CUBE-ITTIADB 8.9.0
2026-05-19 19:23:45,943 [INFO] ThirdParty:1030 - CMSIS Pack Vendor :STMicroelectronics X-CUBE-STSE01 1.0.0
2026-05-19 19:23:45,943 [INFO] ThirdParty:1030 - CMSIS Pack Vendor :STMicroelectronics X-CUBE-NFC6 3.2.0
2026-05-19 19:23:45,943 [INFO] ThirdParty:1030 - CMSIS Pack Vendor :STMicroelectronics X-CUBE-ST67W61 1.0.0
2026-05-19 19:23:45,943 [INFO] ThirdParty:1030 - CMSIS Pack Vendor :STMicroelectronics X-CUBE-AI 10.2.0
2026-05-19 19:23:45,943 [INFO] ThirdParty:1030 - CMSIS Pack Vendor :STMicroelectronics ThreadX 1.0.0
2026-05-19 19:23:45,943 [INFO] ThirdParty:1030 - CMSIS Pack Vendor :STMicroelectronics X-CUBE-MEMS1 12.1.0
2026-05-19 19:23:45,943 [INFO] ThirdParty:1030 - CMSIS Pack Vendor :SEGGER I-CUBE-embOS 1.3.1
2026-05-19 19:23:45,943 [INFO] ThirdParty:1030 - CMSIS Pack Vendor :STMicroelectronics X-CUBE-ALGOBUILD 1.4.0
2026-05-19 19:23:45,943 [INFO] ThirdParty:1030 - CMSIS Pack Vendor :STMicroelectronics X-CUBE-MEMS1 11.3.0
2026-05-19 19:23:45,943 [INFO] ThirdParty:1030 - CMSIS Pack Vendor :STMicroelectronics X-CUBE-TOF1 3.4.3
2026-05-19 19:23:45,943 [INFO] ThirdParty:841 - exiting critical section [change project]
2026-05-19 19:23:47,025 [INFO] PinOutPanel:1589 - setPackage(No Configuration,No Configuration)
2026-05-19 19:23:47,027 [INFO] PinOutPanel:1589 - setPackage(STM32G474RETx,LQFP64)
2026-05-19 19:23:47,722 [INFO] UtilMem:75 - Before build in PCC Used Memory: 429290256 Bytes (618659840)
2026-05-19 19:23:48,945 [INFO] UtilMem:75 - After build in PCC Used Memory: 275644784 Bytes (618659840)
2026-05-19 19:23:49,005 [INFO] IPUIPlugin:80 - create IPUIPlugin
2026-05-19 19:23:49,007 [INFO] IPUIPlugin:80 - create IPUIPlugin
2026-05-19 19:23:49,007 [INFO] IPUIPlugin:80 - create IPUIPlugin
2026-05-19 19:23:49,007 [INFO] IPUIPlugin:80 - create IPUIPlugin
2026-05-19 19:23:49,007 [INFO] IPUIPlugin:80 - create IPUIPlugin
2026-05-19 19:23:49,007 [INFO] IPUIPlugin:80 - create IPUIPlugin
2026-05-19 19:23:49,007 [INFO] IPUIPlugin:80 - create IPUIPlugin
2026-05-19 19:23:49,008 [INFO] IPUIPlugin:80 - create IPUIPlugin
2026-05-19 19:23:49,008 [INFO] IPUIPlugin:80 - create IPUIPlugin
2026-05-19 19:23:49,008 [INFO] IPUIPlugin:80 - create IPUIPlugin
2026-05-19 19:23:49,008 [INFO] IPUIPlugin:80 - create IPUIPlugin
2026-05-19 19:23:49,008 [INFO] IPUIPlugin:80 - create IPUIPlugin
2026-05-19 19:23:49,009 [INFO] IPUIPlugin:80 - create IPUIPlugin
2026-05-19 19:23:49,009 [INFO] IPUIPlugin:80 - create IPUIPlugin
2026-05-19 19:23:49,009 [INFO] IPUIPlugin:80 - create IPUIPlugin
2026-05-19 19:23:49,010 [INFO] IPUIPlugin:80 - create IPUIPlugin
2026-05-19 19:23:49,010 [INFO] IPUIPlugin:80 - create IPUIPlugin
2026-05-19 19:23:49,010 [INFO] IPUIPlugin:80 - create IPUIPlugin
2026-05-19 19:23:49,011 [INFO] IPUIPlugin:80 - create IPUIPlugin
2026-05-19 19:23:49,011 [INFO] IPUIPlugin:80 - create IPUIPlugin
2026-05-19 19:23:49,011 [INFO] IPUIPlugin:80 - create IPUIPlugin
2026-05-19 19:23:49,011 [INFO] IPUIPlugin:80 - create IPUIPlugin
2026-05-19 19:23:49,011 [INFO] IPUIPlugin:80 - create IPUIPlugin
2026-05-19 19:23:49,011 [INFO] IPUIPlugin:80 - create IPUIPlugin
2026-05-19 19:23:49,012 [INFO] IPUIPlugin:80 - create IPUIPlugin
2026-05-19 19:23:49,012 [INFO] IPUIPlugin:80 - create IPUIPlugin
2026-05-19 19:23:49,013 [INFO] IPUIPlugin:80 - create IPUIPlugin
2026-05-19 19:23:49,013 [INFO] IPUIPlugin:80 - create IPUIPlugin
2026-05-19 19:23:49,013 [INFO] IPUIPlugin:80 - create IPUIPlugin
2026-05-19 19:23:49,013 [INFO] IPUIPlugin:80 - create IPUIPlugin
2026-05-19 19:23:49,014 [INFO] IPUIPlugin:80 - create IPUIPlugin
2026-05-19 19:23:49,014 [INFO] IPUIPlugin:80 - create IPUIPlugin
2026-05-19 19:23:49,015 [INFO] IPUIPlugin:80 - create IPUIPlugin
2026-05-19 19:23:49,015 [INFO] IPUIPlugin:80 - create IPUIPlugin
2026-05-19 19:23:49,015 [INFO] IPUIPlugin:80 - create IPUIPlugin
2026-05-19 19:23:49,016 [INFO] IPUIPlugin:80 - create IPUIPlugin
2026-05-19 19:23:49,017 [INFO] IPUIPlugin:80 - create IPUIPlugin
2026-05-19 19:23:49,017 [INFO] IPUIPlugin:80 - create IPUIPlugin
2026-05-19 19:23:49,018 [INFO] IPUIPlugin:80 - create IPUIPlugin
2026-05-19 19:23:49,018 [INFO] IPUIPlugin:80 - create IPUIPlugin
2026-05-19 19:23:49,018 [INFO] IPUIPlugin:80 - create IPUIPlugin
2026-05-19 19:23:49,019 [INFO] IPUIPlugin:80 - create IPUIPlugin
2026-05-19 19:23:49,019 [INFO] IPUIPlugin:80 - create IPUIPlugin
2026-05-19 19:23:49,020 [INFO] IPUIPlugin:80 - create IPUIPlugin
2026-05-19 19:23:49,020 [INFO] IPUIPlugin:80 - create IPUIPlugin
2026-05-19 19:23:49,020 [INFO] IPUIPlugin:80 - create IPUIPlugin
2026-05-19 19:23:49,021 [INFO] IPUIPlugin:80 - create IPUIPlugin
2026-05-19 19:23:49,022 [INFO] IPUIPlugin:80 - create IPUIPlugin
2026-05-19 19:23:49,022 [INFO] IPUIPlugin:80 - create IPUIPlugin
2026-05-19 19:23:49,023 [INFO] IPUIPlugin:80 - create IPUIPlugin
2026-05-19 19:23:49,023 [INFO] IPUIPlugin:80 - create IPUIPlugin
2026-05-19 19:23:49,024 [INFO] IPUIPlugin:80 - create IPUIPlugin
2026-05-19 19:23:49,024 [INFO] IPUIPlugin:80 - create IPUIPlugin
2026-05-19 19:23:49,025 [INFO] IPUIPlugin:80 - create IPUIPlugin
2026-05-19 19:23:49,025 [INFO] IPUIPlugin:80 - create IPUIPlugin
2026-05-19 19:23:49,026 [INFO] IPUIPlugin:80 - create IPUIPlugin
2026-05-19 19:23:49,027 [INFO] IPUIPlugin:80 - create IPUIPlugin
2026-05-19 19:23:49,027 [INFO] IPUIPlugin:80 - create IPUIPlugin
2026-05-19 19:23:49,028 [INFO] IPUIPlugin:80 - create IPUIPlugin
2026-05-19 19:23:49,028 [INFO] IPUIPlugin:80 - create IPUIPlugin
2026-05-19 19:23:49,029 [INFO] IPUIPlugin:80 - create IPUIPlugin
2026-05-19 19:23:49,029 [INFO] IPUIPlugin:80 - create IPUIPlugin
2026-05-19 19:23:49,030 [INFO] IPUIPlugin:80 - create IPUIPlugin
2026-05-19 19:23:49,031 [INFO] IPUIPlugin:80 - create IPUIPlugin
2026-05-19 19:23:49,031 [INFO] IPUIPlugin:80 - create IPUIPlugin
2026-05-19 19:23:49,031 [INFO] IPUIPlugin:80 - create IPUIPlugin
2026-05-19 19:23:49,032 [INFO] IPUIPlugin:80 - create IPUIPlugin
2026-05-19 19:23:49,033 [INFO] IPUIPlugin:80 - create IPUIPlugin
2026-05-19 19:23:49,033 [INFO] IPUIPlugin:80 - create IPUIPlugin
2026-05-19 19:23:49,034 [INFO] IPUIPlugin:80 - create IPUIPlugin
2026-05-19 19:23:49,034 [INFO] IPUIPlugin:80 - create IPUIPlugin
2026-05-19 19:23:49,035 [INFO] IPUIPlugin:80 - create IPUIPlugin
2026-05-19 19:23:49,035 [INFO] IPUIPlugin:80 - create IPUIPlugin
2026-05-19 19:23:49,036 [INFO] IPUIPlugin:80 - create IPUIPlugin
2026-05-19 19:23:49,036 [INFO] IPUIPlugin:80 - create IPUIPlugin
2026-05-19 19:23:49,037 [INFO] IPUIPlugin:80 - create IPUIPlugin
2026-05-19 19:23:49,038 [INFO] IPUIPlugin:80 - create IPUIPlugin
2026-05-19 19:23:49,436 [INFO] CADModel:165 - CPN selected for project levelSTM32G474RET6
2026-05-19 19:23:49,436 [INFO] CADModel:114 - Register for checkConnection events
2026-05-19 19:23:49,502 [INFO] OpenFileManager:386 - Restore cursor
2026-05-19 19:26:58,992 [INFO] NvicIntPanel:101 - NVIC parent = com.st.microxplorer.plugins.ip.nvic.MultiNvicIntPanel[,0,0,0x0,invalid,layout=javax.swing.BoxLayout,alignmentX=0.0,alignmentY=0.0,border=,flags=9,maximumSize=,minimumSize=,preferredSize=]
2026-05-19 19:27:06,588 [INFO] NvicIntPanel:101 - NVIC parent = com.st.microxplorer.plugins.ip.nvic.MultiNvicIntPanel[,0,0,0x0,invalid,layout=javax.swing.BoxLayout,alignmentX=0.0,alignmentY=0.0,border=,flags=9,maximumSize=,minimumSize=,preferredSize=]
2026-05-19 19:27:12,205 [WARN] Mcu:7025 - HRTIM1 Clean up: some unused parameters were removed
2026-05-19 19:27:12,215 [INFO] UtilMem:75 - End SaveConfig() Used Memory: 438807168 Bytes (678428672)
2026-05-19 19:27:15,201 [WARN] Mcu:7025 - HRTIM1 Clean up: some unused parameters were removed
2026-05-19 19:27:15,204 [INFO] UtilMem:75 - End SaveConfig() Used Memory: 336812600 Bytes (678428672)
2026-05-19 19:27:30,412 [WARN] Mcu:7025 - HRTIM1 Clean up: some unused parameters were removed
2026-05-19 19:27:30,417 [INFO] UtilMem:75 - End SaveConfig() Used Memory: 552169296 Bytes (681574400)
2026-05-19 19:27:31,365 [INFO] BlockDiagram:2775 - set Specific Code input for plugin: SYS
2026-05-19 19:27:31,365 [INFO] BlockDiagram:2775 - set Specific Code input for plugin: ADC
2026-05-19 19:27:31,365 [INFO] BlockDiagram:2775 - set Specific Code input for plugin: RCC
2026-05-19 19:27:31,366 [INFO] BlockDiagram:2775 - set Specific Code input for plugin: HRTIM
2026-05-19 19:27:31,366 [INFO] BlockDiagram:2775 - set Specific Code input for plugin: NVIC
2026-05-19 19:27:31,366 [INFO] BlockDiagram:2775 - set Specific Code input for plugin: GPIO
2026-05-19 19:27:31,369 [INFO] CodeGenerator:892 - code generatio: config db path: C:\ST\STM32CubeIDE_1.19.0\STM32CubeIDE\plugins\com.st.stm32cube.common.mx_6.15.0.202507011659\\db\
2026-05-19 19:27:31,691 [INFO] CodeEngine:265 - oldGeneratedFile, C:\Users\Александра\Documents\hrtim_test_pwm_1_signal\test_hrtim1\MXTmpFiles\license.tmp_save
2026-05-19 19:27:32,208 [INFO] CodeEngine:289 - Generated code: C:\Users\Александра\Documents\hrtim_test_pwm_1_signal\test_hrtim1\MXTmpFiles\license.tmp
2026-05-19 19:27:32,412 [INFO] CodeEngine:265 - oldGeneratedFile, C:\Users\Александра\Documents\hrtim_test_pwm_1_signal\test_hrtim1\MXTmpFiles\gpio.tmp_save
2026-05-19 19:27:32,608 [INFO] CodeEngine:289 - Generated code: C:\Users\Александра\Documents\hrtim_test_pwm_1_signal\test_hrtim1\MXTmpFiles\gpio.tmp
2026-05-19 19:27:33,823 [INFO] CodeEngine:265 - oldGeneratedFile, C:\Users\Александра\Documents\hrtim_test_pwm_1_signal\test_hrtim1\Core\Src\stm32g4xx_it.c_save
2026-05-19 19:27:34,019 [INFO] CodeEngine:289 - Generated code: C:\Users\Александра\Documents\hrtim_test_pwm_1_signal\test_hrtim1\Core\Src\stm32g4xx_it.c
2026-05-19 19:27:34,031 [INFO] CodeEngine:265 - oldGeneratedFile, C:\Users\Александра\Documents\hrtim_test_pwm_1_signal\test_hrtim1\Core\Inc\stm32g4xx_it.h_save
2026-05-19 19:27:34,133 [INFO] CodeEngine:289 - Generated code: C:\Users\Александра\Documents\hrtim_test_pwm_1_signal\test_hrtim1\Core\Inc\stm32g4xx_it.h
2026-05-19 19:27:34,159 [INFO] CodeEngine:265 - oldGeneratedFile, C:\Users\Александра\Documents\hrtim_test_pwm_1_signal\test_hrtim1\Core\Src\stm32g4xx_hal_msp.c_save
2026-05-19 19:27:34,342 [INFO] CodeEngine:289 - Generated code: C:\Users\Александра\Documents\hrtim_test_pwm_1_signal\test_hrtim1\Core\Src\stm32g4xx_hal_msp.c
2026-05-19 19:27:34,351 [INFO] CodeEngine:265 - oldGeneratedFile, C:\Users\Александра\Documents\hrtim_test_pwm_1_signal\test_hrtim1\MXTmpFiles\system.tmp_save
2026-05-19 19:27:34,426 [INFO] CodeEngine:289 - Generated code: C:\Users\Александра\Documents\hrtim_test_pwm_1_signal\test_hrtim1\MXTmpFiles\system.tmp
2026-05-19 19:27:34,448 [INFO] CodeEngine:321 - oldGeneratedFile, C:\Users\Александра\Documents\hrtim_test_pwm_1_signal\test_hrtim1\Core\Inc\stm32g4xx_hal_conf.h_save
2026-05-19 19:27:34,535 [INFO] CodeEngine:345 - Generated code: C:\Users\Александра\Documents\hrtim_test_pwm_1_signal\test_hrtim1\Core\Inc\stm32g4xx_hal_conf.h
2026-05-19 19:27:34,570 [WARN] IPConfigManager:3238 - Warning: the RefConfig RCC_CommonPeriphClockConfig is not available in your config.xml file
2026-05-19 19:27:34,586 [INFO] ApiDbMcu:532 - Load IP Config File for ADC1
2026-05-19 19:27:34,640 [INFO] ApiDbMcu:532 - Load IP Config File for HRTIM1
2026-05-19 19:27:34,644 [INFO] ApiDbMcu:532 - Load IP Config File for RCC
2026-05-19 19:27:34,666 [INFO] CodeEngine:265 - oldGeneratedFile, C:\Users\Александра\Documents\hrtim_test_pwm_1_signal\test_hrtim1\Core\Inc\main.h_save
2026-05-19 19:27:34,785 [INFO] CodeEngine:289 - Generated code: C:\Users\Александра\Documents\hrtim_test_pwm_1_signal\test_hrtim1\Core\Inc\main.h
2026-05-19 19:27:34,795 [INFO] CodeEngine:265 - oldGeneratedFile, C:\Users\Александра\Documents\hrtim_test_pwm_1_signal\test_hrtim1\Core\Src\main.c_save
2026-05-19 19:27:35,069 [INFO] CodeEngine:289 - Generated code: C:\Users\Александра\Documents\hrtim_test_pwm_1_signal\test_hrtim1\Core\Src\main.c
2026-05-19 19:27:35,804 [INFO] ProjectBuilder:3606 - Time for Copy HAL[1] : 321mS.
2026-05-19 19:27:35,816 [INFO] ProjectBuilder:5216 - Project Generator version: 4.7.0-B52
2026-05-19 19:27:36,009 [INFO] ConfigFileManager:1595 - The Die is : DIE469
2026-05-19 19:27:36,019 [INFO] ApiDbMcu:532 - Load IP Config File for FATFS
2026-05-19 19:27:36,026 [INFO] ApiDbMcu:532 - Load IP Config File for FREERTOS
2026-05-19 19:27:36,037 [INFO] ApiDbMcu:532 - Load IP Config File for USBPD
2026-05-19 19:27:36,053 [INFO] ApiDbMcu:532 - Load IP Config File for USB_DEVICE
2026-05-19 19:27:36,597 [INFO] LogOutputStream:77 - [STDOUT_REDIRECT] 
2026-05-19 19:27:38,436 [INFO] ProjectBuilder:5496 - Time for Generating toolchain IDE Files: 2619mS.
2026-05-19 19:27:38,438 [INFO] ProjectBuilder:3463 - Time for Copy CMSIS : 1mS.
2026-05-19 19:27:38,443 [INFO] ProjectBuilder:3463 - Time for Copy CMSIS : 0mS.
2026-05-19 19:28:38,931 [INFO] NvicIntPanel:101 - NVIC parent = com.st.microxplorer.plugins.ip.nvic.MultiNvicIntPanel[,0,0,0x0,invalid,layout=javax.swing.BoxLayout,alignmentX=0.0,alignmentY=0.0,border=,flags=9,maximumSize=,minimumSize=,preferredSize=]
2026-05-19 19:28:42,166 [INFO] NvicIntPanel:101 - NVIC parent = com.st.microxplorer.plugins.ip.nvic.MultiNvicIntPanel[,0,0,0x0,invalid,layout=javax.swing.BoxLayout,alignmentX=0.0,alignmentY=0.0,border=,flags=9,maximumSize=,minimumSize=,preferredSize=]
2026-05-19 19:29:09,334 [WARN] Mcu:7025 - HRTIM1 Clean up: some unused parameters were removed
2026-05-19 19:29:09,339 [INFO] UtilMem:75 - End SaveConfig() Used Memory: 435742992 Bytes (739246080)
2026-05-19 19:29:12,415 [WARN] Mcu:7025 - HRTIM1 Clean up: some unused parameters were removed
2026-05-19 19:29:12,419 [INFO] UtilMem:75 - End SaveConfig() Used Memory: 546359344 Bytes (739246080)
2026-05-19 19:29:15,296 [WARN] Mcu:7025 - HRTIM1 Clean up: some unused parameters were removed
2026-05-19 19:29:15,300 [INFO] UtilMem:75 - End SaveConfig() Used Memory: 589693840 Bytes (739246080)
2026-05-19 19:29:15,552 [INFO] BlockDiagram:2775 - set Specific Code input for plugin: SYS
2026-05-19 19:29:15,552 [INFO] BlockDiagram:2775 - set Specific Code input for plugin: ADC
2026-05-19 19:29:15,553 [INFO] BlockDiagram:2775 - set Specific Code input for plugin: RCC
2026-05-19 19:29:15,553 [INFO] BlockDiagram:2775 - set Specific Code input for plugin: HRTIM
2026-05-19 19:29:15,553 [INFO] BlockDiagram:2775 - set Specific Code input for plugin: NVIC
2026-05-19 19:29:15,553 [INFO] BlockDiagram:2775 - set Specific Code input for plugin: GPIO
2026-05-19 19:29:15,555 [INFO] CodeGenerator:892 - code generatio: config db path: C:\ST\STM32CubeIDE_1.19.0\STM32CubeIDE\plugins\com.st.stm32cube.common.mx_6.15.0.202507011659\\db\
2026-05-19 19:29:15,872 [INFO] CodeEngine:265 - oldGeneratedFile, C:\Users\Александра\Documents\hrtim_test_pwm_1_signal\test_hrtim1\MXTmpFiles\license.tmp_save
2026-05-19 19:29:15,964 [INFO] CodeEngine:289 - Generated code: C:\Users\Александра\Documents\hrtim_test_pwm_1_signal\test_hrtim1\MXTmpFiles\license.tmp
2026-05-19 19:29:16,047 [INFO] CodeEngine:265 - oldGeneratedFile, C:\Users\Александра\Documents\hrtim_test_pwm_1_signal\test_hrtim1\MXTmpFiles\gpio.tmp_save
2026-05-19 19:29:16,179 [INFO] CodeEngine:289 - Generated code: C:\Users\Александра\Documents\hrtim_test_pwm_1_signal\test_hrtim1\MXTmpFiles\gpio.tmp
2026-05-19 19:29:17,176 [INFO] CodeEngine:265 - oldGeneratedFile, C:\Users\Александра\Documents\hrtim_test_pwm_1_signal\test_hrtim1\Core\Src\stm32g4xx_it.c_save
2026-05-19 19:29:17,289 [INFO] CodeEngine:289 - Generated code: C:\Users\Александра\Documents\hrtim_test_pwm_1_signal\test_hrtim1\Core\Src\stm32g4xx_it.c
2026-05-19 19:29:17,298 [INFO] CodeEngine:265 - oldGeneratedFile, C:\Users\Александра\Documents\hrtim_test_pwm_1_signal\test_hrtim1\Core\Inc\stm32g4xx_it.h_save
2026-05-19 19:29:17,371 [INFO] CodeEngine:289 - Generated code: C:\Users\Александра\Documents\hrtim_test_pwm_1_signal\test_hrtim1\Core\Inc\stm32g4xx_it.h
2026-05-19 19:29:17,390 [INFO] CodeEngine:265 - oldGeneratedFile, C:\Users\Александра\Documents\hrtim_test_pwm_1_signal\test_hrtim1\Core\Src\stm32g4xx_hal_msp.c_save
2026-05-19 19:29:17,497 [INFO] CodeEngine:289 - Generated code: C:\Users\Александра\Documents\hrtim_test_pwm_1_signal\test_hrtim1\Core\Src\stm32g4xx_hal_msp.c
2026-05-19 19:29:17,504 [INFO] CodeEngine:265 - oldGeneratedFile, C:\Users\Александра\Documents\hrtim_test_pwm_1_signal\test_hrtim1\MXTmpFiles\system.tmp_save
2026-05-19 19:29:17,564 [INFO] CodeEngine:289 - Generated code: C:\Users\Александра\Documents\hrtim_test_pwm_1_signal\test_hrtim1\MXTmpFiles\system.tmp
2026-05-19 19:29:17,578 [INFO] CodeEngine:321 - oldGeneratedFile, C:\Users\Александра\Documents\hrtim_test_pwm_1_signal\test_hrtim1\Core\Inc\stm32g4xx_hal_conf.h_save
2026-05-19 19:29:17,644 [INFO] CodeEngine:345 - Generated code: C:\Users\Александра\Documents\hrtim_test_pwm_1_signal\test_hrtim1\Core\Inc\stm32g4xx_hal_conf.h
2026-05-19 19:29:17,682 [WARN] IPConfigManager:3238 - Warning: the RefConfig RCC_CommonPeriphClockConfig is not available in your config.xml file
2026-05-19 19:29:17,696 [INFO] CodeEngine:265 - oldGeneratedFile, C:\Users\Александра\Documents\hrtim_test_pwm_1_signal\test_hrtim1\Core\Inc\main.h_save
2026-05-19 19:29:17,775 [INFO] CodeEngine:289 - Generated code: C:\Users\Александра\Documents\hrtim_test_pwm_1_signal\test_hrtim1\Core\Inc\main.h
2026-05-19 19:29:17,784 [INFO] CodeEngine:265 - oldGeneratedFile, C:\Users\Александра\Documents\hrtim_test_pwm_1_signal\test_hrtim1\Core\Src\main.c_save
2026-05-19 19:29:17,931 [INFO] CodeEngine:289 - Generated code: C:\Users\Александра\Documents\hrtim_test_pwm_1_signal\test_hrtim1\Core\Src\main.c
2026-05-19 19:29:18,296 [INFO] ProjectBuilder:3606 - Time for Copy HAL[1] : 168mS.
2026-05-19 19:29:18,301 [INFO] ProjectBuilder:5216 - Project Generator version: 4.7.0-B52
2026-05-19 19:29:18,414 [INFO] ConfigFileManager:1595 - The Die is : DIE469
2026-05-19 19:29:19,771 [INFO] ProjectBuilder:5496 - Time for Generating toolchain IDE Files: 1470mS.
2026-05-19 19:29:19,772 [INFO] ProjectBuilder:3463 - Time for Copy CMSIS : 1mS.
2026-05-19 19:29:19,778 [INFO] ProjectBuilder:3463 - Time for Copy CMSIS : 0mS.
2026-05-19 20:23:47,203 [INFO] NvicIntPanel:101 - NVIC parent = com.st.microxplorer.plugins.ip.nvic.MultiNvicIntPanel[,0,0,0x0,invalid,layout=javax.swing.BoxLayout,alignmentX=0.0,alignmentY=0.0,border=,flags=9,maximumSize=,minimumSize=,preferredSize=]
2026-05-19 20:23:57,135 [INFO] NvicIntPanel:101 - NVIC parent = com.st.microxplorer.plugins.ip.nvic.MultiNvicIntPanel[,0,0,0x0,invalid,layout=javax.swing.BoxLayout,alignmentX=0.0,alignmentY=0.0,border=,flags=9,maximumSize=,minimumSize=,preferredSize=]
2026-05-19 20:24:08,202 [INFO] NvicIntPanel:101 - NVIC parent = com.st.microxplorer.plugins.ip.nvic.MultiNvicIntPanel[,0,0,0x0,invalid,layout=javax.swing.BoxLayout,alignmentX=0.0,alignmentY=0.0,border=,flags=9,maximumSize=,minimumSize=,preferredSize=]
2026-05-19 20:25:55,443 [INFO] NvicIntPanel:101 - NVIC parent = com.st.microxplorer.plugins.ip.nvic.MultiNvicIntPanel[,0,0,0x0,invalid,layout=javax.swing.BoxLayout,alignmentX=0.0,alignmentY=0.0,border=,flags=9,maximumSize=,minimumSize=,preferredSize=]
2026-05-19 20:26:00,633 [INFO] NvicIntPanel:101 - NVIC parent = com.st.microxplorer.plugins.ip.nvic.MultiNvicIntPanel[,0,0,0x0,invalid,layout=javax.swing.BoxLayout,alignmentX=0.0,alignmentY=0.0,border=,flags=9,maximumSize=,minimumSize=,preferredSize=]
2026-05-19 20:26:15,505 [INFO] NvicIntPanel:101 - NVIC parent = com.st.microxplorer.plugins.ip.nvic.MultiNvicIntPanel[,0,0,0x0,invalid,layout=javax.swing.BoxLayout,alignmentX=0.0,alignmentY=0.0,border=,flags=9,maximumSize=,minimumSize=,preferredSize=]
2026-05-19 20:26:20,939 [INFO] NvicIntPanel:101 - NVIC parent = com.st.microxplorer.plugins.ip.nvic.MultiNvicIntPanel[,0,0,0x0,invalid,layout=javax.swing.BoxLayout,alignmentX=0.0,alignmentY=0.0,border=,flags=9,maximumSize=,minimumSize=,preferredSize=]
2026-05-19 20:27:27,555 [WARN] Mcu:7025 - HRTIM1 Clean up: some unused parameters were removed
2026-05-19 20:27:27,563 [INFO] UtilMem:75 - End SaveConfig() Used Memory: 378996192 Bytes (816840704)
2026-05-19 20:27:36,155 [WARN] Mcu:7025 - HRTIM1 Clean up: some unused parameters were removed
2026-05-19 20:27:36,160 [INFO] UtilMem:75 - End SaveConfig() Used Memory: 380403264 Bytes (816840704)
2026-05-19 20:27:44,303 [WARN] Mcu:7025 - HRTIM1 Clean up: some unused parameters were removed
2026-05-19 20:27:44,308 [INFO] UtilMem:75 - End SaveConfig() Used Memory: 556793856 Bytes (816840704)
2026-05-19 20:27:45,822 [INFO] BlockDiagram:2775 - set Specific Code input for plugin: SYS
2026-05-19 20:27:45,823 [INFO] BlockDiagram:2775 - set Specific Code input for plugin: ADC
2026-05-19 20:27:45,824 [INFO] BlockDiagram:2775 - set Specific Code input for plugin: RCC
2026-05-19 20:27:45,824 [INFO] BlockDiagram:2775 - set Specific Code input for plugin: HRTIM
2026-05-19 20:27:45,824 [INFO] BlockDiagram:2775 - set Specific Code input for plugin: NVIC
2026-05-19 20:27:45,825 [INFO] BlockDiagram:2775 - set Specific Code input for plugin: GPIO
2026-05-19 20:27:45,839 [INFO] CodeGenerator:892 - code generatio: config db path: C:\ST\STM32CubeIDE_1.19.0\STM32CubeIDE\plugins\com.st.stm32cube.common.mx_6.15.0.202507011659\\db\
2026-05-19 20:27:46,494 [INFO] CodeEngine:265 - oldGeneratedFile, C:\Users\Александра\Documents\hrtim_test_pwm_1_signal\test_hrtim1\MXTmpFiles\license.tmp_save
2026-05-19 20:27:47,257 [INFO] CodeEngine:289 - Generated code: C:\Users\Александра\Documents\hrtim_test_pwm_1_signal\test_hrtim1\MXTmpFiles\license.tmp
2026-05-19 20:27:47,493 [INFO] CodeEngine:265 - oldGeneratedFile, C:\Users\Александра\Documents\hrtim_test_pwm_1_signal\test_hrtim1\MXTmpFiles\gpio.tmp_save
2026-05-19 20:27:47,826 [INFO] CodeEngine:289 - Generated code: C:\Users\Александра\Documents\hrtim_test_pwm_1_signal\test_hrtim1\MXTmpFiles\gpio.tmp
2026-05-19 20:27:51,714 [INFO] CodeEngine:265 - oldGeneratedFile, C:\Users\Александра\Documents\hrtim_test_pwm_1_signal\test_hrtim1\Core\Src\stm32g4xx_it.c_save
2026-05-19 20:27:52,326 [INFO] CodeEngine:289 - Generated code: C:\Users\Александра\Documents\hrtim_test_pwm_1_signal\test_hrtim1\Core\Src\stm32g4xx_it.c
2026-05-19 20:27:52,346 [INFO] CodeEngine:265 - oldGeneratedFile, C:\Users\Александра\Documents\hrtim_test_pwm_1_signal\test_hrtim1\Core\Inc\stm32g4xx_it.h_save
2026-05-19 20:27:52,507 [INFO] CodeEngine:289 - Generated code: C:\Users\Александра\Documents\hrtim_test_pwm_1_signal\test_hrtim1\Core\Inc\stm32g4xx_it.h
2026-05-19 20:27:52,564 [INFO] CodeEngine:265 - oldGeneratedFile, C:\Users\Александра\Documents\hrtim_test_pwm_1_signal\test_hrtim1\Core\Src\stm32g4xx_hal_msp.c_save
2026-05-19 20:27:52,894 [INFO] CodeEngine:289 - Generated code: C:\Users\Александра\Documents\hrtim_test_pwm_1_signal\test_hrtim1\Core\Src\stm32g4xx_hal_msp.c
2026-05-19 20:27:52,912 [INFO] CodeEngine:265 - oldGeneratedFile, C:\Users\Александра\Documents\hrtim_test_pwm_1_signal\test_hrtim1\MXTmpFiles\system.tmp_save
2026-05-19 20:27:53,096 [INFO] CodeEngine:289 - Generated code: C:\Users\Александра\Documents\hrtim_test_pwm_1_signal\test_hrtim1\MXTmpFiles\system.tmp
2026-05-19 20:27:53,137 [INFO] CodeEngine:321 - oldGeneratedFile, C:\Users\Александра\Documents\hrtim_test_pwm_1_signal\test_hrtim1\Core\Inc\stm32g4xx_hal_conf.h_save
2026-05-19 20:27:53,330 [INFO] CodeEngine:345 - Generated code: C:\Users\Александра\Documents\hrtim_test_pwm_1_signal\test_hrtim1\Core\Inc\stm32g4xx_hal_conf.h
2026-05-19 20:27:53,374 [WARN] IPConfigManager:3238 - Warning: the RefConfig RCC_CommonPeriphClockConfig is not available in your config.xml file
2026-05-19 20:27:53,419 [INFO] CodeEngine:265 - oldGeneratedFile, C:\Users\Александра\Documents\hrtim_test_pwm_1_signal\test_hrtim1\Core\Inc\main.h_save
2026-05-19 20:27:53,700 [INFO] CodeEngine:289 - Generated code: C:\Users\Александра\Documents\hrtim_test_pwm_1_signal\test_hrtim1\Core\Inc\main.h
2026-05-19 20:27:53,725 [INFO] CodeEngine:265 - oldGeneratedFile, C:\Users\Александра\Documents\hrtim_test_pwm_1_signal\test_hrtim1\Core\Src\main.c_save
2026-05-19 20:27:54,102 [INFO] CodeEngine:289 - Generated code: C:\Users\Александра\Documents\hrtim_test_pwm_1_signal\test_hrtim1\Core\Src\main.c
2026-05-19 20:27:55,067 [INFO] ProjectBuilder:3606 - Time for Copy HAL[1] : 482mS.
2026-05-19 20:27:55,098 [INFO] ProjectBuilder:5216 - Project Generator version: 4.7.0-B52
2026-05-19 20:27:55,486 [INFO] ConfigFileManager:1595 - The Die is : DIE469
2026-05-19 20:28:00,404 [INFO] ProjectBuilder:5496 - Time for Generating toolchain IDE Files: 5307mS.
2026-05-19 20:28:00,406 [INFO] ProjectBuilder:3463 - Time for Copy CMSIS : 1mS.
2026-05-19 20:28:00,418 [INFO] ProjectBuilder:3463 - Time for Copy CMSIS : 0mS.
